solver,target,n_features,n_pu,blm,species,n_solutions,cost,time
gurobi,0.1,72,50625,0.1,"amegfi,amekes,amerob,annhum,baleag,barswa,brdowl,belkin1,bewwre,bnhcow,bkhgro,brebla,brncre,batpig1,bushti,cangoo,chbchi,cedwax,chispa,coohaw,comrav,amecro,dowwoo,eucdov,eursta,evegro,norfli,foxspa,gockin,haiwoo,houfin,houspa,houwre,hutvir,macwar,moudov,norhar1,orcwar,olsfly,osprey,pacwre1,pinsis,pilwoo,pasfly,purfin,purmar,rebnut,rebsap,redcro,rocpig,rethaw,rufhum,rewbla,savspa,sora,sonspa,spotow,stejay,swathr,towwar,treswa,daejun,yerwar,varthr,vigswa,warvir,whcspa,westan,wilsni1,wlswar,wooduc,yelwar",1,108163060.99999958,42.56099999999998
gurobi,0.2,72,50625,0.1,"amegfi,amekes,amerob,annhum,baleag,barswa,brdowl,belkin1,bewwre,bnhcow,bkhgro,brebla,brncre,batpig1,bushti,cangoo,chbchi,cedwax,chispa,coohaw,comrav,amecro,dowwoo,eucdov,eursta,evegro,norfli,foxspa,gockin,haiwoo,houfin,houspa,houwre,hutvir,macwar,moudov,norhar1,orcwar,olsfly,osprey,pacwre1,pinsis,pilwoo,pasfly,purfin,purmar,rebnut,rebsap,redcro,rocpig,rethaw,rufhum,rewbla,savspa,sora,sonspa,spotow,stejay,swathr,towwar,treswa,daejun,yerwar,varthr,vigswa,warvir,whcspa,westan,wilsni1,wlswar,wooduc,yelwar",1,469623202.99999976,69.882
gurobi,0.30000000000000004,72,50625,0.1,"amegfi,amekes,amerob,annhum,baleag,barswa,brdowl,belkin1,bewwre,bnhcow,bkhgro,brebla,brncre,batpig1,bushti,cangoo,chbchi,cedwax,chispa,coohaw,comrav,amecro,dowwoo,eucdov,eursta,evegro,norfli,foxspa,gockin,haiwoo,houfin,houspa,houwre,hutvir,macwar,moudov,norhar1,orcwar,olsfly,osprey,pacwre1,pinsis,pilwoo,pasfly,purfin,purmar,rebnut,rebsap,redcro,rocpig,rethaw,rufhum,rewbla,savspa,sora,sonspa,spotow,stejay,swathr,towwar,treswa,daejun,yerwar,varthr,vigswa,warvir,whcspa,westan,wilsni1,wlswar,wooduc,yelwar",1,1232590402.9999998,40.15300000000002
gurobi,0.4,72,50625,0.1,"amegfi,amekes,amerob,annhum,baleag,barswa,brdowl,belkin1,bewwre,bnhcow,bkhgro,brebla,brncre,batpig1,bushti,cangoo,chbchi,cedwax,chispa,coohaw,comrav,amecro,dowwoo,eucdov,eursta,evegro,norfli,foxspa,gockin,haiwoo,houfin,houspa,houwre,hutvir,macwar,moudov,norhar1,orcwar,olsfly,osprey,pacwre1,pinsis,pilwoo,pasfly,purfin,purmar,rebnut,rebsap,redcro,rocpig,rethaw,rufhum,rewbla,savspa,sora,sonspa,spotow,stejay,swathr,towwar,treswa,daejun,yerwar,varthr,vigswa,warvir,whcspa,westan,wilsni1,wlswar,wooduc,yelwar",1,2870175039.9999995,31.375999999999976
gurobi,0.5,72,50625,0.1,"amegfi,amekes,amerob,annhum,baleag,barswa,brdowl,belkin1,bewwre,bnhcow,bkhgro,brebla,brncre,batpig1,bushti,cangoo,chbchi,cedwax,chispa,coohaw,comrav,amecro,dowwoo,eucdov,eursta,evegro,norfli,foxspa,gockin,haiwoo,houfin,houspa,houwre,hutvir,macwar,moudov,norhar1,orcwar,olsfly,osprey,pacwre1,pinsis,pilwoo,pasfly,purfin,purmar,rebnut,rebsap,redcro,rocpig,rethaw,rufhum,rewbla,savspa,sora,sonspa,spotow,stejay,swathr,towwar,treswa,daejun,yerwar,varthr,vigswa,warvir,whcspa,westan,wilsni1,wlswar,wooduc,yelwar",1,5691003902.999999,31.364000000000033
gurobi,0.6,72,50625,0.1,"amegfi,amekes,amerob,annhum,baleag,barswa,brdowl,belkin1,bewwre,bnhcow,bkhgro,brebla,brncre,batpig1,bushti,cangoo,chbchi,cedwax,chispa,coohaw,comrav,amecro,dowwoo,eucdov,eursta,evegro,norfli,foxspa,gockin,haiwoo,houfin,houspa,houwre,hutvir,macwar,moudov,norhar1,orcwar,olsfly,osprey,pacwre1,pinsis,pilwoo,pasfly,purfin,purmar,rebnut,rebsap,redcro,rocpig,rethaw,rufhum,rewbla,savspa,sora,sonspa,spotow,stejay,swathr,towwar,treswa,daejun,yerwar,varthr,vigswa,warvir,whcspa,westan,wilsni1,wlswar,wooduc,yelwar",1,9814746873,30.555000000000064
gurobi,0.7000000000000001,72,50625,0.1,"amegfi,amekes,amerob,annhum,baleag,barswa,brdowl,belkin1,bewwre,bnhcow,bkhgro,brebla,brncre,batpig1,bushti,cangoo,chbchi,cedwax,chispa,coohaw,comrav,amecro,dowwoo,eucdov,eursta,evegro,norfli,foxspa,gockin,haiwoo,houfin,houspa,houwre,hutvir,macwar,moudov,norhar1,orcwar,olsfly,osprey,pacwre1,pinsis,pilwoo,pasfly,purfin,purmar,rebnut,rebsap,redcro,rocpig,rethaw,rufhum,rewbla,savspa,sora,sonspa,spotow,stejay,swathr,towwar,treswa,daejun,yerwar,varthr,vigswa,warvir,whcspa,westan,wilsni1,wlswar,wooduc,yelwar",1,15214188585,30.517999999999915
gurobi,0.8,72,50625,0.1,"amegfi,amekes,amerob,annhum,baleag,barswa,brdowl,belkin1,bewwre,bnhcow,bkhgro,brebla,brncre,batpig1,bushti,cangoo,chbchi,cedwax,chispa,coohaw,comrav,amecro,dowwoo,eucdov,eursta,evegro,norfli,foxspa,gockin,haiwoo,houfin,houspa,houwre,hutvir,macwar,moudov,norhar1,orcwar,olsfly,osprey,pacwre1,pinsis,pilwoo,pasfly,purfin,purmar,rebnut,rebsap,redcro,rocpig,rethaw,rufhum,rewbla,savspa,sora,sonspa,spotow,stejay,swathr,towwar,treswa,daejun,yerwar,varthr,vigswa,warvir,whcspa,westan,wilsni1,wlswar,wooduc,yelwar",1,21934953230,30.375
gurobi,0.9,72,50625,0.1,"amegfi,amekes,amerob,annhum,baleag,barswa,brdowl,belkin1,bewwre,bnhcow,bkhgro,brebla,brncre,batpig1,bushti,cangoo,chbchi,cedwax,chispa,coohaw,comrav,amecro,dowwoo,eucdov,eursta,evegro,norfli,foxspa,gockin,haiwoo,houfin,houspa,houwre,hutvir,macwar,moudov,norhar1,orcwar,olsfly,osprey,pacwre1,pinsis,pilwoo,pasfly,purfin,purmar,rebnut,rebsap,redcro,rocpig,rethaw,rufhum,rewbla,savspa,sora,sonspa,spotow,stejay,swathr,towwar,treswa,daejun,yerwar,varthr,vigswa,warvir,whcspa,westan,wilsni1,wlswar,wooduc,yelwar",1,30505316826,29.672000000000025
gurobi,0.1,72,50625,1,"amegfi,amekes,amerob,annhum,baleag,barswa,brdowl,belkin1,bewwre,bnhcow,bkhgro,brebla,brncre,batpig1,bushti,cangoo,chbchi,cedwax,chispa,coohaw,comrav,amecro,dowwoo,eucdov,eursta,evegro,norfli,foxspa,gockin,haiwoo,houfin,houspa,houwre,hutvir,macwar,moudov,norhar1,orcwar,olsfly,osprey,pacwre1,pinsis,pilwoo,pasfly,purfin,purmar,rebnut,rebsap,redcro,rocpig,rethaw,rufhum,rewbla,savspa,sora,sonspa,spotow,stejay,swathr,towwar,treswa,daejun,yerwar,varthr,vigswa,warvir,whcspa,westan,wilsni1,wlswar,wooduc,yelwar",1,108596804.99999738,32.811000000000035
gurobi,0.2,72,50625,1,"amegfi,amekes,amerob,annhum,baleag,barswa,brdowl,belkin1,bewwre,bnhcow,bkhgro,brebla,brncre,batpig1,bushti,cangoo,chbchi,cedwax,chispa,coohaw,comrav,amecro,dowwoo,eucdov,eursta,evegro,norfli,foxspa,gockin,haiwoo,houfin,houspa,houwre,hutvir,macwar,moudov,norhar1,orcwar,olsfly,osprey,pacwre1,pinsis,pilwoo,pasfly,purfin,purmar,rebnut,rebsap,redcro,rocpig,rethaw,rufhum,rewbla,savspa,sora,sonspa,spotow,stejay,swathr,towwar,treswa,daejun,yerwar,varthr,vigswa,warvir,whcspa,westan,wilsni1,wlswar,wooduc,yelwar",1,470360023.99998975,33.375
gurobi,0.30000000000000004,72,50625,1,"amegfi,amekes,amerob,annhum,baleag,barswa,brdowl,belkin1,bewwre,bnhcow,bkhgro,brebla,brncre,batpig1,bushti,cangoo,chbchi,cedwax,chispa,coohaw,comrav,amecro,dowwoo,eucdov,eursta,evegro,norfli,foxspa,gockin,haiwoo,houfin,houspa,houwre,hutvir,macwar,moudov,norhar1,orcwar,olsfly,osprey,pacwre1,pinsis,pilwoo,pasfly,purfin,purmar,rebnut,rebsap,redcro,rocpig,rethaw,rufhum,rewbla,savspa,sora,sonspa,spotow,stejay,swathr,towwar,treswa,daejun,yerwar,varthr,vigswa,warvir,whcspa,westan,wilsni1,wlswar,wooduc,yelwar",1,1233813551.9999952,35.144000000000005
gurobi,0.4,72,50625,1,"amegfi,amekes,amerob,annhum,baleag,barswa,brdowl,belkin1,bewwre,bnhcow,bkhgro,brebla,brncre,batpig1,bushti,cangoo,chbchi,cedwax,chispa,coohaw,comrav,amecro,dowwoo,eucdov,eursta,evegro,norfli,foxspa,gockin,haiwoo,houfin,houspa,houwre,hutvir,macwar,moudov,norhar1,orcwar,olsfly,osprey,pacwre1,pinsis,pilwoo,pasfly,purfin,purmar,rebnut,rebsap,redcro,rocpig,rethaw,rufhum,rewbla,savspa,sora,sonspa,spotow,stejay,swathr,towwar,treswa,daejun,yerwar,varthr,vigswa,warvir,whcspa,westan,wilsni1,wlswar,wooduc,yelwar",1,2871121024.999998,31.467999999999847
gurobi,0.5,72,50625,1,"amegfi,amekes,amerob,annhum,baleag,barswa,brdowl,belkin1,bewwre,bnhcow,bkhgro,brebla,brncre,batpig1,bushti,cangoo,chbchi,cedwax,chispa,coohaw,comrav,amecro,dowwoo,eucdov,eursta,evegro,norfli,foxspa,gockin,haiwoo,houfin,houspa,houwre,hutvir,macwar,moudov,norhar1,orcwar,olsfly,osprey,pacwre1,pinsis,pilwoo,pasfly,purfin,purmar,rebnut,rebsap,redcro,rocpig,rethaw,rufhum,rewbla,savspa,sora,sonspa,spotow,stejay,swathr,towwar,treswa,daejun,yerwar,varthr,vigswa,warvir,whcspa,westan,wilsni1,wlswar,wooduc,yelwar",1,5692962817.999998,31.70600000000013
gurobi,0.6,72,50625,1,"amegfi,amekes,amerob,annhum,baleag,barswa,brdowl,belkin1,bewwre,bnhcow,bkhgro,brebla,brncre,batpig1,bushti,cangoo,chbchi,cedwax,chispa,coohaw,comrav,amecro,dowwoo,eucdov,eursta,evegro,norfli,foxspa,gockin,haiwoo,houfin,houspa,houwre,hutvir,macwar,moudov,norhar1,orcwar,olsfly,osprey,pacwre1,pinsis,pilwoo,pasfly,purfin,purmar,rebnut,rebsap,redcro,rocpig,rethaw,rufhum,rewbla,savspa,sora,sonspa,spotow,stejay,swathr,towwar,treswa,daejun,yerwar,varthr,vigswa,warvir,whcspa,westan,wilsni1,wlswar,wooduc,yelwar",1,9815914274.999998,31.901999999999816
gurobi,0.7000000000000001,72,50625,1,"amegfi,amekes,amerob,annhum,baleag,barswa,brdowl,belkin1,bewwre,bnhcow,bkhgro,brebla,brncre,batpig1,bushti,cangoo,chbchi,cedwax,chispa,coohaw,comrav,amecro,dowwoo,eucdov,eursta,evegro,norfli,foxspa,gockin,haiwoo,houfin,houspa,houwre,hutvir,macwar,moudov,norhar1,orcwar,olsfly,osprey,pacwre1,pinsis,pilwoo,pasfly,purfin,purmar,rebnut,rebsap,redcro,rocpig,rethaw,rufhum,rewbla,savspa,sora,sonspa,spotow,stejay,swathr,towwar,treswa,daejun,yerwar,varthr,vigswa,warvir,whcspa,westan,wilsni1,wlswar,wooduc,yelwar",1,15213243224.999998,30.94399999999996
gurobi,0.8,72,50625,1,"amegfi,amekes,amerob,annhum,baleag,barswa,brdowl,belkin1,bewwre,bnhcow,bkhgro,brebla,brncre,batpig1,bushti,cangoo,chbchi,cedwax,chispa,coohaw,comrav,amecro,dowwoo,eucdov,eursta,evegro,norfli,foxspa,gockin,haiwoo,houfin,houspa,houwre,hutvir,macwar,moudov,norhar1,orcwar,olsfly,osprey,pacwre1,pinsis,pilwoo,pasfly,purfin,purmar,rebnut,rebsap,redcro,rocpig,rethaw,rufhum,rewbla,savspa,sora,sonspa,spotow,stejay,swathr,towwar,treswa,daejun,yerwar,varthr,vigswa,warvir,whcspa,westan,wilsni1,wlswar,wooduc,yelwar",1,21934524309.999996,30.958000000000084
gurobi,0.9,72,50625,1,"amegfi,amekes,amerob,annhum,baleag,barswa,brdowl,belkin1,bewwre,bnhcow,bkhgro,brebla,brncre,batpig1,bushti,cangoo,chbchi,cedwax,chispa,coohaw,comrav,amecro,dowwoo,eucdov,eursta,evegro,norfli,foxspa,gockin,haiwoo,houfin,houspa,houwre,hutvir,macwar,moudov,norhar1,orcwar,olsfly,osprey,pacwre1,pinsis,pilwoo,pasfly,purfin,purmar,rebnut,rebsap,redcro,rocpig,rethaw,rufhum,rewbla,savspa,sora,sonspa,spotow,stejay,swathr,towwar,treswa,daejun,yerwar,varthr,vigswa,warvir,whcspa,westan,wilsni1,wlswar,wooduc,yelwar",1,30505956140.999996,29.80600000000004
gurobi,0.1,72,50625,10,"amegfi,amekes,amerob,annhum,baleag,barswa,brdowl,belkin1,bewwre,bnhcow,bkhgro,brebla,brncre,batpig1,bushti,cangoo,chbchi,cedwax,chispa,coohaw,comrav,amecro,dowwoo,eucdov,eursta,evegro,norfli,foxspa,gockin,haiwoo,houfin,houspa,houwre,hutvir,macwar,moudov,norhar1,orcwar,olsfly,osprey,pacwre1,pinsis,pilwoo,pasfly,purfin,purmar,rebnut,rebsap,redcro,rocpig,rethaw,rufhum,rewbla,savspa,sora,sonspa,spotow,stejay,swathr,towwar,treswa,daejun,yerwar,varthr,vigswa,warvir,whcspa,westan,wilsni1,wlswar,wooduc,yelwar",1,112546837.99997665,36.238000000000056
gurobi,0.2,72,50625,10,"amegfi,amekes,amerob,annhum,baleag,barswa,brdowl,belkin1,bewwre,bnhcow,bkhgro,brebla,brncre,batpig1,bushti,cangoo,chbchi,cedwax,chispa,coohaw,comrav,amecro,dowwoo,eucdov,eursta,evegro,norfli,foxspa,gockin,haiwoo,houfin,houspa,houwre,hutvir,macwar,moudov,norhar1,orcwar,olsfly,osprey,pacwre1,pinsis,pilwoo,pasfly,purfin,purmar,rebnut,rebsap,redcro,rocpig,rethaw,rufhum,rewbla,savspa,sora,sonspa,spotow,stejay,swathr,towwar,treswa,daejun,yerwar,varthr,vigswa,warvir,whcspa,westan,wilsni1,wlswar,wooduc,yelwar",1,477633187.00002325,65.827
gurobi,0.30000000000000004,72,50625,10,"amegfi,amekes,amerob,annhum,baleag,barswa,brdowl,belkin1,bewwre,bnhcow,bkhgro,brebla,brncre,batpig1,bushti,cangoo,chbchi,cedwax,chispa,coohaw,comrav,amecro,dowwoo,eucdov,eursta,evegro,norfli,foxspa,gockin,haiwoo,houfin,houspa,houwre,hutvir,macwar,moudov,norhar1,orcwar,olsfly,osprey,pacwre1,pinsis,pilwoo,pasfly,purfin,purmar,rebnut,rebsap,redcro,rocpig,rethaw,rufhum,rewbla,savspa,sora,sonspa,spotow,stejay,swathr,towwar,treswa,daejun,yerwar,varthr,vigswa,warvir,whcspa,westan,wilsni1,wlswar,wooduc,yelwar",1,1242713889.9996529,45.18299999999999
gurobi,0.4,72,50625,10,"amegfi,amekes,amerob,annhum,baleag,barswa,brdowl,belkin1,bewwre,bnhcow,bkhgro,brebla,brncre,batpig1,bushti,cangoo,chbchi,cedwax,chispa,coohaw,comrav,amecro,dowwoo,eucdov,eursta,evegro,norfli,foxspa,gockin,haiwoo,houfin,houspa,houwre,hutvir,macwar,moudov,norhar1,orcwar,olsfly,osprey,pacwre1,pinsis,pilwoo,pasfly,purfin,purmar,rebnut,rebsap,redcro,rocpig,rethaw,rufhum,rewbla,savspa,sora,sonspa,spotow,stejay,swathr,towwar,treswa,daejun,yerwar,varthr,vigswa,warvir,whcspa,westan,wilsni1,wlswar,wooduc,yelwar",1,2882061757.000853,31.49499999999989
gurobi,0.5,72,50625,10,"amegfi,amekes,amerob,annhum,baleag,barswa,brdowl,belkin1,bewwre,bnhcow,bkhgro,brebla,brncre,batpig1,bushti,cangoo,chbchi,cedwax,chispa,coohaw,comrav,amecro,dowwoo,eucdov,eursta,evegro,norfli,foxspa,gockin,haiwoo,houfin,houspa,houwre,hutvir,macwar,moudov,norhar1,orcwar,olsfly,osprey,pacwre1,pinsis,pilwoo,pasfly,purfin,purmar,rebnut,rebsap,redcro,rocpig,rethaw,rufhum,rewbla,savspa,sora,sonspa,spotow,stejay,swathr,towwar,treswa,daejun,yerwar,varthr,vigswa,warvir,whcspa,westan,wilsni1,wlswar,wooduc,yelwar",1,5704422802.999717,32.62099999999987
gurobi,0.6,72,50625,10,"amegfi,amekes,amerob,annhum,baleag,barswa,brdowl,belkin1,bewwre,bnhcow,bkhgro,brebla,brncre,batpig1,bushti,cangoo,chbchi,cedwax,chispa,coohaw,comrav,amecro,dowwoo,eucdov,eursta,evegro,norfli,foxspa,gockin,haiwoo,houfin,houspa,houwre,hutvir,macwar,moudov,norhar1,orcwar,olsfly,osprey,pacwre1,pinsis,pilwoo,pasfly,purfin,purmar,rebnut,rebsap,redcro,rocpig,rethaw,rufhum,rewbla,savspa,sora,sonspa,spotow,stejay,swathr,towwar,treswa,daejun,yerwar,varthr,vigswa,warvir,whcspa,westan,wilsni1,wlswar,wooduc,yelwar",1,9827300965.999767,31.913999999999987
gurobi,0.7000000000000001,72,50625,10,"amegfi,amekes,amerob,annhum,baleag,barswa,brdowl,belkin1,bewwre,bnhcow,bkhgro,brebla,brncre,batpig1,bushti,cangoo,chbchi,cedwax,chispa,coohaw,comrav,amecro,dowwoo,eucdov,eursta,evegro,norfli,foxspa,gockin,haiwoo,houfin,houspa,houwre,hutvir,macwar,moudov,norhar1,orcwar,olsfly,osprey,pacwre1,pinsis,pilwoo,pasfly,purfin,purmar,rebnut,rebsap,redcro,rocpig,rethaw,rufhum,rewbla,savspa,sora,sonspa,spotow,stejay,swathr,towwar,treswa,daejun,yerwar,varthr,vigswa,warvir,whcspa,westan,wilsni1,wlswar,wooduc,yelwar",1,15223584251.999811,31.942000000000007
gurobi,0.8,72,50625,10,"amegfi,amekes,amerob,annhum,baleag,barswa,brdowl,belkin1,bewwre,bnhcow,bkhgro,brebla,brncre,batpig1,bushti,cangoo,chbchi,cedwax,chispa,coohaw,comrav,amecro,dowwoo,eucdov,eursta,evegro,norfli,foxspa,gockin,haiwoo,houfin,houspa,houwre,hutvir,macwar,moudov,norhar1,orcwar,olsfly,osprey,pacwre1,pinsis,pilwoo,pasfly,purfin,purmar,rebnut,rebsap,redcro,rocpig,rethaw,rufhum,rewbla,savspa,sora,sonspa,spotow,stejay,swathr,towwar,treswa,daejun,yerwar,varthr,vigswa,warvir,whcspa,westan,wilsni1,wlswar,wooduc,yelwar",1,21943274591.99984,31.590999999999894
gurobi,0.9,72,50625,10,"amegfi,amekes,amerob,annhum,baleag,barswa,brdowl,belkin1,bewwre,bnhcow,bkhgro,brebla,brncre,batpig1,bushti,cangoo,chbchi,cedwax,chispa,coohaw,comrav,amecro,dowwoo,eucdov,eursta,evegro,norfli,foxspa,gockin,haiwoo,houfin,houspa,houwre,hutvir,macwar,moudov,norhar1,orcwar,olsfly,osprey,pacwre1,pinsis,pilwoo,pasfly,purfin,purmar,rebnut,rebsap,redcro,rocpig,rethaw,rufhum,rewbla,savspa,sora,sonspa,spotow,stejay,swathr,towwar,treswa,daejun,yerwar,varthr,vigswa,warvir,whcspa,westan,wilsni1,wlswar,wooduc,yelwar",1,30506909934.999855,30.86200000000008
gurobi,0.1,72,50625,100,"amegfi,amekes,amerob,annhum,baleag,barswa,brdowl,belkin1,bewwre,bnhcow,bkhgro,brebla,brncre,batpig1,bushti,cangoo,chbchi,cedwax,chispa,coohaw,comrav,amecro,dowwoo,eucdov,eursta,evegro,norfli,foxspa,gockin,haiwoo,houfin,houspa,houwre,hutvir,macwar,moudov,norhar1,orcwar,olsfly,osprey,pacwre1,pinsis,pilwoo,pasfly,purfin,purmar,rebnut,rebsap,redcro,rocpig,rethaw,rufhum,rewbla,savspa,sora,sonspa,spotow,stejay,swathr,towwar,treswa,daejun,yerwar,varthr,vigswa,warvir,whcspa,westan,wilsni1,wlswar,wooduc,yelwar",1,141428844.99984145,57.16000000000008
gurobi,0.2,72,50625,100,"amegfi,amekes,amerob,annhum,baleag,barswa,brdowl,belkin1,bewwre,bnhcow,bkhgro,brebla,brncre,batpig1,bushti,cangoo,chbchi,cedwax,chispa,coohaw,comrav,amecro,dowwoo,eucdov,eursta,evegro,norfli,foxspa,gockin,haiwoo,houfin,houspa,houwre,hutvir,macwar,moudov,norhar1,orcwar,olsfly,osprey,pacwre1,pinsis,pilwoo,pasfly,purfin,purmar,rebnut,rebsap,redcro,rocpig,rethaw,rufhum,rewbla,savspa,sora,sonspa,spotow,stejay,swathr,towwar,treswa,daejun,yerwar,varthr,vigswa,warvir,whcspa,westan,wilsni1,wlswar,wooduc,yelwar",1,538520520.9998245,50.99499999999989
gurobi,0.30000000000000004,72,50625,100,"amegfi,amekes,amerob,annhum,baleag,barswa,brdowl,belkin1,bewwre,bnhcow,bkhgro,brebla,brncre,batpig1,bushti,cangoo,chbchi,cedwax,chispa,coohaw,comrav,amecro,dowwoo,eucdov,eursta,evegro,norfli,foxspa,gockin,haiwoo,houfin,houspa,houwre,hutvir,macwar,moudov,norhar1,orcwar,olsfly,osprey,pacwre1,pinsis,pilwoo,pasfly,purfin,purmar,rebnut,rebsap,redcro,rocpig,rethaw,rufhum,rewbla,savspa,sora,sonspa,spotow,stejay,swathr,towwar,treswa,daejun,yerwar,varthr,vigswa,warvir,whcspa,westan,wilsni1,wlswar,wooduc,yelwar",1,1326972780.9995456,43.0329999999999
gurobi,0.4,72,50625,100,"amegfi,amekes,amerob,annhum,baleag,barswa,brdowl,belkin1,bewwre,bnhcow,bkhgro,brebla,brncre,batpig1,bushti,cangoo,chbchi,cedwax,chispa,coohaw,comrav,amecro,dowwoo,eucdov,eursta,evegro,norfli,foxspa,gockin,haiwoo,houfin,houspa,houwre,hutvir,macwar,moudov,norhar1,orcwar,olsfly,osprey,pacwre1,pinsis,pilwoo,pasfly,purfin,purmar,rebnut,rebsap,redcro,rocpig,rethaw,rufhum,rewbla,savspa,sora,sonspa,spotow,stejay,swathr,towwar,treswa,daejun,yerwar,varthr,vigswa,warvir,whcspa,westan,wilsni1,wlswar,wooduc,yelwar",1,2979687406.9994984,39.103000000000065
gurobi,0.5,72,50625,100,"amegfi,amekes,amerob,annhum,baleag,barswa,brdowl,belkin1,bewwre,bnhcow,bkhgro,brebla,brncre,batpig1,bushti,cangoo,chbchi,cedwax,chispa,coohaw,comrav,amecro,dowwoo,eucdov,eursta,evegro,norfli,foxspa,gockin,haiwoo,houfin,houspa,houwre,hutvir,macwar,moudov,norhar1,orcwar,olsfly,osprey,pacwre1,pinsis,pilwoo,pasfly,purfin,purmar,rebnut,rebsap,redcro,rocpig,rethaw,rufhum,rewbla,savspa,sora,sonspa,spotow,stejay,swathr,towwar,treswa,daejun,yerwar,varthr,vigswa,warvir,whcspa,westan,wilsni1,wlswar,wooduc,yelwar",1,5808439512.99732,41.72400000000016
gurobi,0.6,72,50625,100,"amegfi,amekes,amerob,annhum,baleag,barswa,brdowl,belkin1,bewwre,bnhcow,bkhgro,brebla,brncre,batpig1,bushti,cangoo,chbchi,cedwax,chispa,coohaw,comrav,amecro,dowwoo,eucdov,eursta,evegro,norfli,foxspa,gockin,haiwoo,houfin,houspa,houwre,hutvir,macwar,moudov,norhar1,orcwar,olsfly,osprey,pacwre1,pinsis,pilwoo,pasfly,purfin,purmar,rebnut,rebsap,redcro,rocpig,rethaw,rufhum,rewbla,savspa,sora,sonspa,spotow,stejay,swathr,towwar,treswa,daejun,yerwar,varthr,vigswa,warvir,whcspa,westan,wilsni1,wlswar,wooduc,yelwar",1,9935715642.000235,43.141999999999825
gurobi,0.7000000000000001,72,50625,100,"amegfi,amekes,amerob,annhum,baleag,barswa,brdowl,belkin1,bewwre,bnhcow,bkhgro,brebla,brncre,batpig1,bushti,cangoo,chbchi,cedwax,chispa,coohaw,comrav,amecro,dowwoo,eucdov,eursta,evegro,norfli,foxspa,gockin,haiwoo,houfin,houspa,houwre,hutvir,macwar,moudov,norhar1,orcwar,olsfly,osprey,pacwre1,pinsis,pilwoo,pasfly,purfin,purmar,rebnut,rebsap,redcro,rocpig,rethaw,rufhum,rewbla,savspa,sora,sonspa,spotow,stejay,swathr,towwar,treswa,daejun,yerwar,varthr,vigswa,warvir,whcspa,westan,wilsni1,wlswar,wooduc,yelwar",1,15326396697.000164,39.904999999999745
gurobi,0.8,72,50625,100,"amegfi,amekes,amerob,annhum,baleag,barswa,brdowl,belkin1,bewwre,bnhcow,bkhgro,brebla,brncre,batpig1,bushti,cangoo,chbchi,cedwax,chispa,coohaw,comrav,amecro,dowwoo,eucdov,eursta,evegro,norfli,foxspa,gockin,haiwoo,houfin,houspa,houwre,hutvir,macwar,moudov,norhar1,orcwar,olsfly,osprey,pacwre1,pinsis,pilwoo,pasfly,purfin,purmar,rebnut,rebsap,redcro,rocpig,rethaw,rufhum,rewbla,savspa,sora,sonspa,spotow,stejay,swathr,towwar,treswa,daejun,yerwar,varthr,vigswa,warvir,whcspa,westan,wilsni1,wlswar,wooduc,yelwar",1,22030873951.011513,38.07999999999993
gurobi,0.9,72,50625,100,"amegfi,amekes,amerob,annhum,baleag,barswa,brdowl,belkin1,bewwre,bnhcow,bkhgro,brebla,brncre,batpig1,bushti,cangoo,chbchi,cedwax,chispa,coohaw,comrav,amecro,dowwoo,eucdov,eursta,evegro,norfli,foxspa,gockin,haiwoo,houfin,houspa,houwre,hutvir,macwar,moudov,norhar1,orcwar,olsfly,osprey,pacwre1,pinsis,pilwoo,pasfly,purfin,purmar,rebnut,rebsap,redcro,rocpig,rethaw,rufhum,rewbla,savspa,sora,sonspa,spotow,stejay,swathr,towwar,treswa,daejun,yerwar,varthr,vigswa,warvir,whcspa,westan,wilsni1,wlswar,wooduc,yelwar",1,30559712168.014587,37.35500000000002
gurobi,0.1,72,50625,1000,"amegfi,amekes,amerob,annhum,baleag,barswa,brdowl,belkin1,bewwre,bnhcow,bkhgro,brebla,brncre,batpig1,bushti,cangoo,chbchi,cedwax,chispa,coohaw,comrav,amecro,dowwoo,eucdov,eursta,evegro,norfli,foxspa,gockin,haiwoo,houfin,houspa,houwre,hutvir,macwar,moudov,norhar1,orcwar,olsfly,osprey,pacwre1,pinsis,pilwoo,pasfly,purfin,purmar,rebnut,rebsap,redcro,rocpig,rethaw,rufhum,rewbla,savspa,sora,sonspa,spotow,stejay,swathr,towwar,treswa,daejun,yerwar,varthr,vigswa,warvir,whcspa,westan,wilsni1,wlswar,wooduc,yelwar",1,295060882.99927866,141.71699999999964
gurobi,0.2,72,50625,1000,"amegfi,amekes,amerob,annhum,baleag,barswa,brdowl,belkin1,bewwre,bnhcow,bkhgro,brebla,brncre,batpig1,bushti,cangoo,chbchi,cedwax,chispa,coohaw,comrav,amecro,dowwoo,eucdov,eursta,evegro,norfli,foxspa,gockin,haiwoo,houfin,houspa,houwre,hutvir,macwar,moudov,norhar1,orcwar,olsfly,osprey,pacwre1,pinsis,pilwoo,pasfly,purfin,purmar,rebnut,rebsap,redcro,rocpig,rethaw,rufhum,rewbla,savspa,sora,sonspa,spotow,stejay,swathr,towwar,treswa,daejun,yerwar,varthr,vigswa,warvir,whcspa,westan,wilsni1,wlswar,wooduc,yelwar",1,905042813.9976636,78.94899999999961
gurobi,0.30000000000000004,72,50625,1000,"amegfi,amekes,amerob,annhum,baleag,barswa,brdowl,belkin1,bewwre,bnhcow,bkhgro,brebla,brncre,batpig1,bushti,cangoo,chbchi,cedwax,chispa,coohaw,comrav,amecro,dowwoo,eucdov,eursta,evegro,norfli,foxspa,gockin,haiwoo,houfin,houspa,houwre,hutvir,macwar,moudov,norhar1,orcwar,olsfly,osprey,pacwre1,pinsis,pilwoo,pasfly,purfin,purmar,rebnut,rebsap,redcro,rocpig,rethaw,rufhum,rewbla,savspa,sora,sonspa,spotow,stejay,swathr,towwar,treswa,daejun,yerwar,varthr,vigswa,warvir,whcspa,westan,wilsni1,wlswar,wooduc,yelwar",1,1873714986.9964015,40.27800000000025
gurobi,0.4,72,50625,1000,"amegfi,amekes,amerob,annhum,baleag,barswa,brdowl,belkin1,bewwre,bnhcow,bkhgro,brebla,brncre,batpig1,bushti,cangoo,chbchi,cedwax,chispa,coohaw,comrav,amecro,dowwoo,eucdov,eursta,evegro,norfli,foxspa,gockin,haiwoo,houfin,houspa,houwre,hutvir,macwar,moudov,norhar1,orcwar,olsfly,osprey,pacwre1,pinsis,pilwoo,pasfly,purfin,purmar,rebnut,rebsap,redcro,rocpig,rethaw,rufhum,rewbla,savspa,sora,sonspa,spotow,stejay,swathr,towwar,treswa,daejun,yerwar,varthr,vigswa,warvir,whcspa,westan,wilsni1,wlswar,wooduc,yelwar",1,3658429121.995967,60.789999999999964
gurobi,0.5,72,50625,1000,"amegfi,amekes,amerob,annhum,baleag,barswa,brdowl,belkin1,bewwre,bnhcow,bkhgro,brebla,brncre,batpig1,bushti,cangoo,chbchi,cedwax,chispa,coohaw,comrav,amecro,dowwoo,eucdov,eursta,evegro,norfli,foxspa,gockin,haiwoo,houfin,houspa,houwre,hutvir,macwar,moudov,norhar1,orcwar,olsfly,osprey,pacwre1,pinsis,pilwoo,pasfly,purfin,purmar,rebnut,rebsap,redcro,rocpig,rethaw,rufhum,rewbla,savspa,sora,sonspa,spotow,stejay,swathr,towwar,treswa,daejun,yerwar,varthr,vigswa,warvir,whcspa,westan,wilsni1,wlswar,wooduc,yelwar",1,6571714694.996287,41.36899999999969
gurobi,0.6,72,50625,1000,"amegfi,amekes,amerob,annhum,baleag,barswa,brdowl,belkin1,bewwre,bnhcow,bkhgro,brebla,brncre,batpig1,bushti,cangoo,chbchi,cedwax,chispa,coohaw,comrav,amecro,dowwoo,eucdov,eursta,evegro,norfli,foxspa,gockin,haiwoo,houfin,houspa,houwre,hutvir,macwar,moudov,norhar1,orcwar,olsfly,osprey,pacwre1,pinsis,pilwoo,pasfly,purfin,purmar,rebnut,rebsap,redcro,rocpig,rethaw,rufhum,rewbla,savspa,sora,sonspa,spotow,stejay,swathr,towwar,treswa,daejun,yerwar,varthr,vigswa,warvir,whcspa,westan,wilsni1,wlswar,wooduc,yelwar",1,10753811799.996407,39.345000000000255
gurobi,0.7000000000000001,72,50625,1000,"amegfi,amekes,amerob,annhum,baleag,barswa,brdowl,belkin1,bewwre,bnhcow,bkhgro,brebla,brncre,batpig1,bushti,cangoo,chbchi,cedwax,chispa,coohaw,comrav,amecro,dowwoo,eucdov,eursta,evegro,norfli,foxspa,gockin,haiwoo,houfin,houspa,houwre,hutvir,macwar,moudov,norhar1,orcwar,olsfly,osprey,pacwre1,pinsis,pilwoo,pasfly,purfin,purmar,rebnut,rebsap,redcro,rocpig,rethaw,rufhum,rewbla,savspa,sora,sonspa,spotow,stejay,swathr,towwar,treswa,daejun,yerwar,varthr,vigswa,warvir,whcspa,westan,wilsni1,wlswar,wooduc,yelwar",1,16126093661.996517,40.835000000000036
gurobi,0.8,72,50625,1000,"amegfi,amekes,amerob,annhum,baleag,barswa,brdowl,belkin1,bewwre,bnhcow,bkhgro,brebla,brncre,batpig1,bushti,cangoo,chbchi,cedwax,chispa,coohaw,comrav,amecro,dowwoo,eucdov,eursta,evegro,norfli,foxspa,gockin,haiwoo,houfin,houspa,houwre,hutvir,macwar,moudov,norhar1,orcwar,olsfly,osprey,pacwre1,pinsis,pilwoo,pasfly,purfin,purmar,rebnut,rebsap,redcro,rocpig,rethaw,rufhum,rewbla,savspa,sora,sonspa,spotow,stejay,swathr,towwar,treswa,daejun,yerwar,varthr,vigswa,warvir,whcspa,westan,wilsni1,wlswar,wooduc,yelwar",1,22728535890.99687,38.51599999999962
gurobi,0.9,72,50625,1000,"amegfi,amekes,amerob,annhum,baleag,barswa,brdowl,belkin1,bewwre,bnhcow,bkhgro,brebla,brncre,batpig1,bushti,cangoo,chbchi,cedwax,chispa,coohaw,comrav,amecro,dowwoo,eucdov,eursta,evegro,norfli,foxspa,gockin,haiwoo,houfin,houspa,houwre,hutvir,macwar,moudov,norhar1,orcwar,olsfly,osprey,pacwre1,pinsis,pilwoo,pasfly,purfin,purmar,rebnut,rebsap,redcro,rocpig,rethaw,rufhum,rewbla,savspa,sora,sonspa,spotow,stejay,swathr,towwar,treswa,daejun,yerwar,varthr,vigswa,warvir,whcspa,westan,wilsni1,wlswar,wooduc,yelwar",1,31065323954.99782,39.07499999999891
cbc,0.1,72,50625,0.1,"amegfi,amekes,amerob,annhum,baleag,barswa,brdowl,belkin1,bewwre,bnhcow,bkhgro,brebla,brncre,batpig1,bushti,cangoo,chbchi,cedwax,chispa,coohaw,comrav,amecro,dowwoo,eucdov,eursta,evegro,norfli,foxspa,gockin,haiwoo,houfin,houspa,houwre,hutvir,macwar,moudov,norhar1,orcwar,olsfly,osprey,pacwre1,pinsis,pilwoo,pasfly,purfin,purmar,rebnut,rebsap,redcro,rocpig,rethaw,rufhum,rewbla,savspa,sora,sonspa,spotow,stejay,swathr,towwar,treswa,daejun,yerwar,varthr,vigswa,warvir,whcspa,westan,wilsni1,wlswar,wooduc,yelwar",1,108188949.99999997,24.329000000000008
cbc,0.2,72,50625,0.1,"amegfi,amekes,amerob,annhum,baleag,barswa,brdowl,belkin1,bewwre,bnhcow,bkhgro,brebla,brncre,batpig1,bushti,cangoo,chbchi,cedwax,chispa,coohaw,comrav,amecro,dowwoo,eucdov,eursta,evegro,norfli,foxspa,gockin,haiwoo,houfin,houspa,houwre,hutvir,macwar,moudov,norhar1,orcwar,olsfly,osprey,pacwre1,pinsis,pilwoo,pasfly,purfin,purmar,rebnut,rebsap,redcro,rocpig,rethaw,rufhum,rewbla,savspa,sora,sonspa,spotow,stejay,swathr,towwar,treswa,daejun,yerwar,varthr,vigswa,warvir,whcspa,westan,wilsni1,wlswar,wooduc,yelwar",1,469817430.99999994,22.58200000000005
cbc,0.30000000000000004,72,50625,0.1,"amegfi,amekes,amerob,annhum,baleag,barswa,brdowl,belkin1,bewwre,bnhcow,bkhgro,brebla,brncre,batpig1,bushti,cangoo,chbchi,cedwax,chispa,coohaw,comrav,amecro,dowwoo,eucdov,eursta,evegro,norfli,foxspa,gockin,haiwoo,houfin,houspa,houwre,hutvir,macwar,moudov,norhar1,orcwar,olsfly,osprey,pacwre1,pinsis,pilwoo,pasfly,purfin,purmar,rebnut,rebsap,redcro,rocpig,rethaw,rufhum,rewbla,savspa,sora,sonspa,spotow,stejay,swathr,towwar,treswa,daejun,yerwar,varthr,vigswa,warvir,whcspa,westan,wilsni1,wlswar,wooduc,yelwar",1,1232818920.9999998,22.559000000000026
cbc,0.4,72,50625,0.1,"amegfi,amekes,amerob,annhum,baleag,barswa,brdowl,belkin1,bewwre,bnhcow,bkhgro,brebla,brncre,batpig1,bushti,cangoo,chbchi,cedwax,chispa,coohaw,comrav,amecro,dowwoo,eucdov,eursta,evegro,norfli,foxspa,gockin,haiwoo,houfin,houspa,houwre,hutvir,macwar,moudov,norhar1,orcwar,olsfly,osprey,pacwre1,pinsis,pilwoo,pasfly,purfin,purmar,rebnut,rebsap,redcro,rocpig,rethaw,rufhum,rewbla,savspa,sora,sonspa,spotow,stejay,swathr,towwar,treswa,daejun,yerwar,varthr,vigswa,warvir,whcspa,westan,wilsni1,wlswar,wooduc,yelwar",1,2870133034.9999995,21.855000000000018
cbc,0.5,72,50625,0.1,"amegfi,amekes,amerob,annhum,baleag,barswa,brdowl,belkin1,bewwre,bnhcow,bkhgro,brebla,brncre,batpig1,bushti,cangoo,chbchi,cedwax,chispa,coohaw,comrav,amecro,dowwoo,eucdov,eursta,evegro,norfli,foxspa,gockin,haiwoo,houfin,houspa,houwre,hutvir,macwar,moudov,norhar1,orcwar,olsfly,osprey,pacwre1,pinsis,pilwoo,pasfly,purfin,purmar,rebnut,rebsap,redcro,rocpig,rethaw,rufhum,rewbla,savspa,sora,sonspa,spotow,stejay,swathr,towwar,treswa,daejun,yerwar,varthr,vigswa,warvir,whcspa,westan,wilsni1,wlswar,wooduc,yelwar",1,5691830932.999999,21.654999999999973
cbc,0.6,72,50625,0.1,"amegfi,amekes,amerob,annhum,baleag,barswa,brdowl,belkin1,bewwre,bnhcow,bkhgro,brebla,brncre,batpig1,bushti,cangoo,chbchi,cedwax,chispa,coohaw,comrav,amecro,dowwoo,eucdov,eursta,evegro,norfli,foxspa,gockin,haiwoo,houfin,houspa,houwre,hutvir,macwar,moudov,norhar1,orcwar,olsfly,osprey,pacwre1,pinsis,pilwoo,pasfly,purfin,purmar,rebnut,rebsap,redcro,rocpig,rethaw,rufhum,rewbla,savspa,sora,sonspa,spotow,stejay,swathr,towwar,treswa,daejun,yerwar,varthr,vigswa,warvir,whcspa,westan,wilsni1,wlswar,wooduc,yelwar",1,9816799595,21.526000000000067
cbc,0.7000000000000001,72,50625,0.1,"amegfi,amekes,amerob,annhum,baleag,barswa,brdowl,belkin1,bewwre,bnhcow,bkhgro,brebla,brncre,batpig1,bushti,cangoo,chbchi,cedwax,chispa,coohaw,comrav,amecro,dowwoo,eucdov,eursta,evegro,norfli,foxspa,gockin,haiwoo,houfin,houspa,houwre,hutvir,macwar,moudov,norhar1,orcwar,olsfly,osprey,pacwre1,pinsis,pilwoo,pasfly,purfin,purmar,rebnut,rebsap,redcro,rocpig,rethaw,rufhum,rewbla,savspa,sora,sonspa,spotow,stejay,swathr,towwar,treswa,daejun,yerwar,varthr,vigswa,warvir,whcspa,westan,wilsni1,wlswar,wooduc,yelwar",1,15213409843,20.72499999999991
cbc,0.8,72,50625,0.1,"amegfi,amekes,amerob,annhum,baleag,barswa,brdowl,belkin1,bewwre,bnhcow,bkhgro,brebla,brncre,batpig1,bushti,cangoo,chbchi,cedwax,chispa,coohaw,comrav,amecro,dowwoo,eucdov,eursta,evegro,norfli,foxspa,gockin,haiwoo,houfin,houspa,houwre,hutvir,macwar,moudov,norhar1,orcwar,olsfly,osprey,pacwre1,pinsis,pilwoo,pasfly,purfin,purmar,rebnut,rebsap,redcro,rocpig,rethaw,rufhum,rewbla,savspa,sora,sonspa,spotow,stejay,swathr,towwar,treswa,daejun,yerwar,varthr,vigswa,warvir,whcspa,westan,wilsni1,wlswar,wooduc,yelwar",1,21931837989,20.726999999999975
cbc,0.9,72,50625,0.1,"amegfi,amekes,amerob,annhum,baleag,barswa,brdowl,belkin1,bewwre,bnhcow,bkhgro,brebla,brncre,batpig1,bushti,cangoo,chbchi,cedwax,chispa,coohaw,comrav,amecro,dowwoo,eucdov,eursta,evegro,norfli,foxspa,gockin,haiwoo,houfin,houspa,houwre,hutvir,macwar,moudov,norhar1,orcwar,olsfly,osprey,pacwre1,pinsis,pilwoo,pasfly,purfin,purmar,rebnut,rebsap,redcro,rocpig,rethaw,rufhum,rewbla,savspa,sora,sonspa,spotow,stejay,swathr,towwar,treswa,daejun,yerwar,varthr,vigswa,warvir,whcspa,westan,wilsni1,wlswar,wooduc,yelwar",1,30488480895,20.254999999999995
cbc,0.1,72,50625,1,"amegfi,amekes,amerob,annhum,baleag,barswa,brdowl,belkin1,bewwre,bnhcow,bkhgro,brebla,brncre,batpig1,bushti,cangoo,chbchi,cedwax,chispa,coohaw,comrav,amecro,dowwoo,eucdov,eursta,evegro,norfli,foxspa,gockin,haiwoo,houfin,houspa,houwre,hutvir,macwar,moudov,norhar1,orcwar,olsfly,osprey,pacwre1,pinsis,pilwoo,pasfly,purfin,purmar,rebnut,rebsap,redcro,rocpig,rethaw,rufhum,rewbla,savspa,sora,sonspa,spotow,stejay,swathr,towwar,treswa,daejun,yerwar,varthr,vigswa,warvir,whcspa,westan,wilsni1,wlswar,wooduc,yelwar",1,108653896.99999665,23.04499999999996
cbc,0.2,72,50625,1,"amegfi,amekes,amerob,annhum,baleag,barswa,brdowl,belkin1,bewwre,bnhcow,bkhgro,brebla,brncre,batpig1,bushti,cangoo,chbchi,cedwax,chispa,coohaw,comrav,amecro,dowwoo,eucdov,eursta,evegro,norfli,foxspa,gockin,haiwoo,houfin,houspa,houwre,hutvir,macwar,moudov,norhar1,orcwar,olsfly,osprey,pacwre1,pinsis,pilwoo,pasfly,purfin,purmar,rebnut,rebsap,redcro,rocpig,rethaw,rufhum,rewbla,savspa,sora,sonspa,spotow,stejay,swathr,towwar,treswa,daejun,yerwar,varthr,vigswa,warvir,whcspa,westan,wilsni1,wlswar,wooduc,yelwar",1,470473898.9999986,22.817999999999984
cbc,0.30000000000000004,72,50625,1,"amegfi,amekes,amerob,annhum,baleag,barswa,brdowl,belkin1,bewwre,bnhcow,bkhgro,brebla,brncre,batpig1,bushti,cangoo,chbchi,cedwax,chispa,coohaw,comrav,amecro,dowwoo,eucdov,eursta,evegro,norfli,foxspa,gockin,haiwoo,houfin,houspa,houwre,hutvir,macwar,moudov,norhar1,orcwar,olsfly,osprey,pacwre1,pinsis,pilwoo,pasfly,purfin,purmar,rebnut,rebsap,redcro,rocpig,rethaw,rufhum,rewbla,savspa,sora,sonspa,spotow,stejay,swathr,towwar,treswa,daejun,yerwar,varthr,vigswa,warvir,whcspa,westan,wilsni1,wlswar,wooduc,yelwar",1,1233864329.9999993,22.37799999999993
cbc,0.4,72,50625,1,"amegfi,amekes,amerob,annhum,baleag,barswa,brdowl,belkin1,bewwre,bnhcow,bkhgro,brebla,brncre,batpig1,bushti,cangoo,chbchi,cedwax,chispa,coohaw,comrav,amecro,dowwoo,eucdov,eursta,evegro,norfli,foxspa,gockin,haiwoo,houfin,houspa,houwre,hutvir,macwar,moudov,norhar1,orcwar,olsfly,osprey,pacwre1,pinsis,pilwoo,pasfly,purfin,purmar,rebnut,rebsap,redcro,rocpig,rethaw,rufhum,rewbla,savspa,sora,sonspa,spotow,stejay,swathr,towwar,treswa,daejun,yerwar,varthr,vigswa,warvir,whcspa,westan,wilsni1,wlswar,wooduc,yelwar",1,2871177218.999999,22.239000000000033
cbc,0.5,72,50625,1,"amegfi,amekes,amerob,annhum,baleag,barswa,brdowl,belkin1,bewwre,bnhcow,bkhgro,brebla,brncre,batpig1,bushti,cangoo,chbchi,cedwax,chispa,coohaw,comrav,amecro,dowwoo,eucdov,eursta,evegro,norfli,foxspa,gockin,haiwoo,houfin,houspa,houwre,hutvir,macwar,moudov,norhar1,orcwar,olsfly,osprey,pacwre1,pinsis,pilwoo,pasfly,purfin,purmar,rebnut,rebsap,redcro,rocpig,rethaw,rufhum,rewbla,savspa,sora,sonspa,spotow,stejay,swathr,towwar,treswa,daejun,yerwar,varthr,vigswa,warvir,whcspa,westan,wilsni1,wlswar,wooduc,yelwar",1,5691343630.999999,21.510999999999967
cbc,0.6,72,50625,1,"amegfi,amekes,amerob,annhum,baleag,barswa,brdowl,belkin1,bewwre,bnhcow,bkhgro,brebla,brncre,batpig1,bushti,cangoo,chbchi,cedwax,chispa,coohaw,comrav,amecro,dowwoo,eucdov,eursta,evegro,norfli,foxspa,gockin,haiwoo,houfin,houspa,houwre,hutvir,macwar,moudov,norhar1,orcwar,olsfly,osprey,pacwre1,pinsis,pilwoo,pasfly,purfin,purmar,rebnut,rebsap,redcro,rocpig,rethaw,rufhum,rewbla,savspa,sora,sonspa,spotow,stejay,swathr,towwar,treswa,daejun,yerwar,varthr,vigswa,warvir,whcspa,westan,wilsni1,wlswar,wooduc,yelwar",1,9816904749.999998,21.559999999999945
cbc,0.7000000000000001,72,50625,1,"amegfi,amekes,amerob,annhum,baleag,barswa,brdowl,belkin1,bewwre,bnhcow,bkhgro,brebla,brncre,batpig1,bushti,cangoo,chbchi,cedwax,chispa,coohaw,comrav,amecro,dowwoo,eucdov,eursta,evegro,norfli,foxspa,gockin,haiwoo,houfin,houspa,houwre,hutvir,macwar,moudov,norhar1,orcwar,olsfly,osprey,pacwre1,pinsis,pilwoo,pasfly,purfin,purmar,rebnut,rebsap,redcro,rocpig,rethaw,rufhum,rewbla,savspa,sora,sonspa,spotow,stejay,swathr,towwar,treswa,daejun,yerwar,varthr,vigswa,warvir,whcspa,westan,wilsni1,wlswar,wooduc,yelwar",1,15215394228.999998,20.77800000000002
cbc,0.8,72,50625,1,"amegfi,amekes,amerob,annhum,baleag,barswa,brdowl,belkin1,bewwre,bnhcow,bkhgro,brebla,brncre,batpig1,bushti,cangoo,chbchi,cedwax,chispa,coohaw,comrav,amecro,dowwoo,eucdov,eursta,evegro,norfli,foxspa,gockin,haiwoo,houfin,houspa,houwre,hutvir,macwar,moudov,norhar1,orcwar,olsfly,osprey,pacwre1,pinsis,pilwoo,pasfly,purfin,purmar,rebnut,rebsap,redcro,rocpig,rethaw,rufhum,rewbla,savspa,sora,sonspa,spotow,stejay,swathr,towwar,treswa,daejun,yerwar,varthr,vigswa,warvir,whcspa,westan,wilsni1,wlswar,wooduc,yelwar",1,21929392043.999996,20.896999999999935
cbc,0.9,72,50625,1,"amegfi,amekes,amerob,annhum,baleag,barswa,brdowl,belkin1,bewwre,bnhcow,bkhgro,brebla,brncre,batpig1,bushti,cangoo,chbchi,cedwax,chispa,coohaw,comrav,amecro,dowwoo,eucdov,eursta,evegro,norfli,foxspa,gockin,haiwoo,houfin,houspa,houwre,hutvir,macwar,moudov,norhar1,orcwar,olsfly,osprey,pacwre1,pinsis,pilwoo,pasfly,purfin,purmar,rebnut,rebsap,redcro,rocpig,rethaw,rufhum,rewbla,savspa,sora,sonspa,spotow,stejay,swathr,towwar,treswa,daejun,yerwar,varthr,vigswa,warvir,whcspa,westan,wilsni1,wlswar,wooduc,yelwar",1,30489100139.999996,20.026999999999816
cbc,0.1,72,50625,10,"amegfi,amekes,amerob,annhum,baleag,barswa,brdowl,belkin1,bewwre,bnhcow,bkhgro,brebla,brncre,batpig1,bushti,cangoo,chbchi,cedwax,chispa,coohaw,comrav,amecro,dowwoo,eucdov,eursta,evegro,norfli,foxspa,gockin,haiwoo,houfin,houspa,houwre,hutvir,macwar,moudov,norhar1,orcwar,olsfly,osprey,pacwre1,pinsis,pilwoo,pasfly,purfin,purmar,rebnut,rebsap,redcro,rocpig,rethaw,rufhum,rewbla,savspa,sora,sonspa,spotow,stejay,swathr,towwar,treswa,daejun,yerwar,varthr,vigswa,warvir,whcspa,westan,wilsni1,wlswar,wooduc,yelwar",1,112539556.00000894,50.43399999999997
cbc,0.2,72,50625,10,"amegfi,amekes,amerob,annhum,baleag,barswa,brdowl,belkin1,bewwre,bnhcow,bkhgro,brebla,brncre,batpig1,bushti,cangoo,chbchi,cedwax,chispa,coohaw,comrav,amecro,dowwoo,eucdov,eursta,evegro,norfli,foxspa,gockin,haiwoo,houfin,houspa,houwre,hutvir,macwar,moudov,norhar1,orcwar,olsfly,osprey,pacwre1,pinsis,pilwoo,pasfly,purfin,purmar,rebnut,rebsap,redcro,rocpig,rethaw,rufhum,rewbla,savspa,sora,sonspa,spotow,stejay,swathr,towwar,treswa,daejun,yerwar,varthr,vigswa,warvir,whcspa,westan,wilsni1,wlswar,wooduc,yelwar",1,477741105.0005275,23.929999999999836
cbc,0.30000000000000004,72,50625,10,"amegfi,amekes,amerob,annhum,baleag,barswa,brdowl,belkin1,bewwre,bnhcow,bkhgro,brebla,brncre,batpig1,bushti,cangoo,chbchi,cedwax,chispa,coohaw,comrav,amecro,dowwoo,eucdov,eursta,evegro,norfli,foxspa,gockin,haiwoo,houfin,houspa,houwre,hutvir,macwar,moudov,norhar1,orcwar,olsfly,osprey,pacwre1,pinsis,pilwoo,pasfly,purfin,purmar,rebnut,rebsap,redcro,rocpig,rethaw,rufhum,rewbla,savspa,sora,sonspa,spotow,stejay,swathr,towwar,treswa,daejun,yerwar,varthr,vigswa,warvir,whcspa,westan,wilsni1,wlswar,wooduc,yelwar",1,1243151936.9998841,23.05600000000004
cbc,0.4,72,50625,10,"amegfi,amekes,amerob,annhum,baleag,barswa,brdowl,belkin1,bewwre,bnhcow,bkhgro,brebla,brncre,batpig1,bushti,cangoo,chbchi,cedwax,chispa,coohaw,comrav,amecro,dowwoo,eucdov,eursta,evegro,norfli,foxspa,gockin,haiwoo,houfin,houspa,houwre,hutvir,macwar,moudov,norhar1,orcwar,olsfly,osprey,pacwre1,pinsis,pilwoo,pasfly,purfin,purmar,rebnut,rebsap,redcro,rocpig,rethaw,rufhum,rewbla,savspa,sora,sonspa,spotow,stejay,swathr,towwar,treswa,daejun,yerwar,varthr,vigswa,warvir,whcspa,westan,wilsni1,wlswar,wooduc,yelwar",1,2883148291.9999504,22.592999999999847
cbc,0.5,72,50625,10,"amegfi,amekes,amerob,annhum,baleag,barswa,brdowl,belkin1,bewwre,bnhcow,bkhgro,brebla,brncre,batpig1,bushti,cangoo,chbchi,cedwax,chispa,coohaw,comrav,amecro,dowwoo,eucdov,eursta,evegro,norfli,foxspa,gockin,haiwoo,houfin,houspa,houwre,hutvir,macwar,moudov,norhar1,orcwar,olsfly,osprey,pacwre1,pinsis,pilwoo,pasfly,purfin,purmar,rebnut,rebsap,redcro,rocpig,rethaw,rufhum,rewbla,savspa,sora,sonspa,spotow,stejay,swathr,towwar,treswa,daejun,yerwar,varthr,vigswa,warvir,whcspa,westan,wilsni1,wlswar,wooduc,yelwar",1,5702131963.999973,21.94399999999996
cbc,0.6,72,50625,10,"amegfi,amekes,amerob,annhum,baleag,barswa,brdowl,belkin1,bewwre,bnhcow,bkhgro,brebla,brncre,batpig1,bushti,cangoo,chbchi,cedwax,chispa,coohaw,comrav,amecro,dowwoo,eucdov,eursta,evegro,norfli,foxspa,gockin,haiwoo,houfin,houspa,houwre,hutvir,macwar,moudov,norhar1,orcwar,olsfly,osprey,pacwre1,pinsis,pilwoo,pasfly,purfin,purmar,rebnut,rebsap,redcro,rocpig,rethaw,rufhum,rewbla,savspa,sora,sonspa,spotow,stejay,swathr,towwar,treswa,daejun,yerwar,varthr,vigswa,warvir,whcspa,westan,wilsni1,wlswar,wooduc,yelwar",1,9827150606.99998,21.857999999999947
cbc,0.7000000000000001,72,50625,10,"amegfi,amekes,amerob,annhum,baleag,barswa,brdowl,belkin1,bewwre,bnhcow,bkhgro,brebla,brncre,batpig1,bushti,cangoo,chbchi,cedwax,chispa,coohaw,comrav,amecro,dowwoo,eucdov,eursta,evegro,norfli,foxspa,gockin,haiwoo,houfin,houspa,houwre,hutvir,macwar,moudov,norhar1,orcwar,olsfly,osprey,pacwre1,pinsis,pilwoo,pasfly,purfin,purmar,rebnut,rebsap,redcro,rocpig,rethaw,rufhum,rewbla,savspa,sora,sonspa,spotow,stejay,swathr,towwar,treswa,daejun,yerwar,varthr,vigswa,warvir,whcspa,westan,wilsni1,wlswar,wooduc,yelwar",1,15223779078.999985,20.94699999999989
cbc,0.8,72,50625,10,"amegfi,amekes,amerob,annhum,baleag,barswa,brdowl,belkin1,bewwre,bnhcow,bkhgro,brebla,brncre,batpig1,bushti,cangoo,chbchi,cedwax,chispa,coohaw,comrav,amecro,dowwoo,eucdov,eursta,evegro,norfli,foxspa,gockin,haiwoo,houfin,houspa,houwre,hutvir,macwar,moudov,norhar1,orcwar,olsfly,osprey,pacwre1,pinsis,pilwoo,pasfly,purfin,purmar,rebnut,rebsap,redcro,rocpig,rethaw,rufhum,rewbla,savspa,sora,sonspa,spotow,stejay,swathr,towwar,treswa,daejun,yerwar,varthr,vigswa,warvir,whcspa,westan,wilsni1,wlswar,wooduc,yelwar",1,21938090295.999985,20.298000000000002
cbc,0.9,72,50625,10,"amegfi,amekes,amerob,annhum,baleag,barswa,brdowl,belkin1,bewwre,bnhcow,bkhgro,brebla,brncre,batpig1,bushti,cangoo,chbchi,cedwax,chispa,coohaw,comrav,amecro,dowwoo,eucdov,eursta,evegro,norfli,foxspa,gockin,haiwoo,houfin,houspa,houwre,hutvir,macwar,moudov,norhar1,orcwar,olsfly,osprey,pacwre1,pinsis,pilwoo,pasfly,purfin,purmar,rebnut,rebsap,redcro,rocpig,rethaw,rufhum,rewbla,savspa,sora,sonspa,spotow,stejay,swathr,towwar,treswa,daejun,yerwar,varthr,vigswa,warvir,whcspa,westan,wilsni1,wlswar,wooduc,yelwar",1,30501067202.99999,20.15599999999995
cbc,0.1,72,50625,100,"amegfi,amekes,amerob,annhum,baleag,barswa,brdowl,belkin1,bewwre,bnhcow,bkhgro,brebla,brncre,batpig1,bushti,cangoo,chbchi,cedwax,chispa,coohaw,comrav,amecro,dowwoo,eucdov,eursta,evegro,norfli,foxspa,gockin,haiwoo,houfin,houspa,houwre,hutvir,macwar,moudov,norhar1,orcwar,olsfly,osprey,pacwre1,pinsis,pilwoo,pasfly,purfin,purmar,rebnut,rebsap,redcro,rocpig,rethaw,rufhum,rewbla,savspa,sora,sonspa,spotow,stejay,swathr,towwar,treswa,daejun,yerwar,varthr,vigswa,warvir,whcspa,westan,wilsni1,wlswar,wooduc,yelwar",1,141298239.99983692,170.54899999999998
cbc,0.2,72,50625,100,"amegfi,amekes,amerob,annhum,baleag,barswa,brdowl,belkin1,bewwre,bnhcow,bkhgro,brebla,brncre,batpig1,bushti,cangoo,chbchi,cedwax,chispa,coohaw,comrav,amecro,dowwoo,eucdov,eursta,evegro,norfli,foxspa,gockin,haiwoo,houfin,houspa,houwre,hutvir,macwar,moudov,norhar1,orcwar,olsfly,osprey,pacwre1,pinsis,pilwoo,pasfly,purfin,purmar,rebnut,rebsap,redcro,rocpig,rethaw,rufhum,rewbla,savspa,sora,sonspa,spotow,stejay,swathr,towwar,treswa,daejun,yerwar,varthr,vigswa,warvir,whcspa,westan,wilsni1,wlswar,wooduc,yelwar",1,538810934.9985774,135.79600000000028
cbc,0.30000000000000004,72,50625,100,"amegfi,amekes,amerob,annhum,baleag,barswa,brdowl,belkin1,bewwre,bnhcow,bkhgro,brebla,brncre,batpig1,bushti,cangoo,chbchi,cedwax,chispa,coohaw,comrav,amecro,dowwoo,eucdov,eursta,evegro,norfli,foxspa,gockin,haiwoo,houfin,houspa,houwre,hutvir,macwar,moudov,norhar1,orcwar,olsfly,osprey,pacwre1,pinsis,pilwoo,pasfly,purfin,purmar,rebnut,rebsap,redcro,rocpig,rethaw,rufhum,rewbla,savspa,sora,sonspa,spotow,stejay,swathr,towwar,treswa,daejun,yerwar,varthr,vigswa,warvir,whcspa,westan,wilsni1,wlswar,wooduc,yelwar",1,1326956668.9998112,34.41200000000026
cbc,0.4,72,50625,100,"amegfi,amekes,amerob,annhum,baleag,barswa,brdowl,belkin1,bewwre,bnhcow,bkhgro,brebla,brncre,batpig1,bushti,cangoo,chbchi,cedwax,chispa,coohaw,comrav,amecro,dowwoo,eucdov,eursta,evegro,norfli,foxspa,gockin,haiwoo,houfin,houspa,houwre,hutvir,macwar,moudov,norhar1,orcwar,olsfly,osprey,pacwre1,pinsis,pilwoo,pasfly,purfin,purmar,rebnut,rebsap,redcro,rocpig,rethaw,rufhum,rewbla,savspa,sora,sonspa,spotow,stejay,swathr,towwar,treswa,daejun,yerwar,varthr,vigswa,warvir,whcspa,westan,wilsni1,wlswar,wooduc,yelwar",1,2980390814.0071025,27.03099999999995
cbc,0.5,72,50625,100,"amegfi,amekes,amerob,annhum,baleag,barswa,brdowl,belkin1,bewwre,bnhcow,bkhgro,brebla,brncre,batpig1,bushti,cangoo,chbchi,cedwax,chispa,coohaw,comrav,amecro,dowwoo,eucdov,eursta,evegro,norfli,foxspa,gockin,haiwoo,houfin,houspa,houwre,hutvir,macwar,moudov,norhar1,orcwar,olsfly,osprey,pacwre1,pinsis,pilwoo,pasfly,purfin,purmar,rebnut,rebsap,redcro,rocpig,rethaw,rufhum,rewbla,savspa,sora,sonspa,spotow,stejay,swathr,towwar,treswa,daejun,yerwar,varthr,vigswa,warvir,whcspa,westan,wilsni1,wlswar,wooduc,yelwar",1,5807718593.997662,26.820999999999913
cbc,0.6,72,50625,100,"amegfi,amekes,amerob,annhum,baleag,barswa,brdowl,belkin1,bewwre,bnhcow,bkhgro,brebla,brncre,batpig1,bushti,cangoo,chbchi,cedwax,chispa,coohaw,comrav,amecro,dowwoo,eucdov,eursta,evegro,norfli,foxspa,gockin,haiwoo,houfin,houspa,houwre,hutvir,macwar,moudov,norhar1,orcwar,olsfly,osprey,pacwre1,pinsis,pilwoo,pasfly,purfin,purmar,rebnut,rebsap,redcro,rocpig,rethaw,rufhum,rewbla,savspa,sora,sonspa,spotow,stejay,swathr,towwar,treswa,daejun,yerwar,varthr,vigswa,warvir,whcspa,westan,wilsni1,wlswar,wooduc,yelwar",1,9935985265.99814,25.70600000000013
cbc,0.7000000000000001,72,50625,100,"amegfi,amekes,amerob,annhum,baleag,barswa,brdowl,belkin1,bewwre,bnhcow,bkhgro,brebla,brncre,batpig1,bushti,cangoo,chbchi,cedwax,chispa,coohaw,comrav,amecro,dowwoo,eucdov,eursta,evegro,norfli,foxspa,gockin,haiwoo,houfin,houspa,houwre,hutvir,macwar,moudov,norhar1,orcwar,olsfly,osprey,pacwre1,pinsis,pilwoo,pasfly,purfin,purmar,rebnut,rebsap,redcro,rocpig,rethaw,rufhum,rewbla,savspa,sora,sonspa,spotow,stejay,swathr,towwar,treswa,daejun,yerwar,varthr,vigswa,warvir,whcspa,westan,wilsni1,wlswar,wooduc,yelwar",1,15328238174.998486,20.98700000000008
cbc,0.8,72,50625,100,"amegfi,amekes,amerob,annhum,baleag,barswa,brdowl,belkin1,bewwre,bnhcow,bkhgro,brebla,brncre,batpig1,bushti,cangoo,chbchi,cedwax,chispa,coohaw,comrav,amecro,dowwoo,eucdov,eursta,evegro,norfli,foxspa,gockin,haiwoo,houfin,houspa,houwre,hutvir,macwar,moudov,norhar1,orcwar,olsfly,osprey,pacwre1,pinsis,pilwoo,pasfly,purfin,purmar,rebnut,rebsap,redcro,rocpig,rethaw,rufhum,rewbla,savspa,sora,sonspa,spotow,stejay,swathr,towwar,treswa,daejun,yerwar,varthr,vigswa,warvir,whcspa,westan,wilsni1,wlswar,wooduc,yelwar",1,22027692007.998676,19.664000000000215
cbc,0.9,72,50625,100,"amegfi,amekes,amerob,annhum,baleag,barswa,brdowl,belkin1,bewwre,bnhcow,bkhgro,brebla,brncre,batpig1,bushti,cangoo,chbchi,cedwax,chispa,coohaw,comrav,amecro,dowwoo,eucdov,eursta,evegro,norfli,foxspa,gockin,haiwoo,houfin,houspa,houwre,hutvir,macwar,moudov,norhar1,orcwar,olsfly,osprey,pacwre1,pinsis,pilwoo,pasfly,purfin,purmar,rebnut,rebsap,redcro,rocpig,rethaw,rufhum,rewbla,savspa,sora,sonspa,spotow,stejay,swathr,towwar,treswa,daejun,yerwar,varthr,vigswa,warvir,whcspa,westan,wilsni1,wlswar,wooduc,yelwar",1,30559204751.998817,17.89800000000014
cbc,0.1,72,50625,1000,"amegfi,amekes,amerob,annhum,baleag,barswa,brdowl,belkin1,bewwre,bnhcow,bkhgro,brebla,brncre,batpig1,bushti,cangoo,chbchi,cedwax,chispa,coohaw,comrav,amecro,dowwoo,eucdov,eursta,evegro,norfli,foxspa,gockin,haiwoo,houfin,houspa,houwre,hutvir,macwar,moudov,norhar1,orcwar,olsfly,osprey,pacwre1,pinsis,pilwoo,pasfly,purfin,purmar,rebnut,rebsap,redcro,rocpig,rethaw,rufhum,rewbla,savspa,sora,sonspa,spotow,stejay,swathr,towwar,treswa,daejun,yerwar,varthr,vigswa,warvir,whcspa,westan,wilsni1,wlswar,wooduc,yelwar",1,295005995.9990951,967.1190000000001
cbc,0.2,72,50625,1000,"amegfi,amekes,amerob,annhum,baleag,barswa,brdowl,belkin1,bewwre,bnhcow,bkhgro,brebla,brncre,batpig1,bushti,cangoo,chbchi,cedwax,chispa,coohaw,comrav,amecro,dowwoo,eucdov,eursta,evegro,norfli,foxspa,gockin,haiwoo,houfin,houspa,houwre,hutvir,macwar,moudov,norhar1,orcwar,olsfly,osprey,pacwre1,pinsis,pilwoo,pasfly,purfin,purmar,rebnut,rebsap,redcro,rocpig,rethaw,rufhum,rewbla,savspa,sora,sonspa,spotow,stejay,swathr,towwar,treswa,daejun,yerwar,varthr,vigswa,warvir,whcspa,westan,wilsni1,wlswar,wooduc,yelwar",1,910112060.9981407,1213.7110000000002
cbc,0.30000000000000004,72,50625,1000,"amegfi,amekes,amerob,annhum,baleag,barswa,brdowl,belkin1,bewwre,bnhcow,bkhgro,brebla,brncre,batpig1,bushti,cangoo,chbchi,cedwax,chispa,coohaw,comrav,amecro,dowwoo,eucdov,eursta,evegro,norfli,foxspa,gockin,haiwoo,houfin,houspa,houwre,hutvir,macwar,moudov,norhar1,orcwar,olsfly,osprey,pacwre1,pinsis,pilwoo,pasfly,purfin,purmar,rebnut,rebsap,redcro,rocpig,rethaw,rufhum,rewbla,savspa,sora,sonspa,spotow,stejay,swathr,towwar,treswa,daejun,yerwar,varthr,vigswa,warvir,whcspa,westan,wilsni1,wlswar,wooduc,yelwar",1,1873275726.997572,1253.955
cbc,0.4,72,50625,1000,"amegfi,amekes,amerob,annhum,baleag,barswa,brdowl,belkin1,bewwre,bnhcow,bkhgro,brebla,brncre,batpig1,bushti,cangoo,chbchi,cedwax,chispa,coohaw,comrav,amecro,dowwoo,eucdov,eursta,evegro,norfli,foxspa,gockin,haiwoo,houfin,houspa,houwre,hutvir,macwar,moudov,norhar1,orcwar,olsfly,osprey,pacwre1,pinsis,pilwoo,pasfly,purfin,purmar,rebnut,rebsap,redcro,rocpig,rethaw,rufhum,rewbla,savspa,sora,sonspa,spotow,stejay,swathr,towwar,treswa,daejun,yerwar,varthr,vigswa,warvir,whcspa,westan,wilsni1,wlswar,wooduc,yelwar",1,3660294782.996977,496.2020000000002
cbc,0.5,72,50625,1000,"amegfi,amekes,amerob,annhum,baleag,barswa,brdowl,belkin1,bewwre,bnhcow,bkhgro,brebla,brncre,batpig1,bushti,cangoo,chbchi,cedwax,chispa,coohaw,comrav,amecro,dowwoo,eucdov,eursta,evegro,norfli,foxspa,gockin,haiwoo,houfin,houspa,houwre,hutvir,macwar,moudov,norhar1,orcwar,olsfly,osprey,pacwre1,pinsis,pilwoo,pasfly,purfin,purmar,rebnut,rebsap,redcro,rocpig,rethaw,rufhum,rewbla,savspa,sora,sonspa,spotow,stejay,swathr,towwar,treswa,daejun,yerwar,varthr,vigswa,warvir,whcspa,westan,wilsni1,wlswar,wooduc,yelwar",1,6574471271.99926,377.1369999999997
cbc,0.6,72,50625,1000,"amegfi,amekes,amerob,annhum,baleag,barswa,brdowl,belkin1,bewwre,bnhcow,bkhgro,brebla,brncre,batpig1,bushti,cangoo,chbchi,cedwax,chispa,coohaw,comrav,amecro,dowwoo,eucdov,eursta,evegro,norfli,foxspa,gockin,haiwoo,houfin,houspa,houwre,hutvir,macwar,moudov,norhar1,orcwar,olsfly,osprey,pacwre1,pinsis,pilwoo,pasfly,purfin,purmar,rebnut,rebsap,redcro,rocpig,rethaw,rufhum,rewbla,savspa,sora,sonspa,spotow,stejay,swathr,towwar,treswa,daejun,yerwar,varthr,vigswa,warvir,whcspa,westan,wilsni1,wlswar,wooduc,yelwar",1,10760477821.041298,193.6869999999999
cbc,0.7000000000000001,72,50625,1000,"amegfi,amekes,amerob,annhum,baleag,barswa,brdowl,belkin1,bewwre,bnhcow,bkhgro,brebla,brncre,batpig1,bushti,cangoo,chbchi,cedwax,chispa,coohaw,comrav,amecro,dowwoo,eucdov,eursta,evegro,norfli,foxspa,gockin,haiwoo,houfin,houspa,houwre,hutvir,macwar,moudov,norhar1,orcwar,olsfly,osprey,pacwre1,pinsis,pilwoo,pasfly,purfin,purmar,rebnut,rebsap,redcro,rocpig,rethaw,rufhum,rewbla,savspa,sora,sonspa,spotow,stejay,swathr,towwar,treswa,daejun,yerwar,varthr,vigswa,warvir,whcspa,westan,wilsni1,wlswar,wooduc,yelwar",1,16138917795.086487,162.77099999999973
cbc,0.8,72,50625,1000,"amegfi,amekes,amerob,annhum,baleag,barswa,brdowl,belkin1,bewwre,bnhcow,bkhgro,brebla,brncre,batpig1,bushti,cangoo,chbchi,cedwax,chispa,coohaw,comrav,amecro,dowwoo,eucdov,eursta,evegro,norfli,foxspa,gockin,haiwoo,houfin,houspa,houwre,hutvir,macwar,moudov,norhar1,orcwar,olsfly,osprey,pacwre1,pinsis,pilwoo,pasfly,purfin,purmar,rebnut,rebsap,redcro,rocpig,rethaw,rufhum,rewbla,savspa,sora,sonspa,spotow,stejay,swathr,towwar,treswa,daejun,yerwar,varthr,vigswa,warvir,whcspa,westan,wilsni1,wlswar,wooduc,yelwar",1,22747744036.068783,134.23799999999937
cbc,0.9,72,50625,1000,"amegfi,amekes,amerob,annhum,baleag,barswa,brdowl,belkin1,bewwre,bnhcow,bkhgro,brebla,brncre,batpig1,bushti,cangoo,chbchi,cedwax,chispa,coohaw,comrav,amecro,dowwoo,eucdov,eursta,evegro,norfli,foxspa,gockin,haiwoo,houfin,houspa,houwre,hutvir,macwar,moudov,norhar1,orcwar,olsfly,osprey,pacwre1,pinsis,pilwoo,pasfly,purfin,purmar,rebnut,rebsap,redcro,rocpig,rethaw,rufhum,rewbla,savspa,sora,sonspa,spotow,stejay,swathr,towwar,treswa,daejun,yerwar,varthr,vigswa,warvir,whcspa,westan,wilsni1,wlswar,wooduc,yelwar",1,31062270201.99112,74.21299999999974
