run_id,solver,target,n_features,n_pu,species,n_solutions,cost,time
1,gurobi,0.1,10,9282,"annhum,batpig1,coohaw,norfli,pacwre1,pilwoo,treswa,yerwar,wilsni1,wlswar",1,6795973,0.339999999999975
2,gurobi,0.2,10,9282,"bnhcow,amecro,norfli,houspa,norhar1,olsfly,rebnut,rewbla,yerwar,westan",1,20600661,0.34000000000003183
3,gurobi,0.30000000000000004,10,9282,"belkin1,bewwre,cedwax,chispa,coohaw,eucdov,purmar,rocpig,spotow,swathr",1,35301065,0.34000000000003183
4,gurobi,0.4,10,9282,"bkhgro,batpig1,dowwoo,eursta,evegro,macwar,purmar,rocpig,sora,wooduc",1,93818158,0.339999999999975
5,gurobi,0.5,10,9282,"belkin1,bewwre,batpig1,chbchi,cedwax,eucdov,norfli,gockin,purmar,stejay",1,92682869,0.37000000000000455
6,gurobi,0.6,10,9282,"brdowl,bewwre,chispa,eursta,foxspa,pasfly,purfin,rethaw,westan,wlswar",1,241856996,0.37000000000000455
7,gurobi,0.7000000000000001,10,9282,"amerob,bkhgro,brncre,foxspa,houspa,orcwar,pasfly,purmar,rethaw,whcspa",1,1056280446,0.37999999999999545
8,gurobi,0.8,10,9282,"amekes,amecro,foxspa,houspa,moudov,norhar1,rebnut,rocpig,sora,wlswar",1,1923535483,0.3299999999999841
9,gurobi,0.9,10,9282,"belkin1,cangoo,chbchi,eursta,evegro,houfin,norhar1,purfin,purmar,rocpig",1,2773689822,0.2999999999999545
10,gurobi,0.1,26,9282,"amerob,annhum,belkin1,bewwre,bnhcow,brebla,brncre,bushti,chbchi,comrav,eursta,norfli,foxspa,gockin,haiwoo,houwre,osprey,rethaw,rufhum,stejay,treswa,daejun,vigswa,wilsni1,wlswar,wooduc",1,6491631,0.8100000000000023
11,gurobi,0.2,26,9282,"amerob,bushti,cangoo,chbchi,cedwax,chispa,coohaw,comrav,amecro,eucdov,norfli,foxspa,gockin,haiwoo,houspa,norhar1,purfin,rebsap,rewbla,sora,stejay,swathr,vigswa,westan,wlswar,yelwar",1,20506273,0.9099999999999682
12,gurobi,0.30000000000000004,26,9282,"amerob,annhum,baleag,barswa,belkin1,bewwre,brebla,batpig1,cangoo,comrav,dowwoo,eucdov,eursta,norfli,houfin,hutvir,olsfly,purfin,rebnut,rocpig,rewbla,sora,sonspa,whcspa,wooduc,yelwar",1,65241405,0.839999999999975
13,gurobi,0.4,26,9282,"amegfi,belkin1,bewwre,bkhgro,brebla,brncre,cedwax,eucdov,norfli,gockin,haiwoo,houfin,houwre,macwar,olsfly,pacwre1,pilwoo,pasfly,rebnut,rebsap,savspa,sonspa,towwar,yerwar,wlswar,wooduc",1,101830206,0.8700000000000045
14,gurobi,0.5,26,9282,"amerob,barswa,belkin1,brncre,batpig1,chbchi,cedwax,eucdov,gockin,houfin,houwre,macwar,pinsis,purmar,rebsap,rocpig,rethaw,spotow,stejay,treswa,daejun,yerwar,vigswa,warvir,whcspa,yelwar",1,238627311,0.8999999999999773
15,gurobi,0.6,26,9282,"amegfi,amekes,annhum,barswa,cedwax,dowwoo,eursta,evegro,houfin,hutvir,moudov,pinsis,purfin,rebnut,rocpig,rethaw,rewbla,savspa,sonspa,spotow,daejun,warvir,whcspa,westan,wooduc,yelwar",1,545679295,0.9499999999999886
16,gurobi,0.7000000000000001,26,9282,"amegfi,amekes,barswa,bkhgro,brncre,cangoo,cedwax,comrav,eucdov,eursta,houfin,hutvir,moudov,orcwar,purfin,purmar,rebsap,rocpig,rewbla,swathr,towwar,treswa,daejun,wilsni1,wlswar,wooduc",1,972879061,0.8599999999999568
17,gurobi,0.8,26,9282,"amerob,barswa,bewwre,bnhcow,bushti,cedwax,chispa,gockin,houspa,houwre,macwar,osprey,pinsis,pilwoo,purmar,rewbla,savspa,spotow,stejay,treswa,yerwar,varthr,vigswa,westan,wilsni1,wooduc",1,1841245610,0.8100000000000023
18,gurobi,0.9,26,9282,"amekes,bewwre,chispa,coohaw,comrav,dowwoo,eucdov,evegro,haiwoo,houfin,houspa,pacwre1,pilwoo,purfin,purmar,rebnut,redcro,rocpig,rufhum,sora,sonspa,yerwar,varthr,whcspa,wilsni1,wlswar",1,3043940507,0.7900000000000205
19,gurobi,0.1,41,9282,"amegfi,amerob,annhum,brdowl,belkin1,bewwre,brncre,batpig1,bushti,cedwax,coohaw,dowwoo,eucdov,eursta,evegro,haiwoo,houspa,houwre,moudov,olsfly,osprey,pacwre1,pinsis,pilwoo,purfin,rebsap,redcro,rocpig,rufhum,spotow,stejay,swathr,treswa,daejun,yerwar,varthr,vigswa,warvir,wilsni1,wooduc,yelwar",1,7515045,0.8799999999999955
20,gurobi,0.2,41,9282,"amegfi,amekes,amerob,annhum,baleag,barswa,bewwre,brebla,brncre,batpig1,bushti,cedwax,coohaw,comrav,eursta,evegro,norfli,gockin,houwre,hutvir,macwar,moudov,norhar1,orcwar,osprey,pasfly,purfin,redcro,rocpig,rethaw,rufhum,savspa,sora,sonspa,stejay,towwar,treswa,yerwar,westan,wilsni1,wooduc",1,25182013,0.8600000000000705
21,gurobi,0.30000000000000004,41,9282,"amekes,amerob,annhum,barswa,brdowl,bewwre,bkhgro,brebla,batpig1,cedwax,coohaw,eucdov,eursta,evegro,norfli,gockin,houfin,houspa,hutvir,macwar,norhar1,olsfly,pacwre1,pilwoo,pasfly,purfin,rebnut,rocpig,rufhum,rewbla,savspa,sonspa,spotow,swathr,daejun,yerwar,vigswa,warvir,westan,wlswar,wooduc",1,68088267,0.9500000000000455
22,gurobi,0.4,41,9282,"amegfi,amekes,annhum,baleag,barswa,brdowl,belkin1,bewwre,bkhgro,brebla,batpig1,bushti,chbchi,comrav,amecro,dowwoo,eucdov,evegro,foxspa,haiwoo,houwre,hutvir,macwar,osprey,pacwre1,pinsis,pasfly,purfin,purmar,rebnut,rocpig,rethaw,rewbla,sonspa,spotow,stejay,treswa,daejun,wlswar,wooduc,yelwar",1,142014621,1.1200000000000045
23,gurobi,0.5,41,9282,"amekes,baleag,brdowl,brebla,batpig1,cangoo,chbchi,coohaw,dowwoo,eucdov,eursta,evegro,norfli,gockin,haiwoo,houfin,houwre,macwar,moudov,olsfly,pacwre1,pinsis,pasfly,rebnut,redcro,rethaw,rufhum,rewbla,sonspa,stejay,swathr,towwar,treswa,daejun,yerwar,vigswa,whcspa,westan,wlswar,wooduc,yelwar",1,208656641,0.9699999999999136
24,gurobi,0.6,41,9282,"brdowl,bewwre,brebla,brncre,batpig1,bushti,chbchi,cedwax,chispa,coohaw,comrav,amecro,eursta,evegro,foxspa,haiwoo,houfin,houspa,houwre,hutvir,moudov,orcwar,olsfly,osprey,pacwre1,pinsis,pilwoo,purmar,rebsap,rewbla,savspa,sora,sonspa,stejay,swathr,treswa,yerwar,warvir,westan,wlswar,wooduc",1,602617679,1.009999999999991
25,gurobi,0.7000000000000001,41,9282,"barswa,bkhgro,brebla,batpig1,bushti,cangoo,cedwax,coohaw,comrav,amecro,dowwoo,evegro,norfli,gockin,haiwoo,houspa,macwar,norhar1,olsfly,pacwre1,pinsis,pilwoo,pasfly,purfin,purmar,rebnut,redcro,rocpig,savspa,sora,sonspa,spotow,swathr,towwar,treswa,daejun,varthr,whcspa,westan,wilsni1,wooduc",1,1156551490,0.9399999999999409
26,gurobi,0.8,41,9282,"amekes,baleag,barswa,belkin1,bewwre,bnhcow,bkhgro,bushti,cangoo,chbchi,comrav,dowwoo,eucdov,eursta,foxspa,gockin,houfin,houspa,houwre,hutvir,macwar,moudov,orcwar,olsfly,osprey,pacwre1,pilwoo,purmar,rebnut,rocpig,rufhum,sora,swathr,treswa,daejun,yerwar,varthr,warvir,whcspa,wlswar,wooduc",1,1899306755,0.9399999999999409
27,gurobi,0.9,41,9282,"amegfi,amekes,annhum,baleag,barswa,belkin1,bnhcow,bushti,cangoo,cedwax,comrav,eursta,evegro,norfli,foxspa,houspa,moudov,orcwar,olsfly,osprey,purfin,rebnut,rocpig,rethaw,rufhum,rewbla,savspa,sora,sonspa,swathr,towwar,treswa,daejun,yerwar,varthr,vigswa,warvir,whcspa,wilsni1,wlswar,wooduc",1,2779224912,0.8100000000000591
28,gurobi,0.1,56,9282,"amegfi,amekes,amerob,annhum,baleag,barswa,brdowl,belkin1,bewwre,bnhcow,bkhgro,brebla,batpig1,bushti,cangoo,chbchi,cedwax,coohaw,amecro,eucdov,eursta,evegro,norfli,foxspa,gockin,haiwoo,houfin,houwre,hutvir,macwar,moudov,orcwar,olsfly,osprey,pacwre1,pinsis,pasfly,purfin,purmar,rebnut,rocpig,rufhum,sora,sonspa,spotow,swathr,towwar,treswa,varthr,vigswa,warvir,whcspa,wilsni1,wlswar,wooduc,yelwar",1,6987350,1.1399999999999864
29,gurobi,0.2,56,9282,"amekes,amerob,baleag,barswa,brdowl,belkin1,bewwre,bnhcow,bkhgro,brebla,brncre,cangoo,chbchi,cedwax,coohaw,comrav,amecro,dowwoo,eucdov,eursta,norfli,foxspa,gockin,haiwoo,houspa,houwre,hutvir,moudov,norhar1,orcwar,olsfly,pacwre1,pinsis,pilwoo,purfin,purmar,rebsap,redcro,rocpig,rethaw,rufhum,rewbla,sora,sonspa,spotow,swathr,towwar,treswa,daejun,varthr,vigswa,whcspa,westan,wilsni1,wlswar,yelwar",1,21378242,1.2000000000000455
30,gurobi,0.30000000000000004,56,9282,"amegfi,annhum,brdowl,belkin1,bewwre,bnhcow,bkhgro,brebla,brncre,batpig1,cangoo,chbchi,cedwax,chispa,comrav,amecro,dowwoo,eucdov,evegro,foxspa,gockin,haiwoo,houfin,houspa,hutvir,macwar,moudov,norhar1,olsfly,osprey,pacwre1,pilwoo,pasfly,purfin,purmar,rebnut,rebsap,redcro,rethaw,rufhum,rewbla,spotow,stejay,swathr,towwar,treswa,daejun,yerwar,varthr,vigswa,warvir,whcspa,westan,wilsni1,wlswar,yelwar",1,66003676,1.259999999999991
31,gurobi,0.4,56,9282,"amegfi,amekes,annhum,baleag,barswa,belkin1,bewwre,bnhcow,bkhgro,brebla,brncre,cangoo,chbchi,coohaw,comrav,amecro,dowwoo,eucdov,evegro,norfli,foxspa,haiwoo,houfin,hutvir,macwar,moudov,norhar1,orcwar,olsfly,osprey,pacwre1,pinsis,pilwoo,pasfly,purmar,rebnut,rebsap,redcro,rocpig,rethaw,rufhum,rewbla,savspa,sora,sonspa,stejay,swathr,towwar,treswa,yerwar,varthr,vigswa,warvir,whcspa,wilsni1,wlswar",1,145102103,1.2900000000000773
32,gurobi,0.5,56,9282,"amekes,amerob,annhum,barswa,brdowl,belkin1,bnhcow,brebla,brncre,batpig1,bushti,cangoo,chbchi,cedwax,chispa,coohaw,comrav,amecro,dowwoo,eursta,evegro,norfli,foxspa,haiwoo,houfin,houspa,hutvir,macwar,norhar1,orcwar,olsfly,pacwre1,pinsis,pilwoo,pasfly,purfin,rebnut,rebsap,rocpig,rethaw,rufhum,savspa,sora,sonspa,spotow,stejay,swathr,towwar,treswa,daejun,yerwar,varthr,warvir,westan,wilsni1,wlswar",1,310982638,1.2699999999999818
33,gurobi,0.6,56,9282,"amegfi,amekes,annhum,baleag,barswa,brdowl,bnhcow,brebla,batpig1,bushti,cangoo,chbchi,cedwax,chispa,coohaw,comrav,dowwoo,eucdov,eursta,evegro,foxspa,haiwoo,houfin,houwre,hutvir,macwar,moudov,orcwar,olsfly,pacwre1,pinsis,pilwoo,pasfly,purfin,purmar,rebnut,redcro,rocpig,rethaw,rufhum,savspa,sora,spotow,stejay,swathr,towwar,treswa,daejun,yerwar,varthr,vigswa,whcspa,wilsni1,wlswar,wooduc,yelwar",1,509578913,1.3999999999999773
34,gurobi,0.7000000000000001,56,9282,"amegfi,amekes,annhum,baleag,brdowl,belkin1,bewwre,bnhcow,bkhgro,brebla,brncre,bushti,chbchi,chispa,coohaw,amecro,dowwoo,eucdov,eursta,evegro,norfli,gockin,haiwoo,houwre,hutvir,orcwar,olsfly,pacwre1,pinsis,pasfly,purfin,purmar,rebnut,rebsap,redcro,rocpig,rethaw,rewbla,savspa,sora,sonspa,spotow,stejay,towwar,treswa,daejun,yerwar,varthr,vigswa,warvir,whcspa,westan,wilsni1,wlswar,wooduc,yelwar",1,993304914,1.2300000000000182
35,gurobi,0.8,56,9282,"amegfi,amekes,amerob,annhum,barswa,brdowl,belkin1,bewwre,bnhcow,brebla,brncre,batpig1,chbchi,cedwax,coohaw,comrav,amecro,dowwoo,eucdov,eursta,evegro,foxspa,haiwoo,houspa,houwre,hutvir,macwar,moudov,orcwar,pinsis,pilwoo,pasfly,purfin,purmar,rebnut,rebsap,redcro,rocpig,rethaw,rufhum,rewbla,savspa,sora,sonspa,spotow,stejay,swathr,towwar,treswa,yerwar,varthr,vigswa,warvir,whcspa,wlswar,yelwar",1,1852716473,1.2100000000000364
36,gurobi,0.9,56,9282,"amegfi,amekes,amerob,annhum,baleag,barswa,brdowl,bewwre,bnhcow,bkhgro,brebla,brncre,batpig1,bushti,cangoo,chbchi,cedwax,coohaw,amecro,dowwoo,evegro,foxspa,haiwoo,houfin,houspa,houwre,hutvir,macwar,moudov,norhar1,olsfly,osprey,pacwre1,pinsis,purfin,purmar,rebnut,redcro,rocpig,rethaw,rufhum,rewbla,savspa,sora,spotow,stejay,swathr,towwar,treswa,varthr,vigswa,warvir,whcspa,wilsni1,wooduc,yelwar",1,3045088494,1.1399999999999864
37,gurobi,0.1,72,9282,"amegfi,amekes,amerob,annhum,baleag,barswa,brdowl,belkin1,bewwre,bnhcow,bkhgro,brebla,brncre,batpig1,bushti,cangoo,chbchi,cedwax,chispa,coohaw,comrav,amecro,dowwoo,eucdov,eursta,evegro,norfli,foxspa,gockin,haiwoo,houfin,houspa,houwre,hutvir,macwar,moudov,norhar1,orcwar,olsfly,osprey,pacwre1,pinsis,pilwoo,pasfly,purfin,purmar,rebnut,rebsap,redcro,rocpig,rethaw,rufhum,rewbla,savspa,sora,sonspa,spotow,stejay,swathr,towwar,treswa,daejun,yerwar,varthr,vigswa,warvir,whcspa,westan,wilsni1,wlswar,wooduc,yelwar",1,7120778,1.2700000000000955
38,gurobi,0.2,72,9282,"amegfi,amekes,amerob,annhum,baleag,barswa,brdowl,belkin1,bewwre,bnhcow,bkhgro,brebla,brncre,batpig1,bushti,cangoo,chbchi,cedwax,chispa,coohaw,comrav,amecro,dowwoo,eucdov,eursta,evegro,norfli,foxspa,gockin,haiwoo,houfin,houspa,houwre,hutvir,macwar,moudov,norhar1,orcwar,olsfly,osprey,pacwre1,pinsis,pilwoo,pasfly,purfin,purmar,rebnut,rebsap,redcro,rocpig,rethaw,rufhum,rewbla,savspa,sora,sonspa,spotow,stejay,swathr,towwar,treswa,daejun,yerwar,varthr,vigswa,warvir,whcspa,westan,wilsni1,wlswar,wooduc,yelwar",1,29626046,1.3700000000000045
39,gurobi,0.30000000000000004,72,9282,"amegfi,amekes,amerob,annhum,baleag,barswa,brdowl,belkin1,bewwre,bnhcow,bkhgro,brebla,brncre,batpig1,bushti,cangoo,chbchi,cedwax,chispa,coohaw,comrav,amecro,dowwoo,eucdov,eursta,evegro,norfli,foxspa,gockin,haiwoo,houfin,houspa,houwre,hutvir,macwar,moudov,norhar1,orcwar,olsfly,osprey,pacwre1,pinsis,pilwoo,pasfly,purfin,purmar,rebnut,rebsap,redcro,rocpig,rethaw,rufhum,rewbla,savspa,sora,sonspa,spotow,stejay,swathr,towwar,treswa,daejun,yerwar,varthr,vigswa,warvir,whcspa,westan,wilsni1,wlswar,wooduc,yelwar",1,71892176,1.580000000000041
40,gurobi,0.4,72,9282,"amegfi,amekes,amerob,annhum,baleag,barswa,brdowl,belkin1,bewwre,bnhcow,bkhgro,brebla,brncre,batpig1,bushti,cangoo,chbchi,cedwax,chispa,coohaw,comrav,amecro,dowwoo,eucdov,eursta,evegro,norfli,foxspa,gockin,haiwoo,houfin,houspa,houwre,hutvir,macwar,moudov,norhar1,orcwar,olsfly,osprey,pacwre1,pinsis,pilwoo,pasfly,purfin,purmar,rebnut,rebsap,redcro,rocpig,rethaw,rufhum,rewbla,savspa,sora,sonspa,spotow,stejay,swathr,towwar,treswa,daejun,yerwar,varthr,vigswa,warvir,whcspa,westan,wilsni1,wlswar,wooduc,yelwar",1,152015644,1.6499999999999773
41,gurobi,0.5,72,9282,"amegfi,amekes,amerob,annhum,baleag,barswa,brdowl,belkin1,bewwre,bnhcow,bkhgro,brebla,brncre,batpig1,bushti,cangoo,chbchi,cedwax,chispa,coohaw,comrav,amecro,dowwoo,eucdov,eursta,evegro,norfli,foxspa,gockin,haiwoo,houfin,houspa,houwre,hutvir,macwar,moudov,norhar1,orcwar,olsfly,osprey,pacwre1,pinsis,pilwoo,pasfly,purfin,purmar,rebnut,rebsap,redcro,rocpig,rethaw,rufhum,rewbla,savspa,sora,sonspa,spotow,stejay,swathr,towwar,treswa,daejun,yerwar,varthr,vigswa,warvir,whcspa,westan,wilsni1,wlswar,wooduc,yelwar",1,340721019,1.7999999999999545
42,gurobi,0.6,72,9282,"amegfi,amekes,amerob,annhum,baleag,barswa,brdowl,belkin1,bewwre,bnhcow,bkhgro,brebla,brncre,batpig1,bushti,cangoo,chbchi,cedwax,chispa,coohaw,comrav,amecro,dowwoo,eucdov,eursta,evegro,norfli,foxspa,gockin,haiwoo,houfin,houspa,houwre,hutvir,macwar,moudov,norhar1,orcwar,olsfly,osprey,pacwre1,pinsis,pilwoo,pasfly,purfin,purmar,rebnut,rebsap,redcro,rocpig,rethaw,rufhum,rewbla,savspa,sora,sonspa,spotow,stejay,swathr,towwar,treswa,daejun,yerwar,varthr,vigswa,warvir,whcspa,westan,wilsni1,wlswar,wooduc,yelwar",1,592577780,1.8799999999999955
43,gurobi,0.7000000000000001,72,9282,"amegfi,amekes,amerob,annhum,baleag,barswa,brdowl,belkin1,bewwre,bnhcow,bkhgro,brebla,brncre,batpig1,bushti,cangoo,chbchi,cedwax,chispa,coohaw,comrav,amecro,dowwoo,eucdov,eursta,evegro,norfli,foxspa,gockin,haiwoo,houfin,houspa,houwre,hutvir,macwar,moudov,norhar1,orcwar,olsfly,osprey,pacwre1,pinsis,pilwoo,pasfly,purfin,purmar,rebnut,rebsap,redcro,rocpig,rethaw,rufhum,rewbla,savspa,sora,sonspa,spotow,stejay,swathr,towwar,treswa,daejun,yerwar,varthr,vigswa,warvir,whcspa,westan,wilsni1,wlswar,wooduc,yelwar",1,1140084501,1.6200000000000045
44,gurobi,0.8,72,9282,"amegfi,amekes,amerob,annhum,baleag,barswa,brdowl,belkin1,bewwre,bnhcow,bkhgro,brebla,brncre,batpig1,bushti,cangoo,chbchi,cedwax,chispa,coohaw,comrav,amecro,dowwoo,eucdov,eursta,evegro,norfli,foxspa,gockin,haiwoo,houfin,houspa,houwre,hutvir,macwar,moudov,norhar1,orcwar,olsfly,osprey,pacwre1,pinsis,pilwoo,pasfly,purfin,purmar,rebnut,rebsap,redcro,rocpig,rethaw,rufhum,rewbla,savspa,sora,sonspa,spotow,stejay,swathr,towwar,treswa,daejun,yerwar,varthr,vigswa,warvir,whcspa,westan,wilsni1,wlswar,wooduc,yelwar",1,1950742823,1.759999999999991
45,gurobi,0.9,72,9282,"amegfi,amekes,amerob,annhum,baleag,barswa,brdowl,belkin1,bewwre,bnhcow,bkhgro,brebla,brncre,batpig1,bushti,cangoo,chbchi,cedwax,chispa,coohaw,comrav,amecro,dowwoo,eucdov,eursta,evegro,norfli,foxspa,gockin,haiwoo,houfin,houspa,houwre,hutvir,macwar,moudov,norhar1,orcwar,olsfly,osprey,pacwre1,pinsis,pilwoo,pasfly,purfin,purmar,rebnut,rebsap,redcro,rocpig,rethaw,rufhum,rewbla,savspa,sora,sonspa,spotow,stejay,swathr,towwar,treswa,daejun,yerwar,varthr,vigswa,warvir,whcspa,westan,wilsni1,wlswar,wooduc,yelwar",1,3033233066,1.6899999999999409
46,gurobi,0.1,10,37128,"amegfi,belkin1,bnhcow,houfin,houwre,rewbla,savspa,spotow,daejun,vigswa",1,18486224,1.4700000000000273
47,gurobi,0.2,10,37128,"amekes,chispa,dowwoo,gockin,haiwoo,hutvir,moudov,olsfly,sonspa,towwar",1,52941994,1.4700000000000273
48,gurobi,0.30000000000000004,10,37128,"brdowl,belkin1,bewwre,batpig1,norfli,foxspa,hutvir,norhar1,rocpig,wilsni1",1,148609965,1.5699999999999363
49,gurobi,0.4,10,37128,"annhum,batpig1,coohaw,evegro,houspa,osprey,stejay,treswa,daejun,vigswa",1,615812670,1.5900000000000318
50,gurobi,0.5,10,37128,"bushti,chbchi,amecro,hutvir,macwar,moudov,osprey,pasfly,savspa,sora",1,824166227,1.5399999999999636
51,gurobi,0.6,10,37128,"brebla,cangoo,chispa,eucdov,haiwoo,houfin,orcwar,pasfly,whcspa,wooduc",1,1721384567,1.5600000000000591
52,gurobi,0.7000000000000001,10,37128,"amerob,barswa,dowwoo,macwar,osprey,purfin,rethaw,treswa,westan,wlswar",1,1317910893,1.5300000000000864
53,gurobi,0.8,10,37128,"amerob,annhum,baleag,brncre,amecro,foxspa,houspa,rethaw,stejay,varthr",1,7424457996,1.4899999999998954
54,gurobi,0.9,10,37128,"amekes,eucdov,eursta,foxspa,olsfly,purfin,rebnut,rocpig,rufhum,yerwar",1,11059190163,1.4099999999999682
55,gurobi,0.1,26,37128,"amegfi,amekes,annhum,baleag,brdowl,bkhgro,brebla,bushti,chbchi,chispa,dowwoo,evegro,houfin,osprey,pilwoo,pasfly,purfin,purmar,rufhum,rewbla,sora,spotow,towwar,whcspa,wlswar,yelwar",1,26860052,3.5
56,gurobi,0.2,26,37128,"amegfi,amerob,baleag,barswa,belkin1,bkhgro,chbchi,amecro,houspa,hutvir,macwar,norhar1,orcwar,pacwre1,pilwoo,pasfly,redcro,rewbla,sora,sonspa,spotow,towwar,vigswa,wilsni1,wooduc,yelwar",1,84278553,3.9400000000000546
57,gurobi,0.30000000000000004,26,37128,"amegfi,amekes,belkin1,bewwre,bkhgro,batpig1,chbchi,cedwax,comrav,norfli,foxspa,orcwar,pacwre1,pasfly,rebnut,rebsap,rewbla,savspa,sora,spotow,swathr,treswa,varthr,westan,wilsni1,wlswar",1,105697118,3.6900000000000546
58,gurobi,0.4,26,37128,"amegfi,barswa,brdowl,belkin1,bkhgro,brncre,cangoo,chbchi,coohaw,eursta,evegro,houwre,pinsis,pasfly,rebnut,rocpig,rufhum,rewbla,sora,sonspa,spotow,towwar,vigswa,whcspa,wlswar,yelwar",1,367677320,3.6599999999998545
59,gurobi,0.5,26,37128,"amegfi,amerob,barswa,bnhcow,brncre,batpig1,chbchi,coohaw,comrav,amecro,eucdov,norfli,houfin,houwre,norhar1,pinsis,pilwoo,purfin,purmar,rufhum,savspa,sora,treswa,whcspa,wlswar,yelwar",1,851943438,4.039999999999964
60,gurobi,0.6,26,37128,"amegfi,amekes,amerob,annhum,barswa,bewwre,bnhcow,bkhgro,brebla,cangoo,eucdov,gockin,macwar,orcwar,pinsis,rebsap,rocpig,sora,swathr,towwar,daejun,yerwar,varthr,warvir,wilsni1,wlswar",1,2050809440,3.4400000000000546
61,gurobi,0.7000000000000001,26,37128,"amegfi,amerob,brdowl,bkhgro,batpig1,bushti,coohaw,amecro,gockin,norhar1,osprey,pasfly,rebnut,redcro,rocpig,rufhum,sora,spotow,stejay,swathr,treswa,yerwar,warvir,whcspa,westan,wlswar",1,3916566892,3.519999999999982
62,gurobi,0.8,26,37128,"amegfi,amerob,baleag,barswa,bnhcow,brncre,cangoo,comrav,dowwoo,eursta,norfli,foxspa,gockin,moudov,pacwre1,pinsis,pasfly,rocpig,rethaw,rewbla,savspa,sonspa,stejay,towwar,vigswa,wilsni1",1,6217023035,3.3999999999998636
63,gurobi,0.9,26,37128,"amegfi,baleag,brdowl,bnhcow,bkhgro,brebla,brncre,comrav,eucdov,gockin,haiwoo,houspa,houwre,macwar,norhar1,orcwar,olsfly,osprey,rebsap,redcro,rethaw,rufhum,sonspa,stejay,whcspa,westan",1,11611187637,3.099999999999909
64,gurobi,0.1,41,37128,"amegfi,amekes,baleag,barswa,bkhgro,brncre,bushti,cangoo,chispa,coohaw,amecro,eucdov,evegro,norfli,foxspa,gockin,houfin,houwre,hutvir,macwar,moudov,norhar1,orcwar,olsfly,pacwre1,pinsis,pilwoo,rebnut,rethaw,rufhum,rewbla,savspa,sonspa,spotow,stejay,treswa,daejun,yerwar,whcspa,westan,wooduc",1,21223499,4.160000000000082
65,gurobi,0.2,41,37128,"amerob,brdowl,belkin1,bewwre,bkhgro,brebla,batpig1,bushti,chbchi,cedwax,chispa,amecro,dowwoo,eursta,evegro,norfli,foxspa,haiwoo,houfin,houspa,hutvir,moudov,norhar1,pacwre1,pinsis,pilwoo,pasfly,rocpig,rethaw,sora,sonspa,spotow,stejay,swathr,daejun,yerwar,varthr,warvir,wilsni1,wooduc,yelwar",1,88820855,4.259999999999991
66,gurobi,0.30000000000000004,41,37128,"amekes,amerob,baleag,belkin1,bewwre,bnhcow,batpig1,cangoo,chbchi,cedwax,coohaw,comrav,dowwoo,evegro,norfli,foxspa,gockin,haiwoo,houfin,houspa,houwre,orcwar,olsfly,osprey,pacwre1,pinsis,pilwoo,purmar,rebnut,rebsap,redcro,rocpig,stejay,swathr,treswa,yerwar,varthr,warvir,westan,wlswar,wooduc",1,222272978,4.289999999999964
67,gurobi,0.4,41,37128,"amegfi,amekes,amerob,baleag,barswa,brdowl,belkin1,bewwre,bkhgro,brebla,brncre,batpig1,cangoo,chbchi,coohaw,comrav,eucdov,norfli,haiwoo,houfin,houwre,hutvir,macwar,norhar1,pacwre1,pasfly,purfin,purmar,redcro,rocpig,rufhum,sonspa,spotow,swathr,treswa,daejun,yerwar,whcspa,westan,wlswar,yelwar",1,430817481,4.309999999999945
68,gurobi,0.5,41,37128,"amegfi,baleag,bewwre,bnhcow,bkhgro,brebla,bushti,cangoo,chbchi,chispa,comrav,eucdov,eursta,norfli,foxspa,haiwoo,houspa,hutvir,orcwar,pacwre1,pinsis,pilwoo,pasfly,purmar,rebnut,rebsap,redcro,rethaw,rewbla,savspa,sonspa,stejay,swathr,towwar,treswa,daejun,varthr,vigswa,whcspa,westan,wooduc",1,1207383185,4.339999999999918
69,gurobi,0.6,41,37128,"amegfi,amekes,amerob,baleag,barswa,brdowl,belkin1,bnhcow,bkhgro,brebla,bushti,cangoo,chispa,coohaw,comrav,eursta,evegro,foxspa,gockin,haiwoo,houspa,pinsis,pilwoo,purfin,purmar,rebnut,rebsap,redcro,rocpig,rewbla,savspa,sora,sonspa,spotow,swathr,towwar,daejun,yerwar,varthr,westan,wlswar",1,2439387269,4.2000000000000455
70,gurobi,0.7000000000000001,41,37128,"amegfi,annhum,bnhcow,brebla,bushti,cangoo,chbchi,cedwax,chispa,comrav,amecro,eursta,norfli,gockin,haiwoo,houfin,houspa,houwre,macwar,moudov,norhar1,orcwar,olsfly,osprey,pinsis,pilwoo,pasfly,purmar,rebnut,redcro,rocpig,rethaw,stejay,swathr,yerwar,varthr,whcspa,westan,wilsni1,wlswar,yelwar",1,4702694131,4.279999999999973
71,gurobi,0.8,41,37128,"amegfi,amekes,annhum,baleag,barswa,brdowl,belkin1,bewwre,bnhcow,brebla,batpig1,bushti,cedwax,chispa,comrav,amecro,dowwoo,eucdov,eursta,norfli,houfin,houwre,hutvir,norhar1,orcwar,pacwre1,pilwoo,purmar,rebnut,rebsap,rocpig,rufhum,sonspa,stejay,swathr,yerwar,varthr,vigswa,whcspa,wilsni1,wooduc",1,7028358429,4.230000000000018
72,gurobi,0.9,41,37128,"amekes,amerob,annhum,baleag,barswa,brdowl,bewwre,bkhgro,brncre,batpig1,bushti,cangoo,cedwax,chispa,coohaw,comrav,amecro,eucdov,haiwoo,houfin,houspa,macwar,norhar1,olsfly,osprey,pinsis,pilwoo,pasfly,rebnut,redcro,sora,sonspa,stejay,towwar,treswa,daejun,varthr,warvir,westan,wilsni1,yelwar",1,11994863076,3.9700000000000273
73,gurobi,0.1,56,37128,"amegfi,amekes,annhum,baleag,barswa,brdowl,belkin1,bewwre,bnhcow,bkhgro,brebla,brncre,batpig1,bushti,cangoo,cedwax,chispa,coohaw,comrav,amecro,dowwoo,eucdov,eursta,evegro,norfli,foxspa,gockin,houfin,houspa,houwre,macwar,moudov,orcwar,olsfly,pinsis,pilwoo,pasfly,purfin,purmar,rebnut,rebsap,redcro,rocpig,rethaw,rewbla,savspa,sora,sonspa,treswa,varthr,vigswa,warvir,whcspa,wilsni1,wooduc,yelwar",1,28894834,5.669999999999845
74,gurobi,0.2,56,37128,"amegfi,amekes,amerob,annhum,baleag,barswa,brdowl,belkin1,bewwre,bnhcow,bkhgro,brebla,brncre,batpig1,bushti,cangoo,chbchi,coohaw,comrav,amecro,eucdov,eursta,evegro,foxspa,houwre,hutvir,moudov,norhar1,orcwar,olsfly,pacwre1,pinsis,pilwoo,purfin,purmar,rebnut,rebsap,redcro,rocpig,rethaw,rewbla,savspa,sora,sonspa,spotow,stejay,swathr,towwar,daejun,varthr,vigswa,whcspa,westan,wlswar,wooduc,yelwar",1,104486775,5.809999999999945
75,gurobi,0.30000000000000004,56,37128,"amekes,amerob,annhum,baleag,barswa,brdowl,belkin1,bewwre,bnhcow,batpig1,bushti,cangoo,cedwax,comrav,amecro,dowwoo,eucdov,eursta,evegro,norfli,foxspa,haiwoo,houfin,houspa,houwre,hutvir,macwar,moudov,orcwar,olsfly,osprey,pacwre1,pasfly,purfin,purmar,rebnut,rebsap,redcro,rocpig,rethaw,rufhum,rewbla,savspa,sora,sonspa,stejay,swathr,towwar,daejun,vigswa,warvir,whcspa,westan,wilsni1,wlswar,wooduc",1,285869418,5.900000000000091
76,gurobi,0.4,56,37128,"amegfi,amerob,annhum,brdowl,belkin1,bewwre,bnhcow,bkhgro,brebla,brncre,batpig1,cangoo,chbchi,cedwax,chispa,coohaw,amecro,dowwoo,eucdov,eursta,norfli,gockin,haiwoo,houfin,houspa,houwre,hutvir,macwar,moudov,norhar1,orcwar,olsfly,pinsis,pasfly,purfin,purmar,rebnut,rebsap,redcro,rocpig,rethaw,rufhum,savspa,sonspa,stejay,swathr,towwar,treswa,yerwar,vigswa,warvir,whcspa,westan,wilsni1,wooduc,yelwar",1,617676780,6.009999999999991
77,gurobi,0.5,56,37128,"amegfi,amekes,amerob,annhum,baleag,brdowl,bewwre,bnhcow,bkhgro,brebla,brncre,bushti,cangoo,cedwax,coohaw,comrav,amecro,dowwoo,eucdov,eursta,norfli,foxspa,gockin,haiwoo,houfin,houspa,houwre,hutvir,macwar,norhar1,olsfly,osprey,pacwre1,pasfly,purfin,rebnut,rebsap,redcro,rocpig,rethaw,rufhum,rewbla,sora,sonspa,spotow,stejay,swathr,towwar,treswa,daejun,varthr,vigswa,warvir,whcspa,wilsni1,yelwar",1,1242168945,6.0300000000002
78,gurobi,0.6,56,37128,"amegfi,amekes,amerob,baleag,barswa,brdowl,belkin1,bewwre,bkhgro,brebla,brncre,bushti,chbchi,cedwax,chispa,coohaw,comrav,amecro,dowwoo,eucdov,eursta,evegro,norfli,gockin,haiwoo,houfin,houwre,hutvir,macwar,moudov,norhar1,orcwar,olsfly,osprey,pacwre1,pinsis,pasfly,purfin,purmar,rebnut,redcro,rocpig,rethaw,rufhum,rewbla,sora,spotow,stejay,swathr,towwar,yerwar,warvir,whcspa,westan,wooduc,yelwar",1,1914898799,5.929999999999836
79,gurobi,0.7000000000000001,56,37128,"amegfi,amerob,annhum,baleag,barswa,brdowl,belkin1,bewwre,bkhgro,brebla,brncre,batpig1,bushti,cangoo,chbchi,cedwax,chispa,amecro,dowwoo,eucdov,eursta,evegro,norfli,foxspa,gockin,haiwoo,houfin,houwre,hutvir,norhar1,orcwar,olsfly,osprey,pacwre1,pinsis,pilwoo,purfin,rebnut,rebsap,rocpig,rethaw,rufhum,rewbla,savspa,sora,sonspa,stejay,towwar,yerwar,vigswa,warvir,whcspa,westan,wilsni1,wlswar,yelwar",1,3818345274,5.880000000000109
80,gurobi,0.8,56,37128,"amegfi,amekes,amerob,annhum,baleag,brdowl,belkin1,bewwre,bnhcow,brebla,brncre,bushti,cangoo,chbchi,cedwax,chispa,coohaw,amecro,dowwoo,eucdov,eursta,evegro,norfli,gockin,haiwoo,houfin,houspa,houwre,hutvir,moudov,norhar1,orcwar,olsfly,osprey,pinsis,pilwoo,pasfly,purfin,rebnut,rebsap,redcro,rufhum,savspa,sonspa,spotow,stejay,swathr,towwar,daejun,yerwar,varthr,whcspa,westan,wilsni1,wlswar,yelwar",1,7640923361,5.699999999999818
81,gurobi,0.9,56,37128,"amegfi,amekes,amerob,annhum,baleag,barswa,brdowl,belkin1,bewwre,bnhcow,brncre,batpig1,bushti,cangoo,chbchi,cedwax,chispa,coohaw,comrav,amecro,eucdov,eursta,evegro,norfli,foxspa,gockin,houfin,houspa,houwre,hutvir,moudov,norhar1,osprey,pacwre1,pilwoo,purmar,rebnut,rebsap,redcro,rethaw,rufhum,savspa,sora,sonspa,stejay,swathr,towwar,treswa,daejun,yerwar,varthr,vigswa,warvir,whcspa,westan,wlswar",1,11795927696,5.570000000000164
82,gurobi,0.1,72,37128,"amegfi,amekes,amerob,annhum,baleag,barswa,brdowl,belkin1,bewwre,bnhcow,bkhgro,brebla,brncre,batpig1,bushti,cangoo,chbchi,cedwax,chispa,coohaw,comrav,amecro,dowwoo,eucdov,eursta,evegro,norfli,foxspa,gockin,haiwoo,houfin,houspa,houwre,hutvir,macwar,moudov,norhar1,orcwar,olsfly,osprey,pacwre1,pinsis,pilwoo,pasfly,purfin,purmar,rebnut,rebsap,redcro,rocpig,rethaw,rufhum,rewbla,savspa,sora,sonspa,spotow,stejay,swathr,towwar,treswa,daejun,yerwar,varthr,vigswa,warvir,whcspa,westan,wilsni1,wlswar,wooduc,yelwar",1,29317812,7.389999999999873
83,gurobi,0.2,72,37128,"amegfi,amekes,amerob,annhum,baleag,barswa,brdowl,belkin1,bewwre,bnhcow,bkhgro,brebla,brncre,batpig1,bushti,cangoo,chbchi,cedwax,chispa,coohaw,comrav,amecro,dowwoo,eucdov,eursta,evegro,norfli,foxspa,gockin,haiwoo,houfin,houspa,houwre,hutvir,macwar,moudov,norhar1,orcwar,olsfly,osprey,pacwre1,pinsis,pilwoo,pasfly,purfin,purmar,rebnut,rebsap,redcro,rocpig,rethaw,rufhum,rewbla,savspa,sora,sonspa,spotow,stejay,swathr,towwar,treswa,daejun,yerwar,varthr,vigswa,warvir,whcspa,westan,wilsni1,wlswar,wooduc,yelwar",1,110818223,7.690000000000055
84,gurobi,0.30000000000000004,72,37128,"amegfi,amekes,amerob,annhum,baleag,barswa,brdowl,belkin1,bewwre,bnhcow,bkhgro,brebla,brncre,batpig1,bushti,cangoo,chbchi,cedwax,chispa,coohaw,comrav,amecro,dowwoo,eucdov,eursta,evegro,norfli,foxspa,gockin,haiwoo,houfin,houspa,houwre,hutvir,macwar,moudov,norhar1,orcwar,olsfly,osprey,pacwre1,pinsis,pilwoo,pasfly,purfin,purmar,rebnut,rebsap,redcro,rocpig,rethaw,rufhum,rewbla,savspa,sora,sonspa,spotow,stejay,swathr,towwar,treswa,daejun,yerwar,varthr,vigswa,warvir,whcspa,westan,wilsni1,wlswar,wooduc,yelwar",1,277323656,7.890000000000327
85,gurobi,0.4,72,37128,"amegfi,amekes,amerob,annhum,baleag,barswa,brdowl,belkin1,bewwre,bnhcow,bkhgro,brebla,brncre,batpig1,bushti,cangoo,chbchi,cedwax,chispa,coohaw,comrav,amecro,dowwoo,eucdov,eursta,evegro,norfli,foxspa,gockin,haiwoo,houfin,houspa,houwre,hutvir,macwar,moudov,norhar1,orcwar,olsfly,osprey,pacwre1,pinsis,pilwoo,pasfly,purfin,purmar,rebnut,rebsap,redcro,rocpig,rethaw,rufhum,rewbla,savspa,sora,sonspa,spotow,stejay,swathr,towwar,treswa,daejun,yerwar,varthr,vigswa,warvir,whcspa,westan,wilsni1,wlswar,wooduc,yelwar",1,600494494,8.639999999999873
86,gurobi,0.5,72,37128,"amegfi,amekes,amerob,annhum,baleag,barswa,brdowl,belkin1,bewwre,bnhcow,bkhgro,brebla,brncre,batpig1,bushti,cangoo,chbchi,cedwax,chispa,coohaw,comrav,amecro,dowwoo,eucdov,eursta,evegro,norfli,foxspa,gockin,haiwoo,houfin,houspa,houwre,hutvir,macwar,moudov,norhar1,orcwar,olsfly,osprey,pacwre1,pinsis,pilwoo,pasfly,purfin,purmar,rebnut,rebsap,redcro,rocpig,rethaw,rufhum,rewbla,savspa,sora,sonspa,spotow,stejay,swathr,towwar,treswa,daejun,yerwar,varthr,vigswa,warvir,whcspa,westan,wilsni1,wlswar,wooduc,yelwar",1,1261622510,8.019999999999982
87,gurobi,0.6,72,37128,"amegfi,amekes,amerob,annhum,baleag,barswa,brdowl,belkin1,bewwre,bnhcow,bkhgro,brebla,brncre,batpig1,bushti,cangoo,chbchi,cedwax,chispa,coohaw,comrav,amecro,dowwoo,eucdov,eursta,evegro,norfli,foxspa,gockin,haiwoo,houfin,houspa,houwre,hutvir,macwar,moudov,norhar1,orcwar,olsfly,osprey,pacwre1,pinsis,pilwoo,pasfly,purfin,purmar,rebnut,rebsap,redcro,rocpig,rethaw,rufhum,rewbla,savspa,sora,sonspa,spotow,stejay,swathr,towwar,treswa,daejun,yerwar,varthr,vigswa,warvir,whcspa,westan,wilsni1,wlswar,wooduc,yelwar",1,2517854654,8.220000000000255
88,gurobi,0.7000000000000001,72,37128,"amegfi,amekes,amerob,annhum,baleag,barswa,brdowl,belkin1,bewwre,bnhcow,bkhgro,brebla,brncre,batpig1,bushti,cangoo,chbchi,cedwax,chispa,coohaw,comrav,amecro,dowwoo,eucdov,eursta,evegro,norfli,foxspa,gockin,haiwoo,houfin,houspa,houwre,hutvir,macwar,moudov,norhar1,orcwar,olsfly,osprey,pacwre1,pinsis,pilwoo,pasfly,purfin,purmar,rebnut,rebsap,redcro,rocpig,rethaw,rufhum,rewbla,savspa,sora,sonspa,spotow,stejay,swathr,towwar,treswa,daejun,yerwar,varthr,vigswa,warvir,whcspa,westan,wilsni1,wlswar,wooduc,yelwar",1,4527359265,7.690000000000055
89,gurobi,0.8,72,37128,"amegfi,amekes,amerob,annhum,baleag,barswa,brdowl,belkin1,bewwre,bnhcow,bkhgro,brebla,brncre,batpig1,bushti,cangoo,chbchi,cedwax,chispa,coohaw,comrav,amecro,dowwoo,eucdov,eursta,evegro,norfli,foxspa,gockin,haiwoo,houfin,houspa,houwre,hutvir,macwar,moudov,norhar1,orcwar,olsfly,osprey,pacwre1,pinsis,pilwoo,pasfly,purfin,purmar,rebnut,rebsap,redcro,rocpig,rethaw,rufhum,rewbla,savspa,sora,sonspa,spotow,stejay,swathr,towwar,treswa,daejun,yerwar,varthr,vigswa,warvir,whcspa,westan,wilsni1,wlswar,wooduc,yelwar",1,7583487595,7.5
90,gurobi,0.9,72,37128,"amegfi,amekes,amerob,annhum,baleag,barswa,brdowl,belkin1,bewwre,bnhcow,bkhgro,brebla,brncre,batpig1,bushti,cangoo,chbchi,cedwax,chispa,coohaw,comrav,amecro,dowwoo,eucdov,eursta,evegro,norfli,foxspa,gockin,haiwoo,houfin,houspa,houwre,hutvir,macwar,moudov,norhar1,orcwar,olsfly,osprey,pacwre1,pinsis,pilwoo,pasfly,purfin,purmar,rebnut,rebsap,redcro,rocpig,rethaw,rufhum,rewbla,savspa,sora,sonspa,spotow,stejay,swathr,towwar,treswa,daejun,yerwar,varthr,vigswa,warvir,whcspa,westan,wilsni1,wlswar,wooduc,yelwar",1,11858268271,7.470000000000255
91,gurobi,0.1,10,148510,"amerob,annhum,baleag,chbchi,evegro,pacwre1,purfin,purmar,rufhum,varthr",1,110433018,5.9099999999998545
92,gurobi,0.2,10,148510,"bkhgro,eucdov,eursta,houwre,norhar1,pilwoo,rethaw,rewbla,varthr,whcspa",1,206770753,5.929999999999836
93,gurobi,0.30000000000000004,10,148510,"bewwre,eursta,gockin,olsfly,rewbla,towwar,daejun,varthr,westan,wooduc",1,500925779,6.25
94,gurobi,0.4,10,148510,"brdowl,belkin1,bewwre,bushti,chbchi,gockin,orcwar,redcro,yerwar,wlswar",1,1424511453,6.579999999999927
95,gurobi,0.5,10,148510,"belkin1,chispa,comrav,eursta,norfli,houfin,houspa,osprey,rebnut,spotow",1,4931873689,6.2199999999998
96,gurobi,0.6,10,148510,"amerob,brdowl,bkhgro,brebla,amecro,eursta,houwre,macwar,swathr,vigswa",1,4809166710,6.520000000000437
97,gurobi,0.7000000000000001,10,148510,"amerob,brebla,bushti,cedwax,houspa,olsfly,rethaw,varthr,whcspa,wlswar",1,18215100302,6.520000000000437
98,gurobi,0.8,10,148510,"amegfi,bnhcow,bushti,eucdov,norfli,gockin,macwar,pinsis,rebnut,redcro",1,25009486283,6.529999999999745
99,gurobi,0.9,10,148510,"annhum,bewwre,foxspa,houfin,houspa,pilwoo,rebnut,rocpig,rewbla,varthr",1,47617828272,6.359999999999673
100,gurobi,0.1,26,148510,"bewwre,bnhcow,bkhgro,chbchi,comrav,dowwoo,evegro,foxspa,houfin,houspa,norhar1,olsfly,osprey,pacwre1,purmar,rebnut,rebsap,redcro,rethaw,rufhum,swathr,towwar,varthr,vigswa,wilsni1,wlswar",1,91988670,15.950000000000728
101,gurobi,0.2,26,148510,"amegfi,brdowl,belkin1,bkhgro,coohaw,comrav,eucdov,norfli,foxspa,macwar,moudov,norhar1,osprey,pinsis,pilwoo,pasfly,purfin,purmar,rethaw,rufhum,sonspa,stejay,daejun,vigswa,warvir,whcspa",1,250328039,16.449999999999818
102,gurobi,0.30000000000000004,26,148510,"annhum,brdowl,bewwre,bkhgro,brebla,cangoo,chbchi,comrav,eucdov,eursta,haiwoo,moudov,olsfly,pacwre1,pinsis,pilwoo,rebsap,rethaw,rewbla,savspa,stejay,varthr,vigswa,whcspa,westan,wilsni1",1,1015575181,15.519999999999527
103,gurobi,0.4,26,148510,"amekes,amerob,baleag,brdowl,bewwre,bkhgro,brebla,cangoo,coohaw,comrav,eucdov,eursta,norfli,houspa,macwar,osprey,pacwre1,pinsis,rebnut,rethaw,rufhum,savspa,yerwar,warvir,whcspa,wooduc",1,2160837799,14.699999999999818
104,gurobi,0.5,26,148510,"amegfi,amekes,bnhcow,bkhgro,brebla,bushti,amecro,eucdov,norfli,moudov,pinsis,pilwoo,pasfly,purmar,rebnut,rethaw,rewbla,swathr,towwar,treswa,daejun,varthr,whcspa,westan,wilsni1,wooduc",1,3241233213,14.779999999999745
105,gurobi,0.6,26,148510,"amegfi,belkin1,bkhgro,bushti,chbchi,coohaw,eursta,foxspa,gockin,houspa,houwre,macwar,moudov,pinsis,purfin,redcro,savspa,stejay,swathr,daejun,yerwar,varthr,vigswa,wilsni1,wooduc,yelwar",1,9766653718,14.859999999999673
106,gurobi,0.7000000000000001,26,148510,"amekes,annhum,belkin1,bkhgro,brebla,chbchi,chispa,coohaw,dowwoo,eursta,evegro,norfli,foxspa,haiwoo,houspa,olsfly,pilwoo,purmar,rethaw,rufhum,sora,spotow,stejay,treswa,vigswa,whcspa",1,18160147780,14.279999999999745
107,gurobi,0.8,26,148510,"amekes,brdowl,belkin1,bewwre,brncre,batpig1,coohaw,amecro,dowwoo,evegro,norfli,houspa,norhar1,orcwar,osprey,pacwre1,pilwoo,pasfly,redcro,savspa,sonspa,swathr,towwar,vigswa,westan,wilsni1",1,30272752624,14.5
108,gurobi,0.9,26,148510,"amekes,amerob,annhum,brdowl,belkin1,brebla,batpig1,comrav,eucdov,eursta,foxspa,gockin,houwre,macwar,olsfly,purmar,rebnut,redcro,rocpig,rethaw,sora,daejun,warvir,westan,wlswar,yelwar",1,45534582689,13.69000000000051
109,gurobi,0.1,41,148510,"amegfi,amekes,annhum,baleag,barswa,belkin1,bnhcow,bkhgro,brebla,batpig1,bushti,chbchi,chispa,coohaw,amecro,eucdov,evegro,houfin,houspa,houwre,hutvir,moudov,norhar1,orcwar,olsfly,pacwre1,pilwoo,pasfly,rebnut,redcro,rethaw,savspa,sora,spotow,stejay,treswa,daejun,vigswa,whcspa,westan,wilsni1",1,114240449,18.530000000000655
110,gurobi,0.2,41,148510,"amegfi,amekes,annhum,baleag,barswa,brdowl,belkin1,bewwre,bnhcow,cedwax,coohaw,amecro,eucdov,evegro,haiwoo,houspa,houwre,macwar,moudov,norhar1,orcwar,olsfly,pilwoo,pasfly,rebnut,rebsap,redcro,rocpig,rufhum,sora,sonspa,spotow,stejay,swathr,towwar,treswa,vigswa,westan,wilsni1,wooduc,yelwar",1,434031722,19.649999999999636
111,gurobi,0.30000000000000004,41,148510,"amekes,amerob,baleag,barswa,brdowl,bewwre,bnhcow,cangoo,cedwax,chispa,amecro,dowwoo,eucdov,norfli,foxspa,houwre,moudov,norhar1,orcwar,olsfly,osprey,purmar,rebnut,rebsap,rocpig,rufhum,rewbla,spotow,stejay,swathr,towwar,treswa,daejun,yerwar,varthr,vigswa,whcspa,westan,wlswar,wooduc,yelwar",1,674932597,20.529999999998836
112,gurobi,0.4,41,148510,"amegfi,amekes,annhum,barswa,brdowl,belkin1,bewwre,bkhgro,batpig1,cangoo,chbchi,coohaw,comrav,amecro,eucdov,norfli,gockin,hutvir,macwar,orcwar,olsfly,pilwoo,pasfly,purmar,rebnut,rebsap,redcro,rocpig,rufhum,sora,spotow,swathr,towwar,treswa,daejun,varthr,vigswa,whcspa,wilsni1,wlswar,yelwar",1,2217390787,20.280000000000655
113,gurobi,0.5,41,148510,"amegfi,amekes,amerob,baleag,belkin1,bewwre,bkhgro,brebla,brncre,cangoo,chbchi,chispa,dowwoo,eursta,norfli,gockin,houfin,houspa,norhar1,orcwar,olsfly,osprey,pacwre1,pasfly,purfin,purmar,rebnut,rebsap,redcro,rufhum,rewbla,savspa,swathr,towwar,treswa,yerwar,varthr,vigswa,whcspa,westan,wilsni1",1,4817778670,18.200000000000728
114,gurobi,0.6,41,148510,"amegfi,amerob,baleag,belkin1,bnhcow,bkhgro,brebla,batpig1,cangoo,cedwax,amecro,dowwoo,eucdov,eursta,evegro,foxspa,gockin,haiwoo,houfin,macwar,moudov,norhar1,orcwar,osprey,pinsis,pasfly,purmar,rebsap,redcro,rocpig,rufhum,sora,sonspa,towwar,yerwar,varthr,warvir,whcspa,westan,wilsni1,wlswar",1,7538907378,18.44000000000051
115,gurobi,0.7000000000000001,41,148510,"amegfi,amerob,annhum,baleag,barswa,belkin1,bkhgro,brncre,batpig1,bushti,cedwax,amecro,dowwoo,eucdov,eursta,evegro,gockin,hutvir,norhar1,olsfly,pacwre1,pinsis,rebnut,rebsap,redcro,sora,sonspa,spotow,stejay,swathr,towwar,treswa,yerwar,varthr,vigswa,warvir,whcspa,westan,wilsni1,wlswar,yelwar",1,14157805532,17.670000000000073
116,gurobi,0.8,41,148510,"amegfi,amekes,amerob,brdowl,bnhcow,bkhgro,brncre,batpig1,bushti,cangoo,chbchi,cedwax,coohaw,comrav,amecro,eursta,evegro,foxspa,gockin,haiwoo,houfin,hutvir,pacwre1,pinsis,purmar,rebsap,redcro,rocpig,rufhum,rewbla,sora,sonspa,swathr,towwar,treswa,yerwar,warvir,whcspa,wilsni1,wlswar,wooduc",1,27850732537,17.25
117,gurobi,0.9,41,148510,"amegfi,amerob,annhum,barswa,belkin1,bewwre,bnhcow,bkhgro,brebla,batpig1,bushti,chbchi,chispa,coohaw,comrav,amecro,evegro,norfli,foxspa,houspa,houwre,norhar1,olsfly,pinsis,pilwoo,pasfly,rebnut,rebsap,rocpig,rewbla,savspa,sora,spotow,swathr,treswa,daejun,yerwar,warvir,whcspa,westan,yelwar",1,48302376274,16.890000000001237
118,gurobi,0.1,56,148510,"amegfi,amerob,annhum,baleag,brdowl,belkin1,bewwre,bnhcow,brncre,batpig1,cangoo,chispa,coohaw,comrav,amecro,dowwoo,eucdov,eursta,evegro,foxspa,gockin,houfin,houwre,hutvir,macwar,norhar1,orcwar,olsfly,osprey,pacwre1,pinsis,purfin,purmar,rebnut,rebsap,redcro,rocpig,rethaw,rufhum,rewbla,savspa,sonspa,swathr,towwar,treswa,daejun,yerwar,varthr,vigswa,warvir,whcspa,westan,wilsni1,wlswar,wooduc,yelwar",1,110401254,24.609999999998763
119,gurobi,0.2,56,148510,"amegfi,amekes,amerob,baleag,barswa,brdowl,bnhcow,bkhgro,brebla,brncre,batpig1,bushti,chbchi,cedwax,chispa,coohaw,dowwoo,eucdov,eursta,evegro,norfli,foxspa,gockin,haiwoo,houfin,houspa,macwar,moudov,norhar1,orcwar,osprey,pacwre1,pilwoo,pasfly,rebnut,rebsap,redcro,rocpig,rethaw,rufhum,rewbla,savspa,sora,sonspa,swathr,towwar,daejun,yerwar,varthr,vigswa,warvir,whcspa,westan,wilsni1,wooduc,yelwar",1,346878513,27.330000000001746
120,gurobi,0.30000000000000004,56,148510,"amegfi,amerob,annhum,barswa,belkin1,bewwre,bkhgro,brebla,brncre,bushti,cangoo,chbchi,chispa,coohaw,comrav,amecro,dowwoo,eucdov,eursta,evegro,norfli,foxspa,gockin,haiwoo,houfin,houspa,houwre,macwar,moudov,norhar1,olsfly,pacwre1,pinsis,pilwoo,pasfly,purmar,rebnut,rebsap,redcro,rethaw,rewbla,savspa,sora,sonspa,spotow,stejay,towwar,treswa,yerwar,varthr,vigswa,warvir,whcspa,westan,wilsni1,wooduc",1,1102508942,27.270000000000437
121,gurobi,0.4,56,148510,"amegfi,amekes,amerob,annhum,baleag,brdowl,belkin1,bewwre,bnhcow,brebla,brncre,batpig1,bushti,cedwax,comrav,amecro,dowwoo,eucdov,evegro,gockin,haiwoo,houfin,houspa,houwre,hutvir,macwar,moudov,orcwar,olsfly,osprey,pacwre1,pinsis,pilwoo,pasfly,rocpig,rethaw,rufhum,rewbla,savspa,sora,sonspa,spotow,stejay,swathr,towwar,treswa,daejun,yerwar,varthr,vigswa,warvir,whcspa,wilsni1,wlswar,wooduc,yelwar",1,2395384686,26.540000000000873
122,gurobi,0.5,56,148510,"amegfi,amekes,amerob,annhum,baleag,brdowl,bnhcow,bkhgro,brebla,brncre,batpig1,bushti,cangoo,chbchi,chispa,coohaw,comrav,amecro,dowwoo,eucdov,eursta,evegro,norfli,gockin,houfin,houspa,hutvir,macwar,moudov,norhar1,olsfly,osprey,pacwre1,pinsis,pilwoo,pasfly,purfin,purmar,rebsap,redcro,rocpig,rethaw,rufhum,savspa,spotow,stejay,swathr,treswa,varthr,vigswa,whcspa,westan,wilsni1,wlswar,wooduc,yelwar",1,4907869004,25.94999999999709
123,gurobi,0.6,56,148510,"amegfi,amekes,amerob,annhum,barswa,brdowl,belkin1,bewwre,bnhcow,bkhgro,brebla,brncre,bushti,cangoo,chbchi,cedwax,chispa,coohaw,comrav,dowwoo,eucdov,eursta,evegro,norfli,foxspa,gockin,haiwoo,houwre,hutvir,macwar,moudov,norhar1,olsfly,osprey,pacwre1,pinsis,pilwoo,pasfly,purfin,redcro,rufhum,rewbla,sora,sonspa,spotow,swathr,towwar,treswa,daejun,yerwar,warvir,whcspa,westan,wilsni1,wlswar,wooduc",1,7322027641,24.720000000001164
124,gurobi,0.7000000000000001,56,148510,"amegfi,amerob,annhum,barswa,brdowl,belkin1,bewwre,bnhcow,brebla,brncre,batpig1,bushti,chbchi,cedwax,coohaw,comrav,amecro,dowwoo,eursta,evegro,norfli,foxspa,gockin,haiwoo,houfin,houspa,houwre,hutvir,macwar,moudov,orcwar,pacwre1,pilwoo,pasfly,purfin,purmar,rebnut,rebsap,rocpig,rethaw,rufhum,rewbla,sora,swathr,towwar,treswa,daejun,varthr,vigswa,warvir,whcspa,westan,wilsni1,wlswar,wooduc,yelwar",1,18129582447,24.56000000000131
125,gurobi,0.8,56,148510,"amegfi,amekes,amerob,annhum,baleag,belkin1,bkhgro,brebla,brncre,batpig1,bushti,cangoo,cedwax,coohaw,comrav,amecro,dowwoo,evegro,norfli,gockin,houspa,houwre,hutvir,macwar,moudov,norhar1,orcwar,olsfly,pacwre1,pinsis,pilwoo,pasfly,purmar,rebnut,redcro,rocpig,rethaw,rufhum,rewbla,savspa,sora,sonspa,spotow,stejay,swathr,towwar,daejun,yerwar,varthr,vigswa,warvir,whcspa,westan,wlswar,wooduc,yelwar",1,30272679511,24.029999999998836
126,gurobi,0.9,56,148510,"amegfi,amekes,annhum,baleag,brdowl,belkin1,bewwre,bnhcow,bkhgro,brebla,brncre,batpig1,cangoo,chbchi,cedwax,coohaw,comrav,amecro,dowwoo,eucdov,eursta,evegro,norfli,foxspa,gockin,houfin,houspa,houwre,hutvir,macwar,moudov,orcwar,osprey,pilwoo,pasfly,purmar,rebnut,rebsap,rethaw,rufhum,rewbla,savspa,sora,sonspa,spotow,stejay,towwar,treswa,yerwar,varthr,warvir,whcspa,westan,wlswar,wooduc,yelwar",1,47687516852,22.860000000000582
127,gurobi,0.1,72,148510,"amegfi,amekes,amerob,annhum,baleag,barswa,brdowl,belkin1,bewwre,bnhcow,bkhgro,brebla,brncre,batpig1,bushti,cangoo,chbchi,cedwax,chispa,coohaw,comrav,amecro,dowwoo,eucdov,eursta,evegro,norfli,foxspa,gockin,haiwoo,houfin,houspa,houwre,hutvir,macwar,moudov,norhar1,orcwar,olsfly,osprey,pacwre1,pinsis,pilwoo,pasfly,purfin,purmar,rebnut,rebsap,redcro,rocpig,rethaw,rufhum,rewbla,savspa,sora,sonspa,spotow,stejay,swathr,towwar,treswa,daejun,yerwar,varthr,vigswa,warvir,whcspa,westan,wilsni1,wlswar,wooduc,yelwar",1,114939656,34.150000000001455
128,gurobi,0.2,72,148510,"amegfi,amekes,amerob,annhum,baleag,barswa,brdowl,belkin1,bewwre,bnhcow,bkhgro,brebla,brncre,batpig1,bushti,cangoo,chbchi,cedwax,chispa,coohaw,comrav,amecro,dowwoo,eucdov,eursta,evegro,norfli,foxspa,gockin,haiwoo,houfin,houspa,houwre,hutvir,macwar,moudov,norhar1,orcwar,olsfly,osprey,pacwre1,pinsis,pilwoo,pasfly,purfin,purmar,rebnut,rebsap,redcro,rocpig,rethaw,rufhum,rewbla,savspa,sora,sonspa,spotow,stejay,swathr,towwar,treswa,daejun,yerwar,varthr,vigswa,warvir,whcspa,westan,wilsni1,wlswar,wooduc,yelwar",1,443903381,34.29999999999927
129,gurobi,0.30000000000000004,72,148510,"amegfi,amekes,amerob,annhum,baleag,barswa,brdowl,belkin1,bewwre,bnhcow,bkhgro,brebla,brncre,batpig1,bushti,cangoo,chbchi,cedwax,chispa,coohaw,comrav,amecro,dowwoo,eucdov,eursta,evegro,norfli,foxspa,gockin,haiwoo,houfin,houspa,houwre,hutvir,macwar,moudov,norhar1,orcwar,olsfly,osprey,pacwre1,pinsis,pilwoo,pasfly,purfin,purmar,rebnut,rebsap,redcro,rocpig,rethaw,rufhum,rewbla,savspa,sora,sonspa,spotow,stejay,swathr,towwar,treswa,daejun,yerwar,varthr,vigswa,warvir,whcspa,westan,wilsni1,wlswar,wooduc,yelwar",1,1088762314,39.5
130,gurobi,0.4,72,148510,"amegfi,amekes,amerob,annhum,baleag,barswa,brdowl,belkin1,bewwre,bnhcow,bkhgro,brebla,brncre,batpig1,bushti,cangoo,chbchi,cedwax,chispa,coohaw,comrav,amecro,dowwoo,eucdov,eursta,evegro,norfli,foxspa,gockin,haiwoo,houfin,houspa,houwre,hutvir,macwar,moudov,norhar1,orcwar,olsfly,osprey,pacwre1,pinsis,pilwoo,pasfly,purfin,purmar,rebnut,rebsap,redcro,rocpig,rethaw,rufhum,rewbla,savspa,sora,sonspa,spotow,stejay,swathr,towwar,treswa,daejun,yerwar,varthr,vigswa,warvir,whcspa,westan,wilsni1,wlswar,wooduc,yelwar",1,2416038750,35.779999999998836
131,gurobi,0.5,72,148510,"amegfi,amekes,amerob,annhum,baleag,barswa,brdowl,belkin1,bewwre,bnhcow,bkhgro,brebla,brncre,batpig1,bushti,cangoo,chbchi,cedwax,chispa,coohaw,comrav,amecro,dowwoo,eucdov,eursta,evegro,norfli,foxspa,gockin,haiwoo,houfin,houspa,houwre,hutvir,macwar,moudov,norhar1,orcwar,olsfly,osprey,pacwre1,pinsis,pilwoo,pasfly,purfin,purmar,rebnut,rebsap,redcro,rocpig,rethaw,rufhum,rewbla,savspa,sora,sonspa,spotow,stejay,swathr,towwar,treswa,daejun,yerwar,varthr,vigswa,warvir,whcspa,westan,wilsni1,wlswar,wooduc,yelwar",1,4943242031,34.32999999999811
132,gurobi,0.6,72,148510,"amegfi,amekes,amerob,annhum,baleag,barswa,brdowl,belkin1,bewwre,bnhcow,bkhgro,brebla,brncre,batpig1,bushti,cangoo,chbchi,cedwax,chispa,coohaw,comrav,amecro,dowwoo,eucdov,eursta,evegro,norfli,foxspa,gockin,haiwoo,houfin,houspa,houwre,hutvir,macwar,moudov,norhar1,orcwar,olsfly,osprey,pacwre1,pinsis,pilwoo,pasfly,purfin,purmar,rebnut,rebsap,redcro,rocpig,rethaw,rufhum,rewbla,savspa,sora,sonspa,spotow,stejay,swathr,towwar,treswa,daejun,yerwar,varthr,vigswa,warvir,whcspa,westan,wilsni1,wlswar,wooduc,yelwar",1,10131410997,33.38999999999942
133,gurobi,0.7000000000000001,72,148510,"amegfi,amekes,amerob,annhum,baleag,barswa,brdowl,belkin1,bewwre,bnhcow,bkhgro,brebla,brncre,batpig1,bushti,cangoo,chbchi,cedwax,chispa,coohaw,comrav,amecro,dowwoo,eucdov,eursta,evegro,norfli,foxspa,gockin,haiwoo,houfin,houspa,houwre,hutvir,macwar,moudov,norhar1,orcwar,olsfly,osprey,pacwre1,pinsis,pilwoo,pasfly,purfin,purmar,rebnut,rebsap,redcro,rocpig,rethaw,rufhum,rewbla,savspa,sora,sonspa,spotow,stejay,swathr,towwar,treswa,daejun,yerwar,varthr,vigswa,warvir,whcspa,westan,wilsni1,wlswar,wooduc,yelwar",1,18335843898,31.790000000000873
134,gurobi,0.8,72,148510,"amegfi,amekes,amerob,annhum,baleag,barswa,brdowl,belkin1,bewwre,bnhcow,bkhgro,brebla,brncre,batpig1,bushti,cangoo,chbchi,cedwax,chispa,coohaw,comrav,amecro,dowwoo,eucdov,eursta,evegro,norfli,foxspa,gockin,haiwoo,houfin,houspa,houwre,hutvir,macwar,moudov,norhar1,orcwar,olsfly,osprey,pacwre1,pinsis,pilwoo,pasfly,purfin,purmar,rebnut,rebsap,redcro,rocpig,rethaw,rufhum,rewbla,savspa,sora,sonspa,spotow,stejay,swathr,towwar,treswa,daejun,yerwar,varthr,vigswa,warvir,whcspa,westan,wilsni1,wlswar,wooduc,yelwar",1,30499703390,30.69999999999709
135,gurobi,0.9,72,148510,"amegfi,amekes,amerob,annhum,baleag,barswa,brdowl,belkin1,bewwre,bnhcow,bkhgro,brebla,brncre,batpig1,bushti,cangoo,chbchi,cedwax,chispa,coohaw,comrav,amecro,dowwoo,eucdov,eursta,evegro,norfli,foxspa,gockin,haiwoo,houfin,houspa,houwre,hutvir,macwar,moudov,norhar1,orcwar,olsfly,osprey,pacwre1,pinsis,pilwoo,pasfly,purfin,purmar,rebnut,rebsap,redcro,rocpig,rethaw,rufhum,rewbla,savspa,sora,sonspa,spotow,stejay,swathr,towwar,treswa,daejun,yerwar,varthr,vigswa,warvir,whcspa,westan,wilsni1,wlswar,wooduc,yelwar",1,47906264730,30.020000000000437
1,rsymphony,0.1,10,9282,"annhum,batpig1,coohaw,norfli,pacwre1,pilwoo,treswa,yerwar,wilsni1,wlswar",1,6795940,0.7399999999999523
2,rsymphony,0.2,10,9282,"bnhcow,amecro,norfli,houspa,norhar1,olsfly,rebnut,rewbla,yerwar,westan",1,20602141,0.910000000000025
3,rsymphony,0.30000000000000004,10,9282,"belkin1,bewwre,cedwax,chispa,coohaw,eucdov,purmar,rocpig,spotow,swathr",1,35279252,2.1100000000000136
4,rsymphony,0.4,10,9282,"bkhgro,batpig1,dowwoo,eursta,evegro,macwar,purmar,rocpig,sora,wooduc",1,93790817,1.9700000000000273
5,rsymphony,0.5,10,9282,"belkin1,bewwre,batpig1,chbchi,cedwax,eucdov,norfli,gockin,purmar,stejay",1,92662986,1.1099999999999568
6,rsymphony,0.6,10,9282,"brdowl,bewwre,chispa,eursta,foxspa,pasfly,purfin,rethaw,westan,wlswar",1,241862531,1.490000000000009
7,rsymphony,0.7000000000000001,10,9282,"amerob,bkhgro,brncre,foxspa,houspa,orcwar,pasfly,purmar,rethaw,whcspa",1,1056266711,2.079999999999984
8,rsymphony,0.8,10,9282,"amekes,amecro,foxspa,houspa,moudov,norhar1,rebnut,rocpig,sora,wlswar",1,1922942635,1.8500000000000227
9,rsymphony,0.9,10,9282,"belkin1,cangoo,chbchi,eursta,evegro,houfin,norhar1,purfin,purmar,rocpig",1,2773294494,2.079999999999984
10,rsymphony,0.1,26,9282,"amerob,annhum,belkin1,bewwre,bnhcow,brebla,brncre,bushti,chbchi,comrav,eursta,norfli,foxspa,gockin,haiwoo,houwre,osprey,rethaw,rufhum,stejay,treswa,daejun,vigswa,wilsni1,wlswar,wooduc",1,6490514,1.2699999999999818
11,rsymphony,0.2,26,9282,"amerob,bushti,cangoo,chbchi,cedwax,chispa,coohaw,comrav,amecro,eucdov,norfli,foxspa,gockin,haiwoo,houspa,norhar1,purfin,rebsap,rewbla,sora,stejay,swathr,vigswa,westan,wlswar,yelwar",1,20505896,1.2099999999999795
12,rsymphony,0.30000000000000004,26,9282,"amerob,annhum,baleag,barswa,belkin1,bewwre,brebla,batpig1,cangoo,comrav,dowwoo,eucdov,eursta,norfli,houfin,hutvir,olsfly,purfin,rebnut,rocpig,rewbla,sora,sonspa,whcspa,wooduc,yelwar",1,65220200,2.3000000000000114
13,rsymphony,0.4,26,9282,"amegfi,belkin1,bewwre,bkhgro,brebla,brncre,cedwax,eucdov,norfli,gockin,haiwoo,houfin,houwre,macwar,olsfly,pacwre1,pilwoo,pasfly,rebnut,rebsap,savspa,sonspa,towwar,yerwar,wlswar,wooduc",1,101811731,2.2900000000000205
14,rsymphony,0.5,26,9282,"amerob,barswa,belkin1,brncre,batpig1,chbchi,cedwax,eucdov,gockin,houfin,houwre,macwar,pinsis,purmar,rebsap,rocpig,rethaw,spotow,stejay,treswa,daejun,yerwar,vigswa,warvir,whcspa,yelwar",1,238614023,2.9399999999999977
15,rsymphony,0.6,26,9282,"amegfi,amekes,annhum,barswa,cedwax,dowwoo,eursta,evegro,houfin,hutvir,moudov,pinsis,purfin,rebnut,rocpig,rethaw,rewbla,savspa,sonspa,spotow,daejun,warvir,whcspa,westan,wooduc,yelwar",1,545661828,1.75
16,rsymphony,0.7000000000000001,26,9282,"amegfi,amekes,barswa,bkhgro,brncre,cangoo,cedwax,comrav,eucdov,eursta,houfin,hutvir,moudov,orcwar,purfin,purmar,rebsap,rocpig,rewbla,swathr,towwar,treswa,daejun,wilsni1,wlswar,wooduc",1,972799852,1.8799999999999955
17,rsymphony,0.8,26,9282,"amerob,barswa,bewwre,bnhcow,bushti,cedwax,chispa,gockin,houspa,houwre,macwar,osprey,pinsis,pilwoo,purmar,rewbla,savspa,spotow,stejay,treswa,yerwar,varthr,vigswa,westan,wilsni1,wooduc",1,1841185685,3.3799999999999955
18,rsymphony,0.9,26,9282,"amekes,bewwre,chispa,coohaw,comrav,dowwoo,eucdov,evegro,haiwoo,houfin,houspa,pacwre1,pilwoo,purfin,purmar,rebnut,redcro,rocpig,rufhum,sora,sonspa,yerwar,varthr,whcspa,wilsni1,wlswar",1,3043066242,4.100000000000023
19,rsymphony,0.1,41,9282,"amegfi,amerob,annhum,brdowl,belkin1,bewwre,brncre,batpig1,bushti,cedwax,coohaw,dowwoo,eucdov,eursta,evegro,haiwoo,houspa,houwre,moudov,olsfly,osprey,pacwre1,pinsis,pilwoo,purfin,rebsap,redcro,rocpig,rufhum,spotow,stejay,swathr,treswa,daejun,yerwar,varthr,vigswa,warvir,wilsni1,wooduc,yelwar",1,7515932,1.0600000000000023
20,rsymphony,0.2,41,9282,"amegfi,amekes,amerob,annhum,baleag,barswa,bewwre,brebla,brncre,batpig1,bushti,cedwax,coohaw,comrav,eursta,evegro,norfli,gockin,houwre,hutvir,macwar,moudov,norhar1,orcwar,osprey,pasfly,purfin,redcro,rocpig,rethaw,rufhum,savspa,sora,sonspa,stejay,towwar,treswa,yerwar,westan,wilsni1,wooduc",1,25181317,1.0899999999999181
21,rsymphony,0.30000000000000004,41,9282,"amekes,amerob,annhum,barswa,brdowl,bewwre,bkhgro,brebla,batpig1,cedwax,coohaw,eucdov,eursta,evegro,norfli,gockin,houfin,houspa,hutvir,macwar,norhar1,olsfly,pacwre1,pilwoo,pasfly,purfin,rebnut,rocpig,rufhum,rewbla,savspa,sonspa,spotow,swathr,daejun,yerwar,vigswa,warvir,westan,wlswar,wooduc",1,68088069,1.3099999999999454
22,rsymphony,0.4,41,9282,"amegfi,amekes,annhum,baleag,barswa,brdowl,belkin1,bewwre,bkhgro,brebla,batpig1,bushti,chbchi,comrav,amecro,dowwoo,eucdov,evegro,foxspa,haiwoo,houwre,hutvir,macwar,osprey,pacwre1,pinsis,pasfly,purfin,purmar,rebnut,rocpig,rethaw,rewbla,sonspa,spotow,stejay,treswa,daejun,wlswar,wooduc,yelwar",1,142006221,1.6499999999999773
23,rsymphony,0.5,41,9282,"amekes,baleag,brdowl,brebla,batpig1,cangoo,chbchi,coohaw,dowwoo,eucdov,eursta,evegro,norfli,gockin,haiwoo,houfin,houwre,macwar,moudov,olsfly,pacwre1,pinsis,pasfly,rebnut,redcro,rethaw,rufhum,rewbla,sonspa,stejay,swathr,towwar,treswa,daejun,yerwar,vigswa,whcspa,westan,wlswar,wooduc,yelwar",1,208650971,2.6099999999999
24,rsymphony,0.6,41,9282,"brdowl,bewwre,brebla,brncre,batpig1,bushti,chbchi,cedwax,chispa,coohaw,comrav,amecro,eursta,evegro,foxspa,haiwoo,houfin,houspa,houwre,hutvir,moudov,orcwar,olsfly,osprey,pacwre1,pinsis,pilwoo,purmar,rebsap,rewbla,savspa,sora,sonspa,stejay,swathr,treswa,yerwar,warvir,westan,wlswar,wooduc",1,602614681,4.3900000000001
25,rsymphony,0.7000000000000001,41,9282,"barswa,bkhgro,brebla,batpig1,bushti,cangoo,cedwax,coohaw,comrav,amecro,dowwoo,evegro,norfli,gockin,haiwoo,houspa,macwar,norhar1,olsfly,pacwre1,pinsis,pilwoo,pasfly,purfin,purmar,rebnut,redcro,rocpig,savspa,sora,sonspa,spotow,swathr,towwar,treswa,daejun,varthr,whcspa,westan,wilsni1,wooduc",1,1156437981,3.480000000000018
26,rsymphony,0.8,41,9282,"amekes,baleag,barswa,belkin1,bewwre,bnhcow,bkhgro,bushti,cangoo,chbchi,comrav,dowwoo,eucdov,eursta,foxspa,gockin,houfin,houspa,houwre,hutvir,macwar,moudov,orcwar,olsfly,osprey,pacwre1,pilwoo,purmar,rebnut,rocpig,rufhum,sora,swathr,treswa,daejun,yerwar,varthr,warvir,whcspa,wlswar,wooduc",1,1899079752,3.519999999999982
27,rsymphony,0.9,41,9282,"amegfi,amekes,annhum,baleag,barswa,belkin1,bnhcow,bushti,cangoo,cedwax,comrav,eursta,evegro,norfli,foxspa,houspa,moudov,orcwar,olsfly,osprey,purfin,rebnut,rocpig,rethaw,rufhum,rewbla,savspa,sora,sonspa,swathr,towwar,treswa,daejun,yerwar,varthr,vigswa,warvir,whcspa,wilsni1,wlswar,wooduc",1,2778778773,5.0499999999999545
28,rsymphony,0.1,56,9282,"amegfi,amekes,amerob,annhum,baleag,barswa,brdowl,belkin1,bewwre,bnhcow,bkhgro,brebla,batpig1,bushti,cangoo,chbchi,cedwax,coohaw,amecro,eucdov,eursta,evegro,norfli,foxspa,gockin,haiwoo,houfin,houwre,hutvir,macwar,moudov,orcwar,olsfly,osprey,pacwre1,pinsis,pasfly,purfin,purmar,rebnut,rocpig,rufhum,sora,sonspa,spotow,swathr,towwar,treswa,varthr,vigswa,warvir,whcspa,wilsni1,wlswar,wooduc,yelwar",1,6988987,1.1399999999999864
29,rsymphony,0.2,56,9282,"amekes,amerob,baleag,barswa,brdowl,belkin1,bewwre,bnhcow,bkhgro,brebla,brncre,cangoo,chbchi,cedwax,coohaw,comrav,amecro,dowwoo,eucdov,eursta,norfli,foxspa,gockin,haiwoo,houspa,houwre,hutvir,moudov,norhar1,orcwar,olsfly,pacwre1,pinsis,pilwoo,purfin,purmar,rebsap,redcro,rocpig,rethaw,rufhum,rewbla,sora,sonspa,spotow,swathr,towwar,treswa,daejun,varthr,vigswa,whcspa,westan,wilsni1,wlswar,yelwar",1,21380417,2.2200000000000273
30,rsymphony,0.30000000000000004,56,9282,"amegfi,annhum,brdowl,belkin1,bewwre,bnhcow,bkhgro,brebla,brncre,batpig1,cangoo,chbchi,cedwax,chispa,comrav,amecro,dowwoo,eucdov,evegro,foxspa,gockin,haiwoo,houfin,houspa,hutvir,macwar,moudov,norhar1,olsfly,osprey,pacwre1,pilwoo,pasfly,purfin,purmar,rebnut,rebsap,redcro,rethaw,rufhum,rewbla,spotow,stejay,swathr,towwar,treswa,daejun,yerwar,varthr,vigswa,warvir,whcspa,westan,wilsni1,wlswar,yelwar",1,65997268,2.060000000000059
31,rsymphony,0.4,56,9282,"amegfi,amekes,annhum,baleag,barswa,belkin1,bewwre,bnhcow,bkhgro,brebla,brncre,cangoo,chbchi,coohaw,comrav,amecro,dowwoo,eucdov,evegro,norfli,foxspa,haiwoo,houfin,hutvir,macwar,moudov,norhar1,orcwar,olsfly,osprey,pacwre1,pinsis,pilwoo,pasfly,purmar,rebnut,rebsap,redcro,rocpig,rethaw,rufhum,rewbla,savspa,sora,sonspa,stejay,swathr,towwar,treswa,yerwar,varthr,vigswa,warvir,whcspa,wilsni1,wlswar",1,145082685,3.7799999999999727
32,rsymphony,0.5,56,9282,"amekes,amerob,annhum,barswa,brdowl,belkin1,bnhcow,brebla,brncre,batpig1,bushti,cangoo,chbchi,cedwax,chispa,coohaw,comrav,amecro,dowwoo,eursta,evegro,norfli,foxspa,haiwoo,houfin,houspa,hutvir,macwar,norhar1,orcwar,olsfly,pacwre1,pinsis,pilwoo,pasfly,purfin,rebnut,rebsap,rocpig,rethaw,rufhum,savspa,sora,sonspa,spotow,stejay,swathr,towwar,treswa,daejun,yerwar,varthr,warvir,westan,wilsni1,wlswar",1,310911051,2.57000000000005
33,rsymphony,0.6,56,9282,"amegfi,amekes,annhum,baleag,barswa,brdowl,bnhcow,brebla,batpig1,bushti,cangoo,chbchi,cedwax,chispa,coohaw,comrav,dowwoo,eucdov,eursta,evegro,foxspa,haiwoo,houfin,houwre,hutvir,macwar,moudov,orcwar,olsfly,pacwre1,pinsis,pilwoo,pasfly,purfin,purmar,rebnut,redcro,rocpig,rethaw,rufhum,savspa,sora,spotow,stejay,swathr,towwar,treswa,daejun,yerwar,varthr,vigswa,whcspa,wilsni1,wlswar,wooduc,yelwar",1,509558114,2.1800000000000637
34,rsymphony,0.7000000000000001,56,9282,"amegfi,amekes,annhum,baleag,brdowl,belkin1,bewwre,bnhcow,bkhgro,brebla,brncre,bushti,chbchi,chispa,coohaw,amecro,dowwoo,eucdov,eursta,evegro,norfli,gockin,haiwoo,houwre,hutvir,orcwar,olsfly,pacwre1,pinsis,pasfly,purfin,purmar,rebnut,rebsap,redcro,rocpig,rethaw,rewbla,savspa,sora,sonspa,spotow,stejay,towwar,treswa,daejun,yerwar,varthr,vigswa,warvir,whcspa,westan,wilsni1,wlswar,wooduc,yelwar",1,993185653,2.75
35,rsymphony,0.8,56,9282,"amegfi,amekes,amerob,annhum,barswa,brdowl,belkin1,bewwre,bnhcow,brebla,brncre,batpig1,chbchi,cedwax,coohaw,comrav,amecro,dowwoo,eucdov,eursta,evegro,foxspa,haiwoo,houspa,houwre,hutvir,macwar,moudov,orcwar,pinsis,pilwoo,pasfly,purfin,purmar,rebnut,rebsap,redcro,rocpig,rethaw,rufhum,rewbla,savspa,sora,sonspa,spotow,stejay,swathr,towwar,treswa,yerwar,varthr,vigswa,warvir,whcspa,wlswar,yelwar",1,1852669842,3.32000000000005
36,rsymphony,0.9,56,9282,"amegfi,amekes,amerob,annhum,baleag,barswa,brdowl,bewwre,bnhcow,bkhgro,brebla,brncre,batpig1,bushti,cangoo,chbchi,cedwax,coohaw,amecro,dowwoo,evegro,foxspa,haiwoo,houfin,houspa,houwre,hutvir,macwar,moudov,norhar1,olsfly,osprey,pacwre1,pinsis,purfin,purmar,rebnut,redcro,rocpig,rethaw,rufhum,rewbla,savspa,sora,spotow,stejay,swathr,towwar,treswa,varthr,vigswa,warvir,whcspa,wilsni1,wooduc,yelwar",1,3045136216,2.769999999999982
37,rsymphony,0.1,72,9282,"amegfi,amekes,amerob,annhum,baleag,barswa,brdowl,belkin1,bewwre,bnhcow,bkhgro,brebla,brncre,batpig1,bushti,cangoo,chbchi,cedwax,chispa,coohaw,comrav,amecro,dowwoo,eucdov,eursta,evegro,norfli,foxspa,gockin,haiwoo,houfin,houspa,houwre,hutvir,macwar,moudov,norhar1,orcwar,olsfly,osprey,pacwre1,pinsis,pilwoo,pasfly,purfin,purmar,rebnut,rebsap,redcro,rocpig,rethaw,rufhum,rewbla,savspa,sora,sonspa,spotow,stejay,swathr,towwar,treswa,daejun,yerwar,varthr,vigswa,warvir,whcspa,westan,wilsni1,wlswar,wooduc,yelwar",1,7121785,2.1400000000001
38,rsymphony,0.2,72,9282,"amegfi,amekes,amerob,annhum,baleag,barswa,brdowl,belkin1,bewwre,bnhcow,bkhgro,brebla,brncre,batpig1,bushti,cangoo,chbchi,cedwax,chispa,coohaw,comrav,amecro,dowwoo,eucdov,eursta,evegro,norfli,foxspa,gockin,haiwoo,houfin,houspa,houwre,hutvir,macwar,moudov,norhar1,orcwar,olsfly,osprey,pacwre1,pinsis,pilwoo,pasfly,purfin,purmar,rebnut,rebsap,redcro,rocpig,rethaw,rufhum,rewbla,savspa,sora,sonspa,spotow,stejay,swathr,towwar,treswa,daejun,yerwar,varthr,vigswa,warvir,whcspa,westan,wilsni1,wlswar,wooduc,yelwar",1,29623409,2.589999999999918
39,rsymphony,0.30000000000000004,72,9282,"amegfi,amekes,amerob,annhum,baleag,barswa,brdowl,belkin1,bewwre,bnhcow,bkhgro,brebla,brncre,batpig1,bushti,cangoo,chbchi,cedwax,chispa,coohaw,comrav,amecro,dowwoo,eucdov,eursta,evegro,norfli,foxspa,gockin,haiwoo,houfin,houspa,houwre,hutvir,macwar,moudov,norhar1,orcwar,olsfly,osprey,pacwre1,pinsis,pilwoo,pasfly,purfin,purmar,rebnut,rebsap,redcro,rocpig,rethaw,rufhum,rewbla,savspa,sora,sonspa,spotow,stejay,swathr,towwar,treswa,daejun,yerwar,varthr,vigswa,warvir,whcspa,westan,wilsni1,wlswar,wooduc,yelwar",1,71884189,1.7799999999999727
40,rsymphony,0.4,72,9282,"amegfi,amekes,amerob,annhum,baleag,barswa,brdowl,belkin1,bewwre,bnhcow,bkhgro,brebla,brncre,batpig1,bushti,cangoo,chbchi,cedwax,chispa,coohaw,comrav,amecro,dowwoo,eucdov,eursta,evegro,norfli,foxspa,gockin,haiwoo,houfin,houspa,houwre,hutvir,macwar,moudov,norhar1,orcwar,olsfly,osprey,pacwre1,pinsis,pilwoo,pasfly,purfin,purmar,rebnut,rebsap,redcro,rocpig,rethaw,rufhum,rewbla,savspa,sora,sonspa,spotow,stejay,swathr,towwar,treswa,daejun,yerwar,varthr,vigswa,warvir,whcspa,westan,wilsni1,wlswar,wooduc,yelwar",1,152013363,2.1299999999999955
41,rsymphony,0.5,72,9282,"amegfi,amekes,amerob,annhum,baleag,barswa,brdowl,belkin1,bewwre,bnhcow,bkhgro,brebla,brncre,batpig1,bushti,cangoo,chbchi,cedwax,chispa,coohaw,comrav,amecro,dowwoo,eucdov,eursta,evegro,norfli,foxspa,gockin,haiwoo,houfin,houspa,houwre,hutvir,macwar,moudov,norhar1,orcwar,olsfly,osprey,pacwre1,pinsis,pilwoo,pasfly,purfin,purmar,rebnut,rebsap,redcro,rocpig,rethaw,rufhum,rewbla,savspa,sora,sonspa,spotow,stejay,swathr,towwar,treswa,daejun,yerwar,varthr,vigswa,warvir,whcspa,westan,wilsni1,wlswar,wooduc,yelwar",1,340714895,2.3199999999999363
42,rsymphony,0.6,72,9282,"amegfi,amekes,amerob,annhum,baleag,barswa,brdowl,belkin1,bewwre,bnhcow,bkhgro,brebla,brncre,batpig1,bushti,cangoo,chbchi,cedwax,chispa,coohaw,comrav,amecro,dowwoo,eucdov,eursta,evegro,norfli,foxspa,gockin,haiwoo,houfin,houspa,houwre,hutvir,macwar,moudov,norhar1,orcwar,olsfly,osprey,pacwre1,pinsis,pilwoo,pasfly,purfin,purmar,rebnut,rebsap,redcro,rocpig,rethaw,rufhum,rewbla,savspa,sora,sonspa,spotow,stejay,swathr,towwar,treswa,daejun,yerwar,varthr,vigswa,warvir,whcspa,westan,wilsni1,wlswar,wooduc,yelwar",1,592422548,2.900000000000091
43,rsymphony,0.7000000000000001,72,9282,"amegfi,amekes,amerob,annhum,baleag,barswa,brdowl,belkin1,bewwre,bnhcow,bkhgro,brebla,brncre,batpig1,bushti,cangoo,chbchi,cedwax,chispa,coohaw,comrav,amecro,dowwoo,eucdov,eursta,evegro,norfli,foxspa,gockin,haiwoo,houfin,houspa,houwre,hutvir,macwar,moudov,norhar1,orcwar,olsfly,osprey,pacwre1,pinsis,pilwoo,pasfly,purfin,purmar,rebnut,rebsap,redcro,rocpig,rethaw,rufhum,rewbla,savspa,sora,sonspa,spotow,stejay,swathr,towwar,treswa,daejun,yerwar,varthr,vigswa,warvir,whcspa,westan,wilsni1,wlswar,wooduc,yelwar",1,1140098129,2.9700000000000273
44,rsymphony,0.8,72,9282,"amegfi,amekes,amerob,annhum,baleag,barswa,brdowl,belkin1,bewwre,bnhcow,bkhgro,brebla,brncre,batpig1,bushti,cangoo,chbchi,cedwax,chispa,coohaw,comrav,amecro,dowwoo,eucdov,eursta,evegro,norfli,foxspa,gockin,haiwoo,houfin,houspa,houwre,hutvir,macwar,moudov,norhar1,orcwar,olsfly,osprey,pacwre1,pinsis,pilwoo,pasfly,purfin,purmar,rebnut,rebsap,redcro,rocpig,rethaw,rufhum,rewbla,savspa,sora,sonspa,spotow,stejay,swathr,towwar,treswa,daejun,yerwar,varthr,vigswa,warvir,whcspa,westan,wilsni1,wlswar,wooduc,yelwar",1,1950699120,4.1200000000000045
45,rsymphony,0.9,72,9282,"amegfi,amekes,amerob,annhum,baleag,barswa,brdowl,belkin1,bewwre,bnhcow,bkhgro,brebla,brncre,batpig1,bushti,cangoo,chbchi,cedwax,chispa,coohaw,comrav,amecro,dowwoo,eucdov,eursta,evegro,norfli,foxspa,gockin,haiwoo,houfin,houspa,houwre,hutvir,macwar,moudov,norhar1,orcwar,olsfly,osprey,pacwre1,pinsis,pilwoo,pasfly,purfin,purmar,rebnut,rebsap,redcro,rocpig,rethaw,rufhum,rewbla,savspa,sora,sonspa,spotow,stejay,swathr,towwar,treswa,daejun,yerwar,varthr,vigswa,warvir,whcspa,westan,wilsni1,wlswar,wooduc,yelwar",1,3033029355,3.0599999999999454
46,rsymphony,0.1,10,37128,"amegfi,belkin1,bnhcow,houfin,houwre,rewbla,savspa,spotow,daejun,vigswa",1,18486428,7.809999999999945
47,rsymphony,0.2,10,37128,"amekes,chispa,dowwoo,gockin,haiwoo,hutvir,moudov,olsfly,sonspa,towwar",1,52942081,8.31000000000006
48,rsymphony,0.30000000000000004,10,37128,"brdowl,belkin1,bewwre,batpig1,norfli,foxspa,hutvir,norhar1,rocpig,wilsni1",1,148595167,8.059999999999945
49,rsymphony,0.4,10,37128,"annhum,batpig1,coohaw,evegro,houspa,osprey,stejay,treswa,daejun,vigswa",1,615793300,12.450000000000045
50,rsymphony,0.5,10,37128,"bushti,chbchi,amecro,hutvir,macwar,moudov,osprey,pasfly,savspa,sora",1,824128159,15.809999999999945
51,rsymphony,0.6,10,37128,"brebla,cangoo,chispa,eucdov,haiwoo,houfin,orcwar,pasfly,whcspa,wooduc",1,1721322316,20.6099999999999
52,rsymphony,0.7000000000000001,10,37128,"amerob,barswa,dowwoo,macwar,osprey,purfin,rethaw,treswa,westan,wlswar",1,1317892982,12.06000000000006
53,rsymphony,0.8,10,37128,"amerob,annhum,baleag,brncre,amecro,foxspa,houspa,rethaw,stejay,varthr",1,7424078109,17.41999999999996
54,rsymphony,0.9,10,37128,"amekes,eucdov,eursta,foxspa,olsfly,purfin,rebnut,rocpig,rufhum,yerwar",1,11058296924,35.620000000000005
55,rsymphony,0.1,26,37128,"amegfi,amekes,annhum,baleag,brdowl,bkhgro,brebla,bushti,chbchi,chispa,dowwoo,evegro,houfin,osprey,pilwoo,pasfly,purfin,purmar,rufhum,rewbla,sora,spotow,towwar,whcspa,wlswar,yelwar",1,26859414,7.5
56,rsymphony,0.2,26,37128,"amegfi,amerob,baleag,barswa,belkin1,bkhgro,chbchi,amecro,houspa,hutvir,macwar,norhar1,orcwar,pacwre1,pilwoo,pasfly,redcro,rewbla,sora,sonspa,spotow,towwar,vigswa,wilsni1,wooduc,yelwar",1,84276497,9.029999999999973
57,rsymphony,0.30000000000000004,26,37128,"amegfi,amekes,belkin1,bewwre,bkhgro,batpig1,chbchi,cedwax,comrav,norfli,foxspa,orcwar,pacwre1,pasfly,rebnut,rebsap,rewbla,savspa,sora,spotow,swathr,treswa,varthr,westan,wilsni1,wlswar",1,105697996,6.990000000000009
58,rsymphony,0.4,26,37128,"amegfi,barswa,brdowl,belkin1,bkhgro,brncre,cangoo,chbchi,coohaw,eursta,evegro,houwre,pinsis,pasfly,rebnut,rocpig,rufhum,rewbla,sora,sonspa,spotow,towwar,vigswa,whcspa,wlswar,yelwar",1,367672376,14.700000000000045
59,rsymphony,0.5,26,37128,"amegfi,amerob,barswa,bnhcow,brncre,batpig1,chbchi,coohaw,comrav,amecro,eucdov,norfli,houfin,houwre,norhar1,pinsis,pilwoo,purfin,purmar,rufhum,savspa,sora,treswa,whcspa,wlswar,yelwar",1,851891143,25.15000000000009
60,rsymphony,0.6,26,37128,"amegfi,amekes,amerob,annhum,barswa,bewwre,bnhcow,bkhgro,brebla,cangoo,eucdov,gockin,macwar,orcwar,pinsis,rebsap,rocpig,sora,swathr,towwar,daejun,yerwar,varthr,warvir,wilsni1,wlswar",1,2050708469,23.00999999999999
61,rsymphony,0.7000000000000001,26,37128,"amegfi,amerob,brdowl,bkhgro,batpig1,bushti,coohaw,amecro,gockin,norhar1,osprey,pasfly,rebnut,redcro,rocpig,rufhum,sora,spotow,stejay,swathr,treswa,yerwar,warvir,whcspa,westan,wlswar",1,3916559411,26.37000000000012
62,rsymphony,0.8,26,37128,"amegfi,amerob,baleag,barswa,bnhcow,brncre,cangoo,comrav,dowwoo,eursta,norfli,foxspa,gockin,moudov,pacwre1,pinsis,pasfly,rocpig,rethaw,rewbla,savspa,sonspa,stejay,towwar,vigswa,wilsni1",1,6216808166,82.13000000000011
63,rsymphony,0.9,26,37128,"amegfi,baleag,brdowl,bnhcow,bkhgro,brebla,brncre,comrav,eucdov,gockin,haiwoo,houspa,houwre,macwar,norhar1,orcwar,olsfly,osprey,rebsap,redcro,rethaw,rufhum,sonspa,stejay,whcspa,westan",1,11611156795,102.27999999999997
64,rsymphony,0.1,41,37128,"amegfi,amekes,baleag,barswa,bkhgro,brncre,bushti,cangoo,chispa,coohaw,amecro,eucdov,evegro,norfli,foxspa,gockin,houfin,houwre,hutvir,macwar,moudov,norhar1,orcwar,olsfly,pacwre1,pinsis,pilwoo,rebnut,rethaw,rufhum,rewbla,savspa,sonspa,spotow,stejay,treswa,daejun,yerwar,whcspa,westan,wooduc",1,21224834,10.029999999999973
65,rsymphony,0.2,41,37128,"amerob,brdowl,belkin1,bewwre,bkhgro,brebla,batpig1,bushti,chbchi,cedwax,chispa,amecro,dowwoo,eursta,evegro,norfli,foxspa,haiwoo,houfin,houspa,hutvir,moudov,norhar1,pacwre1,pinsis,pilwoo,pasfly,rocpig,rethaw,sora,sonspa,spotow,stejay,swathr,daejun,yerwar,varthr,warvir,wilsni1,wooduc,yelwar",1,88821129,16.299999999999955
66,rsymphony,0.30000000000000004,41,37128,"amekes,amerob,baleag,belkin1,bewwre,bnhcow,batpig1,cangoo,chbchi,cedwax,coohaw,comrav,dowwoo,evegro,norfli,foxspa,gockin,haiwoo,houfin,houspa,houwre,orcwar,olsfly,osprey,pacwre1,pinsis,pilwoo,purmar,rebnut,rebsap,redcro,rocpig,stejay,swathr,treswa,yerwar,varthr,warvir,westan,wlswar,wooduc",1,222240867,22.560000000000173
67,rsymphony,0.4,41,37128,"amegfi,amekes,amerob,baleag,barswa,brdowl,belkin1,bewwre,bkhgro,brebla,brncre,batpig1,cangoo,chbchi,coohaw,comrav,eucdov,norfli,haiwoo,houfin,houwre,hutvir,macwar,norhar1,pacwre1,pasfly,purfin,purmar,redcro,rocpig,rufhum,sonspa,spotow,swathr,treswa,daejun,yerwar,whcspa,westan,wlswar,yelwar",1,430789434,30.310000000000173
68,rsymphony,0.5,41,37128,"amegfi,baleag,bewwre,bnhcow,bkhgro,brebla,bushti,cangoo,chbchi,chispa,comrav,eucdov,eursta,norfli,foxspa,haiwoo,houspa,hutvir,orcwar,pacwre1,pinsis,pilwoo,pasfly,purmar,rebnut,rebsap,redcro,rethaw,rewbla,savspa,sonspa,stejay,swathr,towwar,treswa,daejun,varthr,vigswa,whcspa,westan,wooduc",1,1207362953,37.72000000000003
69,rsymphony,0.6,41,37128,"amegfi,amekes,amerob,baleag,barswa,brdowl,belkin1,bnhcow,bkhgro,brebla,bushti,cangoo,chispa,coohaw,comrav,eursta,evegro,foxspa,gockin,haiwoo,houspa,pinsis,pilwoo,purfin,purmar,rebnut,rebsap,redcro,rocpig,rewbla,savspa,sora,sonspa,spotow,swathr,towwar,daejun,yerwar,varthr,westan,wlswar",1,2439317232,66.51999999999998
70,rsymphony,0.7000000000000001,41,37128,"amegfi,annhum,bnhcow,brebla,bushti,cangoo,chbchi,cedwax,chispa,comrav,amecro,eursta,norfli,gockin,haiwoo,houfin,houspa,houwre,macwar,moudov,norhar1,orcwar,olsfly,osprey,pinsis,pilwoo,pasfly,purmar,rebnut,redcro,rocpig,rethaw,stejay,swathr,yerwar,varthr,whcspa,westan,wilsni1,wlswar,yelwar",1,4702842931,29.610000000000127
71,rsymphony,0.8,41,37128,"amegfi,amekes,annhum,baleag,barswa,brdowl,belkin1,bewwre,bnhcow,brebla,batpig1,bushti,cedwax,chispa,comrav,amecro,dowwoo,eucdov,eursta,norfli,houfin,houwre,hutvir,norhar1,orcwar,pacwre1,pilwoo,purmar,rebnut,rebsap,rocpig,rufhum,sonspa,stejay,swathr,yerwar,varthr,vigswa,whcspa,wilsni1,wooduc",1,7028034990,38.149999999999864
72,rsymphony,0.9,41,37128,"amekes,amerob,annhum,baleag,barswa,brdowl,bewwre,bkhgro,brncre,batpig1,bushti,cangoo,cedwax,chispa,coohaw,comrav,amecro,eucdov,haiwoo,houfin,houspa,macwar,norhar1,olsfly,osprey,pinsis,pilwoo,pasfly,rebnut,redcro,sora,sonspa,stejay,towwar,treswa,daejun,varthr,warvir,westan,wilsni1,yelwar",1,11994684680,50.25999999999999
73,rsymphony,0.1,56,37128,"amegfi,amekes,annhum,baleag,barswa,brdowl,belkin1,bewwre,bnhcow,bkhgro,brebla,brncre,batpig1,bushti,cangoo,cedwax,chispa,coohaw,comrav,amecro,dowwoo,eucdov,eursta,evegro,norfli,foxspa,gockin,houfin,houspa,houwre,macwar,moudov,orcwar,olsfly,pinsis,pilwoo,pasfly,purfin,purmar,rebnut,rebsap,redcro,rocpig,rethaw,rewbla,savspa,sora,sonspa,treswa,varthr,vigswa,warvir,whcspa,wilsni1,wooduc,yelwar",1,28894799,13.110000000000127
74,rsymphony,0.2,56,37128,"amegfi,amekes,amerob,annhum,baleag,barswa,brdowl,belkin1,bewwre,bnhcow,bkhgro,brebla,brncre,batpig1,bushti,cangoo,chbchi,coohaw,comrav,amecro,eucdov,eursta,evegro,foxspa,houwre,hutvir,moudov,norhar1,orcwar,olsfly,pacwre1,pinsis,pilwoo,purfin,purmar,rebnut,rebsap,redcro,rocpig,rethaw,rewbla,savspa,sora,sonspa,spotow,stejay,swathr,towwar,daejun,varthr,vigswa,whcspa,westan,wlswar,wooduc,yelwar",1,104485929,11.339999999999918
75,rsymphony,0.30000000000000004,56,37128,"amekes,amerob,annhum,baleag,barswa,brdowl,belkin1,bewwre,bnhcow,batpig1,bushti,cangoo,cedwax,comrav,amecro,dowwoo,eucdov,eursta,evegro,norfli,foxspa,haiwoo,houfin,houspa,houwre,hutvir,macwar,moudov,orcwar,olsfly,osprey,pacwre1,pasfly,purfin,purmar,rebnut,rebsap,redcro,rocpig,rethaw,rufhum,rewbla,savspa,sora,sonspa,stejay,swathr,towwar,daejun,vigswa,warvir,whcspa,westan,wilsni1,wlswar,wooduc",1,285866391,31.840000000000146
76,rsymphony,0.4,56,37128,"amegfi,amerob,annhum,brdowl,belkin1,bewwre,bnhcow,bkhgro,brebla,brncre,batpig1,cangoo,chbchi,cedwax,chispa,coohaw,amecro,dowwoo,eucdov,eursta,norfli,gockin,haiwoo,houfin,houspa,houwre,hutvir,macwar,moudov,norhar1,orcwar,olsfly,pinsis,pasfly,purfin,purmar,rebnut,rebsap,redcro,rocpig,rethaw,rufhum,savspa,sonspa,stejay,swathr,towwar,treswa,yerwar,vigswa,warvir,whcspa,westan,wilsni1,wooduc,yelwar",1,617661677,35.289999999999964
77,rsymphony,0.5,56,37128,"amegfi,amekes,amerob,annhum,baleag,brdowl,bewwre,bnhcow,bkhgro,brebla,brncre,bushti,cangoo,cedwax,coohaw,comrav,amecro,dowwoo,eucdov,eursta,norfli,foxspa,gockin,haiwoo,houfin,houspa,houwre,hutvir,macwar,norhar1,olsfly,osprey,pacwre1,pasfly,purfin,rebnut,rebsap,redcro,rocpig,rethaw,rufhum,rewbla,sora,sonspa,spotow,stejay,swathr,towwar,treswa,daejun,varthr,vigswa,warvir,whcspa,wilsni1,yelwar",1,1242118109,42.930000000000064
78,rsymphony,0.6,56,37128,"amegfi,amekes,amerob,baleag,barswa,brdowl,belkin1,bewwre,bkhgro,brebla,brncre,bushti,chbchi,cedwax,chispa,coohaw,comrav,amecro,dowwoo,eucdov,eursta,evegro,norfli,gockin,haiwoo,houfin,houwre,hutvir,macwar,moudov,norhar1,orcwar,olsfly,osprey,pacwre1,pinsis,pasfly,purfin,purmar,rebnut,redcro,rocpig,rethaw,rufhum,rewbla,sora,spotow,stejay,swathr,towwar,yerwar,warvir,whcspa,westan,wooduc,yelwar",1,1914759617,48.0300000000002
79,rsymphony,0.7000000000000001,56,37128,"amegfi,amerob,annhum,baleag,barswa,brdowl,belkin1,bewwre,bkhgro,brebla,brncre,batpig1,bushti,cangoo,chbchi,cedwax,chispa,amecro,dowwoo,eucdov,eursta,evegro,norfli,foxspa,gockin,haiwoo,houfin,houwre,hutvir,norhar1,orcwar,olsfly,osprey,pacwre1,pinsis,pilwoo,purfin,rebnut,rebsap,rocpig,rethaw,rufhum,rewbla,savspa,sora,sonspa,stejay,towwar,yerwar,vigswa,warvir,whcspa,westan,wilsni1,wlswar,yelwar",1,3817667822,46.2199999999998
80,rsymphony,0.8,56,37128,"amegfi,amekes,amerob,annhum,baleag,brdowl,belkin1,bewwre,bnhcow,brebla,brncre,bushti,cangoo,chbchi,cedwax,chispa,coohaw,amecro,dowwoo,eucdov,eursta,evegro,norfli,gockin,haiwoo,houfin,houspa,houwre,hutvir,moudov,norhar1,orcwar,olsfly,osprey,pinsis,pilwoo,pasfly,purfin,rebnut,rebsap,redcro,rufhum,savspa,sonspa,spotow,stejay,swathr,towwar,daejun,yerwar,varthr,whcspa,westan,wilsni1,wlswar,yelwar",1,7640761489,59.20000000000027
81,rsymphony,0.9,56,37128,"amegfi,amekes,amerob,annhum,baleag,barswa,brdowl,belkin1,bewwre,bnhcow,brncre,batpig1,bushti,cangoo,chbchi,cedwax,chispa,coohaw,comrav,amecro,eucdov,eursta,evegro,norfli,foxspa,gockin,houfin,houspa,houwre,hutvir,moudov,norhar1,osprey,pacwre1,pilwoo,purmar,rebnut,rebsap,redcro,rethaw,rufhum,savspa,sora,sonspa,stejay,swathr,towwar,treswa,daejun,yerwar,varthr,vigswa,warvir,whcspa,westan,wlswar",1,11795499138,69.32999999999993
82,rsymphony,0.1,72,37128,"amegfi,amekes,amerob,annhum,baleag,barswa,brdowl,belkin1,bewwre,bnhcow,bkhgro,brebla,brncre,batpig1,bushti,cangoo,chbchi,cedwax,chispa,coohaw,comrav,amecro,dowwoo,eucdov,eursta,evegro,norfli,foxspa,gockin,haiwoo,houfin,houspa,houwre,hutvir,macwar,moudov,norhar1,orcwar,olsfly,osprey,pacwre1,pinsis,pilwoo,pasfly,purfin,purmar,rebnut,rebsap,redcro,rocpig,rethaw,rufhum,rewbla,savspa,sora,sonspa,spotow,stejay,swathr,towwar,treswa,daejun,yerwar,varthr,vigswa,warvir,whcspa,westan,wilsni1,wlswar,wooduc,yelwar",1,29319640,14.200000000000273
83,rsymphony,0.2,72,37128,"amegfi,amekes,amerob,annhum,baleag,barswa,brdowl,belkin1,bewwre,bnhcow,bkhgro,brebla,brncre,batpig1,bushti,cangoo,chbchi,cedwax,chispa,coohaw,comrav,amecro,dowwoo,eucdov,eursta,evegro,norfli,foxspa,gockin,haiwoo,houfin,houspa,houwre,hutvir,macwar,moudov,norhar1,orcwar,olsfly,osprey,pacwre1,pinsis,pilwoo,pasfly,purfin,purmar,rebnut,rebsap,redcro,rocpig,rethaw,rufhum,rewbla,savspa,sora,sonspa,spotow,stejay,swathr,towwar,treswa,daejun,yerwar,varthr,vigswa,warvir,whcspa,westan,wilsni1,wlswar,wooduc,yelwar",1,110816247,12.190000000000055
84,rsymphony,0.30000000000000004,72,37128,"amegfi,amekes,amerob,annhum,baleag,barswa,brdowl,belkin1,bewwre,bnhcow,bkhgro,brebla,brncre,batpig1,bushti,cangoo,chbchi,cedwax,chispa,coohaw,comrav,amecro,dowwoo,eucdov,eursta,evegro,norfli,foxspa,gockin,haiwoo,houfin,houspa,houwre,hutvir,macwar,moudov,norhar1,orcwar,olsfly,osprey,pacwre1,pinsis,pilwoo,pasfly,purfin,purmar,rebnut,rebsap,redcro,rocpig,rethaw,rufhum,rewbla,savspa,sora,sonspa,spotow,stejay,swathr,towwar,treswa,daejun,yerwar,varthr,vigswa,warvir,whcspa,westan,wilsni1,wlswar,wooduc,yelwar",1,277322598,16.4699999999998
85,rsymphony,0.4,72,37128,"amegfi,amekes,amerob,annhum,baleag,barswa,brdowl,belkin1,bewwre,bnhcow,bkhgro,brebla,brncre,batpig1,bushti,cangoo,chbchi,cedwax,chispa,coohaw,comrav,amecro,dowwoo,eucdov,eursta,evegro,norfli,foxspa,gockin,haiwoo,houfin,houspa,houwre,hutvir,macwar,moudov,norhar1,orcwar,olsfly,osprey,pacwre1,pinsis,pilwoo,pasfly,purfin,purmar,rebnut,rebsap,redcro,rocpig,rethaw,rufhum,rewbla,savspa,sora,sonspa,spotow,stejay,swathr,towwar,treswa,daejun,yerwar,varthr,vigswa,warvir,whcspa,westan,wilsni1,wlswar,wooduc,yelwar",1,600491865,15.079999999999927
86,rsymphony,0.5,72,37128,"amegfi,amekes,amerob,annhum,baleag,barswa,brdowl,belkin1,bewwre,bnhcow,bkhgro,brebla,brncre,batpig1,bushti,cangoo,chbchi,cedwax,chispa,coohaw,comrav,amecro,dowwoo,eucdov,eursta,evegro,norfli,foxspa,gockin,haiwoo,houfin,houspa,houwre,hutvir,macwar,moudov,norhar1,orcwar,olsfly,osprey,pacwre1,pinsis,pilwoo,pasfly,purfin,purmar,rebnut,rebsap,redcro,rocpig,rethaw,rufhum,rewbla,savspa,sora,sonspa,spotow,stejay,swathr,towwar,treswa,daejun,yerwar,varthr,vigswa,warvir,whcspa,westan,wilsni1,wlswar,wooduc,yelwar",1,1261603398,37.5
87,rsymphony,0.6,72,37128,"amegfi,amekes,amerob,annhum,baleag,barswa,brdowl,belkin1,bewwre,bnhcow,bkhgro,brebla,brncre,batpig1,bushti,cangoo,chbchi,cedwax,chispa,coohaw,comrav,amecro,dowwoo,eucdov,eursta,evegro,norfli,foxspa,gockin,haiwoo,houfin,houspa,houwre,hutvir,macwar,moudov,norhar1,orcwar,olsfly,osprey,pacwre1,pinsis,pilwoo,pasfly,purfin,purmar,rebnut,rebsap,redcro,rocpig,rethaw,rufhum,rewbla,savspa,sora,sonspa,spotow,stejay,swathr,towwar,treswa,daejun,yerwar,varthr,vigswa,warvir,whcspa,westan,wilsni1,wlswar,wooduc,yelwar",1,2517768240,35.01999999999998
88,rsymphony,0.7000000000000001,72,37128,"amegfi,amekes,amerob,annhum,baleag,barswa,brdowl,belkin1,bewwre,bnhcow,bkhgro,brebla,brncre,batpig1,bushti,cangoo,chbchi,cedwax,chispa,coohaw,comrav,amecro,dowwoo,eucdov,eursta,evegro,norfli,foxspa,gockin,haiwoo,houfin,houspa,houwre,hutvir,macwar,moudov,norhar1,orcwar,olsfly,osprey,pacwre1,pinsis,pilwoo,pasfly,purfin,purmar,rebnut,rebsap,redcro,rocpig,rethaw,rufhum,rewbla,savspa,sora,sonspa,spotow,stejay,swathr,towwar,treswa,daejun,yerwar,varthr,vigswa,warvir,whcspa,westan,wilsni1,wlswar,wooduc,yelwar",1,4527376434,39.940000000000055
89,rsymphony,0.8,72,37128,"amegfi,amekes,amerob,annhum,baleag,barswa,brdowl,belkin1,bewwre,bnhcow,bkhgro,brebla,brncre,batpig1,bushti,cangoo,chbchi,cedwax,chispa,coohaw,comrav,amecro,dowwoo,eucdov,eursta,evegro,norfli,foxspa,gockin,haiwoo,houfin,houspa,houwre,hutvir,macwar,moudov,norhar1,orcwar,olsfly,osprey,pacwre1,pinsis,pilwoo,pasfly,purfin,purmar,rebnut,rebsap,redcro,rocpig,rethaw,rufhum,rewbla,savspa,sora,sonspa,spotow,stejay,swathr,towwar,treswa,daejun,yerwar,varthr,vigswa,warvir,whcspa,westan,wilsni1,wlswar,wooduc,yelwar",1,7583427474,59.63000000000011
90,rsymphony,0.9,72,37128,"amegfi,amekes,amerob,annhum,baleag,barswa,brdowl,belkin1,bewwre,bnhcow,bkhgro,brebla,brncre,batpig1,bushti,cangoo,chbchi,cedwax,chispa,coohaw,comrav,amecro,dowwoo,eucdov,eursta,evegro,norfli,foxspa,gockin,haiwoo,houfin,houspa,houwre,hutvir,macwar,moudov,norhar1,orcwar,olsfly,osprey,pacwre1,pinsis,pilwoo,pasfly,purfin,purmar,rebnut,rebsap,redcro,rocpig,rethaw,rufhum,rewbla,savspa,sora,sonspa,spotow,stejay,swathr,towwar,treswa,daejun,yerwar,varthr,vigswa,warvir,whcspa,westan,wilsni1,wlswar,wooduc,yelwar",1,11857629558,66.27999999999975
91,rsymphony,0.1,10,148510,"amerob,annhum,baleag,chbchi,evegro,pacwre1,purfin,purmar,rufhum,varthr",1,110432307,55.320000000000164
92,rsymphony,0.2,10,148510,"bkhgro,eucdov,eursta,houwre,norhar1,pilwoo,rethaw,rewbla,varthr,whcspa",1,206771738,358.6800000000003
93,rsymphony,0.30000000000000004,10,148510,"bewwre,eursta,gockin,olsfly,rewbla,towwar,daejun,varthr,westan,wooduc",1,500915794,178.73000000000002
94,rsymphony,0.4,10,148510,"brdowl,belkin1,bewwre,bushti,chbchi,gockin,orcwar,redcro,yerwar,wlswar",1,1424471212,517.3299999999999
95,rsymphony,0.5,10,148510,"belkin1,chispa,comrav,eursta,norfli,houfin,houspa,osprey,rebnut,spotow",1,4931849644,440.3299999999999
96,rsymphony,0.6,10,148510,"amerob,brdowl,bkhgro,brebla,amecro,eursta,houwre,macwar,swathr,vigswa",1,4809158524,288.6999999999998
97,rsymphony,0.7000000000000001,10,148510,"amerob,brebla,bushti,cedwax,houspa,olsfly,rethaw,varthr,whcspa,wlswar",1,18214968696,290.21000000000004
98,rsymphony,0.8,10,148510,"amegfi,bnhcow,bushti,eucdov,norfli,gockin,macwar,pinsis,rebnut,redcro",1,25008619125,386.1100000000006
99,rsymphony,0.9,10,148510,"annhum,bewwre,foxspa,houfin,houspa,pilwoo,rebnut,rocpig,rewbla,varthr",1,47616349481,215.26999999999953
100,rsymphony,0.1,26,148510,"bewwre,bnhcow,bkhgro,chbchi,comrav,dowwoo,evegro,foxspa,houfin,houspa,norhar1,olsfly,osprey,pacwre1,purmar,rebnut,rebsap,redcro,rethaw,rufhum,swathr,towwar,varthr,vigswa,wilsni1,wlswar",1,91985360,143.3800000000001
101,rsymphony,0.2,26,148510,"amegfi,brdowl,belkin1,bkhgro,coohaw,comrav,eucdov,norfli,foxspa,macwar,moudov,norhar1,osprey,pinsis,pilwoo,pasfly,purfin,purmar,rethaw,rufhum,sonspa,stejay,daejun,vigswa,warvir,whcspa",1,250324605,456.14999999999964
102,rsymphony,0.30000000000000004,26,148510,"annhum,brdowl,bewwre,bkhgro,brebla,cangoo,chbchi,comrav,eucdov,eursta,haiwoo,moudov,olsfly,pacwre1,pinsis,pilwoo,rebsap,rethaw,rewbla,savspa,stejay,varthr,vigswa,whcspa,westan,wilsni1",1,1015573025,200.47999999999956
103,rsymphony,0.4,26,148510,"amekes,amerob,baleag,brdowl,bewwre,bkhgro,brebla,cangoo,coohaw,comrav,eucdov,eursta,norfli,houspa,macwar,osprey,pacwre1,pinsis,rebnut,rethaw,rufhum,savspa,yerwar,warvir,whcspa,wooduc",1,2160837511,275.96999999999935
104,rsymphony,0.5,26,148510,"amegfi,amekes,bnhcow,bkhgro,brebla,bushti,amecro,eucdov,norfli,moudov,pinsis,pilwoo,pasfly,purmar,rebnut,rethaw,rewbla,swathr,towwar,treswa,daejun,varthr,whcspa,westan,wilsni1,wooduc",1,3241164123,493.1899999999996
105,rsymphony,0.6,26,148510,"amegfi,belkin1,bkhgro,bushti,chbchi,coohaw,eursta,foxspa,gockin,houspa,houwre,macwar,moudov,pinsis,purfin,redcro,savspa,stejay,swathr,daejun,yerwar,varthr,vigswa,wilsni1,wooduc,yelwar",1,9766639402,438.75
106,rsymphony,0.7000000000000001,26,148510,"amekes,annhum,belkin1,bkhgro,brebla,chbchi,chispa,coohaw,dowwoo,eursta,evegro,norfli,foxspa,haiwoo,houspa,olsfly,pilwoo,purmar,rethaw,rufhum,sora,spotow,stejay,treswa,vigswa,whcspa",1,18159930474,589.6799999999994
107,rsymphony,0.8,26,148510,"amekes,brdowl,belkin1,bewwre,brncre,batpig1,coohaw,amecro,dowwoo,evegro,norfli,houspa,norhar1,orcwar,osprey,pacwre1,pilwoo,pasfly,redcro,savspa,sonspa,swathr,towwar,vigswa,westan,wilsni1",1,30272618097,927.5100000000002
108,rsymphony,0.9,26,148510,"amekes,amerob,annhum,brdowl,belkin1,brebla,batpig1,comrav,eucdov,eursta,foxspa,gockin,houwre,macwar,olsfly,purmar,rebnut,redcro,rocpig,rethaw,sora,daejun,warvir,westan,wlswar,yelwar",1,45534113287,588.8099999999995
109,rsymphony,0.1,41,148510,"amegfi,amekes,annhum,baleag,barswa,belkin1,bnhcow,bkhgro,brebla,batpig1,bushti,chbchi,chispa,coohaw,amecro,eucdov,evegro,houfin,houspa,houwre,hutvir,moudov,norhar1,orcwar,olsfly,pacwre1,pilwoo,pasfly,rebnut,redcro,rethaw,savspa,sora,spotow,stejay,treswa,daejun,vigswa,whcspa,westan,wilsni1",1,114239093,101.80999999999949
110,rsymphony,0.2,41,148510,"amegfi,amekes,annhum,baleag,barswa,brdowl,belkin1,bewwre,bnhcow,cedwax,coohaw,amecro,eucdov,evegro,haiwoo,houspa,houwre,macwar,moudov,norhar1,orcwar,olsfly,pilwoo,pasfly,rebnut,rebsap,redcro,rocpig,rufhum,sora,sonspa,spotow,stejay,swathr,towwar,treswa,vigswa,westan,wilsni1,wooduc,yelwar",1,434023734,182.20000000000073
111,rsymphony,0.30000000000000004,41,148510,"amekes,amerob,baleag,barswa,brdowl,bewwre,bnhcow,cangoo,cedwax,chispa,amecro,dowwoo,eucdov,norfli,foxspa,houwre,moudov,norhar1,orcwar,olsfly,osprey,purmar,rebnut,rebsap,rocpig,rufhum,rewbla,spotow,stejay,swathr,towwar,treswa,daejun,yerwar,varthr,vigswa,whcspa,westan,wlswar,wooduc,yelwar",1,674932155,765.4099999999999
112,rsymphony,0.4,41,148510,"amegfi,amekes,annhum,barswa,brdowl,belkin1,bewwre,bkhgro,batpig1,cangoo,chbchi,coohaw,comrav,amecro,eucdov,norfli,gockin,hutvir,macwar,orcwar,olsfly,pilwoo,pasfly,purmar,rebnut,rebsap,redcro,rocpig,rufhum,sora,spotow,swathr,towwar,treswa,daejun,varthr,vigswa,whcspa,wilsni1,wlswar,yelwar",1,2217353754,370.14999999999964
113,rsymphony,0.5,41,148510,"amegfi,amekes,amerob,baleag,belkin1,bewwre,bkhgro,brebla,brncre,cangoo,chbchi,chispa,dowwoo,eursta,norfli,gockin,houfin,houspa,norhar1,orcwar,olsfly,osprey,pacwre1,pasfly,purfin,purmar,rebnut,rebsap,redcro,rufhum,rewbla,savspa,swathr,towwar,treswa,yerwar,varthr,vigswa,whcspa,westan,wilsni1",1,4817760480,899.0699999999997
114,rsymphony,0.6,41,148510,"amegfi,amerob,baleag,belkin1,bnhcow,bkhgro,brebla,batpig1,cangoo,cedwax,amecro,dowwoo,eucdov,eursta,evegro,foxspa,gockin,haiwoo,houfin,macwar,moudov,norhar1,orcwar,osprey,pinsis,pasfly,purmar,rebsap,redcro,rocpig,rufhum,sora,sonspa,towwar,yerwar,varthr,warvir,whcspa,westan,wilsni1,wlswar",1,7538818184,806.6700000000001
115,rsymphony,0.7000000000000001,41,148510,"amegfi,amerob,annhum,baleag,barswa,belkin1,bkhgro,brncre,batpig1,bushti,cedwax,amecro,dowwoo,eucdov,eursta,evegro,gockin,hutvir,norhar1,olsfly,pacwre1,pinsis,rebnut,rebsap,redcro,sora,sonspa,spotow,stejay,swathr,towwar,treswa,yerwar,varthr,vigswa,warvir,whcspa,westan,wilsni1,wlswar,yelwar",1,14157419812,772.6099999999988
116,rsymphony,0.8,41,148510,"amegfi,amekes,amerob,brdowl,bnhcow,bkhgro,brncre,batpig1,bushti,cangoo,chbchi,cedwax,coohaw,comrav,amecro,eursta,evegro,foxspa,gockin,haiwoo,houfin,hutvir,pacwre1,pinsis,purmar,rebsap,redcro,rocpig,rufhum,rewbla,sora,sonspa,swathr,towwar,treswa,yerwar,warvir,whcspa,wilsni1,wlswar,wooduc",1,27850445764,829.4699999999993
117,rsymphony,0.9,41,148510,"amegfi,amerob,annhum,barswa,belkin1,bewwre,bnhcow,bkhgro,brebla,batpig1,bushti,chbchi,chispa,coohaw,comrav,amecro,evegro,norfli,foxspa,houspa,houwre,norhar1,olsfly,pinsis,pilwoo,pasfly,rebnut,rebsap,rocpig,rewbla,savspa,sora,spotow,swathr,treswa,daejun,yerwar,warvir,whcspa,westan,yelwar",1,48301861296,979.3700000000008
118,rsymphony,0.1,56,148510,"amegfi,amerob,annhum,baleag,brdowl,belkin1,bewwre,bnhcow,brncre,batpig1,cangoo,chispa,coohaw,comrav,amecro,dowwoo,eucdov,eursta,evegro,foxspa,gockin,houfin,houwre,hutvir,macwar,norhar1,orcwar,olsfly,osprey,pacwre1,pinsis,purfin,purmar,rebnut,rebsap,redcro,rocpig,rethaw,rufhum,rewbla,savspa,sonspa,swathr,towwar,treswa,daejun,yerwar,varthr,vigswa,warvir,whcspa,westan,wilsni1,wlswar,wooduc,yelwar",1,110402293,655.3299999999981
119,rsymphony,0.2,56,148510,"amegfi,amekes,amerob,baleag,barswa,brdowl,bnhcow,bkhgro,brebla,brncre,batpig1,bushti,chbchi,cedwax,chispa,coohaw,dowwoo,eucdov,eursta,evegro,norfli,foxspa,gockin,haiwoo,houfin,houspa,macwar,moudov,norhar1,orcwar,osprey,pacwre1,pilwoo,pasfly,rebnut,rebsap,redcro,rocpig,rethaw,rufhum,rewbla,savspa,sora,sonspa,swathr,towwar,daejun,yerwar,varthr,vigswa,warvir,whcspa,westan,wilsni1,wooduc,yelwar",1,346872296,161.87999999999738
120,rsymphony,0.30000000000000004,56,148510,"amegfi,amerob,annhum,barswa,belkin1,bewwre,bkhgro,brebla,brncre,bushti,cangoo,chbchi,chispa,coohaw,comrav,amecro,dowwoo,eucdov,eursta,evegro,norfli,foxspa,gockin,haiwoo,houfin,houspa,houwre,macwar,moudov,norhar1,olsfly,pacwre1,pinsis,pilwoo,pasfly,purmar,rebnut,rebsap,redcro,rethaw,rewbla,savspa,sora,sonspa,spotow,stejay,towwar,treswa,yerwar,varthr,vigswa,warvir,whcspa,westan,wilsni1,wooduc",1,1102494728,626.8300000000017
121,rsymphony,0.4,56,148510,"amegfi,amekes,amerob,annhum,baleag,brdowl,belkin1,bewwre,bnhcow,brebla,brncre,batpig1,bushti,cedwax,comrav,amecro,dowwoo,eucdov,evegro,gockin,haiwoo,houfin,houspa,houwre,hutvir,macwar,moudov,orcwar,olsfly,osprey,pacwre1,pinsis,pilwoo,pasfly,rocpig,rethaw,rufhum,rewbla,savspa,sora,sonspa,spotow,stejay,swathr,towwar,treswa,daejun,yerwar,varthr,vigswa,warvir,whcspa,wilsni1,wlswar,wooduc,yelwar",1,2395357787,693.4699999999975
122,rsymphony,0.5,56,148510,"amegfi,amekes,amerob,annhum,baleag,brdowl,bnhcow,bkhgro,brebla,brncre,batpig1,bushti,cangoo,chbchi,chispa,coohaw,comrav,amecro,dowwoo,eucdov,eursta,evegro,norfli,gockin,houfin,houspa,hutvir,macwar,moudov,norhar1,olsfly,osprey,pacwre1,pinsis,pilwoo,pasfly,purfin,purmar,rebsap,redcro,rocpig,rethaw,rufhum,savspa,spotow,stejay,swathr,treswa,varthr,vigswa,whcspa,westan,wilsni1,wlswar,wooduc,yelwar",1,4907870620,754.3100000000013
123,rsymphony,0.6,56,148510,"amegfi,amekes,amerob,annhum,barswa,brdowl,belkin1,bewwre,bnhcow,bkhgro,brebla,brncre,bushti,cangoo,chbchi,cedwax,chispa,coohaw,comrav,dowwoo,eucdov,eursta,evegro,norfli,foxspa,gockin,haiwoo,houwre,hutvir,macwar,moudov,norhar1,olsfly,osprey,pacwre1,pinsis,pilwoo,pasfly,purfin,redcro,rufhum,rewbla,sora,sonspa,spotow,swathr,towwar,treswa,daejun,yerwar,warvir,whcspa,westan,wilsni1,wlswar,wooduc",1,7321993639,606.4199999999983
124,rsymphony,0.7000000000000001,56,148510,"amegfi,amerob,annhum,barswa,brdowl,belkin1,bewwre,bnhcow,brebla,brncre,batpig1,bushti,chbchi,cedwax,coohaw,comrav,amecro,dowwoo,eursta,evegro,norfli,foxspa,gockin,haiwoo,houfin,houspa,houwre,hutvir,macwar,moudov,orcwar,pacwre1,pilwoo,pasfly,purfin,purmar,rebnut,rebsap,rocpig,rethaw,rufhum,rewbla,sora,swathr,towwar,treswa,daejun,varthr,vigswa,warvir,whcspa,westan,wilsni1,wlswar,wooduc,yelwar",1,18129680095,905.8600000000006
125,rsymphony,0.8,56,148510,"amegfi,amekes,amerob,annhum,baleag,belkin1,bkhgro,brebla,brncre,batpig1,bushti,cangoo,cedwax,coohaw,comrav,amecro,dowwoo,evegro,norfli,gockin,houspa,houwre,hutvir,macwar,moudov,norhar1,orcwar,olsfly,pacwre1,pinsis,pilwoo,pasfly,purmar,rebnut,redcro,rocpig,rethaw,rufhum,rewbla,savspa,sora,sonspa,spotow,stejay,swathr,towwar,daejun,yerwar,varthr,vigswa,warvir,whcspa,westan,wlswar,wooduc,yelwar",1,30272653486,812.1800000000003
126,rsymphony,0.9,56,148510,"amegfi,amekes,annhum,baleag,brdowl,belkin1,bewwre,bnhcow,bkhgro,brebla,brncre,batpig1,cangoo,chbchi,cedwax,coohaw,comrav,amecro,dowwoo,eucdov,eursta,evegro,norfli,foxspa,gockin,houfin,houspa,houwre,hutvir,macwar,moudov,orcwar,osprey,pilwoo,pasfly,purmar,rebnut,rebsap,rethaw,rufhum,rewbla,savspa,sora,sonspa,spotow,stejay,towwar,treswa,yerwar,varthr,warvir,whcspa,westan,wlswar,wooduc,yelwar",1,47687420598,844.9400000000023
127,rsymphony,0.1,72,148510,"amegfi,amekes,amerob,annhum,baleag,barswa,brdowl,belkin1,bewwre,bnhcow,bkhgro,brebla,brncre,batpig1,bushti,cangoo,chbchi,cedwax,chispa,coohaw,comrav,amecro,dowwoo,eucdov,eursta,evegro,norfli,foxspa,gockin,haiwoo,houfin,houspa,houwre,hutvir,macwar,moudov,norhar1,orcwar,olsfly,osprey,pacwre1,pinsis,pilwoo,pasfly,purfin,purmar,rebnut,rebsap,redcro,rocpig,rethaw,rufhum,rewbla,savspa,sora,sonspa,spotow,stejay,swathr,towwar,treswa,daejun,yerwar,varthr,vigswa,warvir,whcspa,westan,wilsni1,wlswar,wooduc,yelwar",1,114940508,195.95000000000073
128,rsymphony,0.2,72,148510,"amegfi,amekes,amerob,annhum,baleag,barswa,brdowl,belkin1,bewwre,bnhcow,bkhgro,brebla,brncre,batpig1,bushti,cangoo,chbchi,cedwax,chispa,coohaw,comrav,amecro,dowwoo,eucdov,eursta,evegro,norfli,foxspa,gockin,haiwoo,houfin,houspa,houwre,hutvir,macwar,moudov,norhar1,orcwar,olsfly,osprey,pacwre1,pinsis,pilwoo,pasfly,purfin,purmar,rebnut,rebsap,redcro,rocpig,rethaw,rufhum,rewbla,savspa,sora,sonspa,spotow,stejay,swathr,towwar,treswa,daejun,yerwar,varthr,vigswa,warvir,whcspa,westan,wilsni1,wlswar,wooduc,yelwar",1,443895578,514.7900000000009
129,rsymphony,0.30000000000000004,72,148510,"amegfi,amekes,amerob,annhum,baleag,barswa,brdowl,belkin1,bewwre,bnhcow,bkhgro,brebla,brncre,batpig1,bushti,cangoo,chbchi,cedwax,chispa,coohaw,comrav,amecro,dowwoo,eucdov,eursta,evegro,norfli,foxspa,gockin,haiwoo,houfin,houspa,houwre,hutvir,macwar,moudov,norhar1,orcwar,olsfly,osprey,pacwre1,pinsis,pilwoo,pasfly,purfin,purmar,rebnut,rebsap,redcro,rocpig,rethaw,rufhum,rewbla,savspa,sora,sonspa,spotow,stejay,swathr,towwar,treswa,daejun,yerwar,varthr,vigswa,warvir,whcspa,westan,wilsni1,wlswar,wooduc,yelwar",1,1088758608,693.9099999999999
130,rsymphony,0.4,72,148510,"amegfi,amekes,amerob,annhum,baleag,barswa,brdowl,belkin1,bewwre,bnhcow,bkhgro,brebla,brncre,batpig1,bushti,cangoo,chbchi,cedwax,chispa,coohaw,comrav,amecro,dowwoo,eucdov,eursta,evegro,norfli,foxspa,gockin,haiwoo,houfin,houspa,houwre,hutvir,macwar,moudov,norhar1,orcwar,olsfly,osprey,pacwre1,pinsis,pilwoo,pasfly,purfin,purmar,rebnut,rebsap,redcro,rocpig,rethaw,rufhum,rewbla,savspa,sora,sonspa,spotow,stejay,swathr,towwar,treswa,daejun,yerwar,varthr,vigswa,warvir,whcspa,westan,wilsni1,wlswar,wooduc,yelwar",1,2416020622,802.7200000000012
131,rsymphony,0.5,72,148510,"amegfi,amekes,amerob,annhum,baleag,barswa,brdowl,belkin1,bewwre,bnhcow,bkhgro,brebla,brncre,batpig1,bushti,cangoo,chbchi,cedwax,chispa,coohaw,comrav,amecro,dowwoo,eucdov,eursta,evegro,norfli,foxspa,gockin,haiwoo,houfin,houspa,houwre,hutvir,macwar,moudov,norhar1,orcwar,olsfly,osprey,pacwre1,pinsis,pilwoo,pasfly,purfin,purmar,rebnut,rebsap,redcro,rocpig,rethaw,rufhum,rewbla,savspa,sora,sonspa,spotow,stejay,swathr,towwar,treswa,daejun,yerwar,varthr,vigswa,warvir,whcspa,westan,wilsni1,wlswar,wooduc,yelwar",1,4943230122,614.0499999999993
132,rsymphony,0.6,72,148510,"amegfi,amekes,amerob,annhum,baleag,barswa,brdowl,belkin1,bewwre,bnhcow,bkhgro,brebla,brncre,batpig1,bushti,cangoo,chbchi,cedwax,chispa,coohaw,comrav,amecro,dowwoo,eucdov,eursta,evegro,norfli,foxspa,gockin,haiwoo,houfin,houspa,houwre,hutvir,macwar,moudov,norhar1,orcwar,olsfly,osprey,pacwre1,pinsis,pilwoo,pasfly,purfin,purmar,rebnut,rebsap,redcro,rocpig,rethaw,rufhum,rewbla,savspa,sora,sonspa,spotow,stejay,swathr,towwar,treswa,daejun,yerwar,varthr,vigswa,warvir,whcspa,westan,wilsni1,wlswar,wooduc,yelwar",1,10131378983,1215.300000000003
133,rsymphony,0.7000000000000001,72,148510,"amegfi,amekes,amerob,annhum,baleag,barswa,brdowl,belkin1,bewwre,bnhcow,bkhgro,brebla,brncre,batpig1,bushti,cangoo,chbchi,cedwax,chispa,coohaw,comrav,amecro,dowwoo,eucdov,eursta,evegro,norfli,foxspa,gockin,haiwoo,houfin,houspa,houwre,hutvir,macwar,moudov,norhar1,orcwar,olsfly,osprey,pacwre1,pinsis,pilwoo,pasfly,purfin,purmar,rebnut,rebsap,redcro,rocpig,rethaw,rufhum,rewbla,savspa,sora,sonspa,spotow,stejay,swathr,towwar,treswa,daejun,yerwar,varthr,vigswa,warvir,whcspa,westan,wilsni1,wlswar,wooduc,yelwar",1,18336199060,1381.5600000000013
134,rsymphony,0.8,72,148510,"amegfi,amekes,amerob,annhum,baleag,barswa,brdowl,belkin1,bewwre,bnhcow,bkhgro,brebla,brncre,batpig1,bushti,cangoo,chbchi,cedwax,chispa,coohaw,comrav,amecro,dowwoo,eucdov,eursta,evegro,norfli,foxspa,gockin,haiwoo,houfin,houspa,houwre,hutvir,macwar,moudov,norhar1,orcwar,olsfly,osprey,pacwre1,pinsis,pilwoo,pasfly,purfin,purmar,rebnut,rebsap,redcro,rocpig,rethaw,rufhum,rewbla,savspa,sora,sonspa,spotow,stejay,swathr,towwar,treswa,daejun,yerwar,varthr,vigswa,warvir,whcspa,westan,wilsni1,wlswar,wooduc,yelwar",1,30499581055,1861.119999999999
135,rsymphony,0.9,72,148510,"amegfi,amekes,amerob,annhum,baleag,barswa,brdowl,belkin1,bewwre,bnhcow,bkhgro,brebla,brncre,batpig1,bushti,cangoo,chbchi,cedwax,chispa,coohaw,comrav,amecro,dowwoo,eucdov,eursta,evegro,norfli,foxspa,gockin,haiwoo,houfin,houspa,houwre,hutvir,macwar,moudov,norhar1,orcwar,olsfly,osprey,pacwre1,pinsis,pilwoo,pasfly,purfin,purmar,rebnut,rebsap,redcro,rocpig,rethaw,rufhum,rewbla,savspa,sora,sonspa,spotow,stejay,swathr,towwar,treswa,daejun,yerwar,varthr,vigswa,warvir,whcspa,westan,wilsni1,wlswar,wooduc,yelwar",1,47906401126,1667.869999999999
