run_id,solver,target,n_features,n_pu,species,marxan_iterations,spf,n_solutions,cost,time
301,marxan,0.1,72,50625,"amegfi,amekes,amerob,annhum,baleag,barswa,brdowl,belkin1,bewwre,bnhcow,bkhgro,brebla,brncre,batpig1,bushti,cangoo,chbchi,cedwax,chispa,coohaw,comrav,amecro,dowwoo,eucdov,eursta,evegro,norfli,foxspa,gockin,haiwoo,houfin,houspa,houwre,hutvir,macwar,moudov,norhar1,orcwar,olsfly,osprey,pacwre1,pinsis,pilwoo,pasfly,purfin,purmar,rebnut,rebsap,redcro,rocpig,rethaw,rufhum,rewbla,savspa,sora,sonspa,spotow,stejay,swathr,towwar,treswa,daejun,yerwar,varthr,vigswa,warvir,whcspa,westan,wilsni1,wlswar,wooduc,yelwar",100000000,25,10,119656354,3713.6580000000004
310,marxan,0.1,72,50625,"amegfi,amekes,amerob,annhum,baleag,barswa,brdowl,belkin1,bewwre,bnhcow,bkhgro,brebla,brncre,batpig1,bushti,cangoo,chbchi,cedwax,chispa,coohaw,comrav,amecro,dowwoo,eucdov,eursta,evegro,norfli,foxspa,gockin,haiwoo,houfin,houspa,houwre,hutvir,macwar,moudov,norhar1,orcwar,olsfly,osprey,pacwre1,pinsis,pilwoo,pasfly,purfin,purmar,rebnut,rebsap,redcro,rocpig,rethaw,rufhum,rewbla,savspa,sora,sonspa,spotow,stejay,swathr,towwar,treswa,daejun,yerwar,varthr,vigswa,warvir,whcspa,westan,wilsni1,wlswar,wooduc,yelwar",100000000,25,10,119539646,3469.628999999999
311,marxan,0.2,72,50625,"amegfi,amekes,amerob,annhum,baleag,barswa,brdowl,belkin1,bewwre,bnhcow,bkhgro,brebla,brncre,batpig1,bushti,cangoo,chbchi,cedwax,chispa,coohaw,comrav,amecro,dowwoo,eucdov,eursta,evegro,norfli,foxspa,gockin,haiwoo,houfin,houspa,houwre,hutvir,macwar,moudov,norhar1,orcwar,olsfly,osprey,pacwre1,pinsis,pilwoo,pasfly,purfin,purmar,rebnut,rebsap,redcro,rocpig,rethaw,rufhum,rewbla,savspa,sora,sonspa,spotow,stejay,swathr,towwar,treswa,daejun,yerwar,varthr,vigswa,warvir,whcspa,westan,wilsni1,wlswar,wooduc,yelwar",100000000,25,8,531301796,3993.2290000000003
312,marxan,0.30000000000000004,72,50625,"amegfi,amekes,amerob,annhum,baleag,barswa,brdowl,belkin1,bewwre,bnhcow,bkhgro,brebla,brncre,batpig1,bushti,cangoo,chbchi,cedwax,chispa,coohaw,comrav,amecro,dowwoo,eucdov,eursta,evegro,norfli,foxspa,gockin,haiwoo,houfin,houspa,houwre,hutvir,macwar,moudov,norhar1,orcwar,olsfly,osprey,pacwre1,pinsis,pilwoo,pasfly,purfin,purmar,rebnut,rebsap,redcro,rocpig,rethaw,rufhum,rewbla,savspa,sora,sonspa,spotow,stejay,swathr,towwar,treswa,daejun,yerwar,varthr,vigswa,warvir,whcspa,westan,wilsni1,wlswar,wooduc,yelwar",100000000,25,10,1388643400,4519.5380000000005
313,marxan,0.4,72,50625,"amegfi,amekes,amerob,annhum,baleag,barswa,brdowl,belkin1,bewwre,bnhcow,bkhgro,brebla,brncre,batpig1,bushti,cangoo,chbchi,cedwax,chispa,coohaw,comrav,amecro,dowwoo,eucdov,eursta,evegro,norfli,foxspa,gockin,haiwoo,houfin,houspa,houwre,hutvir,macwar,moudov,norhar1,orcwar,olsfly,osprey,pacwre1,pinsis,pilwoo,pasfly,purfin,purmar,rebnut,rebsap,redcro,rocpig,rethaw,rufhum,rewbla,savspa,sora,sonspa,spotow,stejay,swathr,towwar,treswa,daejun,yerwar,varthr,vigswa,warvir,whcspa,westan,wilsni1,wlswar,wooduc,yelwar",100000000,25,10,3232827530,5005.634
314,marxan,0.5,72,50625,"amegfi,amekes,amerob,annhum,baleag,barswa,brdowl,belkin1,bewwre,bnhcow,bkhgro,brebla,brncre,batpig1,bushti,cangoo,chbchi,cedwax,chispa,coohaw,comrav,amecro,dowwoo,eucdov,eursta,evegro,norfli,foxspa,gockin,haiwoo,houfin,houspa,houwre,hutvir,macwar,moudov,norhar1,orcwar,olsfly,osprey,pacwre1,pinsis,pilwoo,pasfly,purfin,purmar,rebnut,rebsap,redcro,rocpig,rethaw,rufhum,rewbla,savspa,sora,sonspa,spotow,stejay,swathr,towwar,treswa,daejun,yerwar,varthr,vigswa,warvir,whcspa,westan,wilsni1,wlswar,wooduc,yelwar",100000000,25,10,6527711841,5475.238
315,marxan,0.6,72,50625,"amegfi,amekes,amerob,annhum,baleag,barswa,brdowl,belkin1,bewwre,bnhcow,bkhgro,brebla,brncre,batpig1,bushti,cangoo,chbchi,cedwax,chispa,coohaw,comrav,amecro,dowwoo,eucdov,eursta,evegro,norfli,foxspa,gockin,haiwoo,houfin,houspa,houwre,hutvir,macwar,moudov,norhar1,orcwar,olsfly,osprey,pacwre1,pinsis,pilwoo,pasfly,purfin,purmar,rebnut,rebsap,redcro,rocpig,rethaw,rufhum,rewbla,savspa,sora,sonspa,spotow,stejay,swathr,towwar,treswa,daejun,yerwar,varthr,vigswa,warvir,whcspa,westan,wilsni1,wlswar,wooduc,yelwar",100000000,25,10,11005127472,5927.7570000000005
316,marxan,0.7000000000000001,72,50625,"amegfi,amekes,amerob,annhum,baleag,barswa,brdowl,belkin1,bewwre,bnhcow,bkhgro,brebla,brncre,batpig1,bushti,cangoo,chbchi,cedwax,chispa,coohaw,comrav,amecro,dowwoo,eucdov,eursta,evegro,norfli,foxspa,gockin,haiwoo,houfin,houspa,houwre,hutvir,macwar,moudov,norhar1,orcwar,olsfly,osprey,pacwre1,pinsis,pilwoo,pasfly,purfin,purmar,rebnut,rebsap,redcro,rocpig,rethaw,rufhum,rewbla,savspa,sora,sonspa,spotow,stejay,swathr,towwar,treswa,daejun,yerwar,varthr,vigswa,warvir,whcspa,westan,wilsni1,wlswar,wooduc,yelwar",100000000,25,10,16917479588,6319.677
317,marxan,0.8,72,50625,"amegfi,amekes,amerob,annhum,baleag,barswa,brdowl,belkin1,bewwre,bnhcow,bkhgro,brebla,brncre,batpig1,bushti,cangoo,chbchi,cedwax,chispa,coohaw,comrav,amecro,dowwoo,eucdov,eursta,evegro,norfli,foxspa,gockin,haiwoo,houfin,houspa,houwre,hutvir,macwar,moudov,norhar1,orcwar,olsfly,osprey,pacwre1,pinsis,pilwoo,pasfly,purfin,purmar,rebnut,rebsap,redcro,rocpig,rethaw,rufhum,rewbla,savspa,sora,sonspa,spotow,stejay,swathr,towwar,treswa,daejun,yerwar,varthr,vigswa,warvir,whcspa,westan,wilsni1,wlswar,wooduc,yelwar",100000000,25,10,26468291928,6615.025
318,marxan,0.9,72,50625,"amegfi,amekes,amerob,annhum,baleag,barswa,brdowl,belkin1,bewwre,bnhcow,bkhgro,brebla,brncre,batpig1,bushti,cangoo,chbchi,cedwax,chispa,coohaw,comrav,amecro,dowwoo,eucdov,eursta,evegro,norfli,foxspa,gockin,haiwoo,houfin,houspa,houwre,hutvir,macwar,moudov,norhar1,orcwar,olsfly,osprey,pacwre1,pinsis,pilwoo,pasfly,purfin,purmar,rebnut,rebsap,redcro,rocpig,rethaw,rufhum,rewbla,savspa,sora,sonspa,spotow,stejay,swathr,towwar,treswa,daejun,yerwar,varthr,vigswa,warvir,whcspa,westan,wilsni1,wlswar,wooduc,yelwar",100000000,25,10,39335421801,6727.9220000000005
319,marxan,0.1,72,50625,"amegfi,amekes,amerob,annhum,baleag,barswa,brdowl,belkin1,bewwre,bnhcow,bkhgro,brebla,brncre,batpig1,bushti,cangoo,chbchi,cedwax,chispa,coohaw,comrav,amecro,dowwoo,eucdov,eursta,evegro,norfli,foxspa,gockin,haiwoo,houfin,houspa,houwre,hutvir,macwar,moudov,norhar1,orcwar,olsfly,osprey,pacwre1,pinsis,pilwoo,pasfly,purfin,purmar,rebnut,rebsap,redcro,rocpig,rethaw,rufhum,rewbla,savspa,sora,sonspa,spotow,stejay,swathr,towwar,treswa,daejun,yerwar,varthr,vigswa,warvir,whcspa,westan,wilsni1,wlswar,wooduc,yelwar",100000000,25,10,118884873,3422.1319999999996
302,marxan,0.2,72,50625,"amegfi,amekes,amerob,annhum,baleag,barswa,brdowl,belkin1,bewwre,bnhcow,bkhgro,brebla,brncre,batpig1,bushti,cangoo,chbchi,cedwax,chispa,coohaw,comrav,amecro,dowwoo,eucdov,eursta,evegro,norfli,foxspa,gockin,haiwoo,houfin,houspa,houwre,hutvir,macwar,moudov,norhar1,orcwar,olsfly,osprey,pacwre1,pinsis,pilwoo,pasfly,purfin,purmar,rebnut,rebsap,redcro,rocpig,rethaw,rufhum,rewbla,savspa,sora,sonspa,spotow,stejay,swathr,towwar,treswa,daejun,yerwar,varthr,vigswa,warvir,whcspa,westan,wilsni1,wlswar,wooduc,yelwar",100000000,25,10,530215975,4247.347000000001
320,marxan,0.2,72,50625,"amegfi,amekes,amerob,annhum,baleag,barswa,brdowl,belkin1,bewwre,bnhcow,bkhgro,brebla,brncre,batpig1,bushti,cangoo,chbchi,cedwax,chispa,coohaw,comrav,amecro,dowwoo,eucdov,eursta,evegro,norfli,foxspa,gockin,haiwoo,houfin,houspa,houwre,hutvir,macwar,moudov,norhar1,orcwar,olsfly,osprey,pacwre1,pinsis,pilwoo,pasfly,purfin,purmar,rebnut,rebsap,redcro,rocpig,rethaw,rufhum,rewbla,savspa,sora,sonspa,spotow,stejay,swathr,towwar,treswa,daejun,yerwar,varthr,vigswa,warvir,whcspa,westan,wilsni1,wlswar,wooduc,yelwar",100000000,25,10,533939898,3918.83
321,marxan,0.30000000000000004,72,50625,"amegfi,amekes,amerob,annhum,baleag,barswa,brdowl,belkin1,bewwre,bnhcow,bkhgro,brebla,brncre,batpig1,bushti,cangoo,chbchi,cedwax,chispa,coohaw,comrav,amecro,dowwoo,eucdov,eursta,evegro,norfli,foxspa,gockin,haiwoo,houfin,houspa,houwre,hutvir,macwar,moudov,norhar1,orcwar,olsfly,osprey,pacwre1,pinsis,pilwoo,pasfly,purfin,purmar,rebnut,rebsap,redcro,rocpig,rethaw,rufhum,rewbla,savspa,sora,sonspa,spotow,stejay,swathr,towwar,treswa,daejun,yerwar,varthr,vigswa,warvir,whcspa,westan,wilsni1,wlswar,wooduc,yelwar",100000000,25,9,1405913371,4408.602999999999
322,marxan,0.4,72,50625,"amegfi,amekes,amerob,annhum,baleag,barswa,brdowl,belkin1,bewwre,bnhcow,bkhgro,brebla,brncre,batpig1,bushti,cangoo,chbchi,cedwax,chispa,coohaw,comrav,amecro,dowwoo,eucdov,eursta,evegro,norfli,foxspa,gockin,haiwoo,houfin,houspa,houwre,hutvir,macwar,moudov,norhar1,orcwar,olsfly,osprey,pacwre1,pinsis,pilwoo,pasfly,purfin,purmar,rebnut,rebsap,redcro,rocpig,rethaw,rufhum,rewbla,savspa,sora,sonspa,spotow,stejay,swathr,towwar,treswa,daejun,yerwar,varthr,vigswa,warvir,whcspa,westan,wilsni1,wlswar,wooduc,yelwar",100000000,25,10,3278364683,4775.501000000002
323,marxan,0.5,72,50625,"amegfi,amekes,amerob,annhum,baleag,barswa,brdowl,belkin1,bewwre,bnhcow,bkhgro,brebla,brncre,batpig1,bushti,cangoo,chbchi,cedwax,chispa,coohaw,comrav,amecro,dowwoo,eucdov,eursta,evegro,norfli,foxspa,gockin,haiwoo,houfin,houspa,houwre,hutvir,macwar,moudov,norhar1,orcwar,olsfly,osprey,pacwre1,pinsis,pilwoo,pasfly,purfin,purmar,rebnut,rebsap,redcro,rocpig,rethaw,rufhum,rewbla,savspa,sora,sonspa,spotow,stejay,swathr,towwar,treswa,daejun,yerwar,varthr,vigswa,warvir,whcspa,westan,wilsni1,wlswar,wooduc,yelwar",100000000,25,10,6499072250,5331.354000000001
324,marxan,0.6,72,50625,"amegfi,amekes,amerob,annhum,baleag,barswa,brdowl,belkin1,bewwre,bnhcow,bkhgro,brebla,brncre,batpig1,bushti,cangoo,chbchi,cedwax,chispa,coohaw,comrav,amecro,dowwoo,eucdov,eursta,evegro,norfli,foxspa,gockin,haiwoo,houfin,houspa,houwre,hutvir,macwar,moudov,norhar1,orcwar,olsfly,osprey,pacwre1,pinsis,pilwoo,pasfly,purfin,purmar,rebnut,rebsap,redcro,rocpig,rethaw,rufhum,rewbla,savspa,sora,sonspa,spotow,stejay,swathr,towwar,treswa,daejun,yerwar,varthr,vigswa,warvir,whcspa,westan,wilsni1,wlswar,wooduc,yelwar",100000000,25,10,12761435666,6011.527
325,marxan,0.7000000000000001,72,50625,"amegfi,amekes,amerob,annhum,baleag,barswa,brdowl,belkin1,bewwre,bnhcow,bkhgro,brebla,brncre,batpig1,bushti,cangoo,chbchi,cedwax,chispa,coohaw,comrav,amecro,dowwoo,eucdov,eursta,evegro,norfli,foxspa,gockin,haiwoo,houfin,houspa,houwre,hutvir,macwar,moudov,norhar1,orcwar,olsfly,osprey,pacwre1,pinsis,pilwoo,pasfly,purfin,purmar,rebnut,rebsap,redcro,rocpig,rethaw,rufhum,rewbla,savspa,sora,sonspa,spotow,stejay,swathr,towwar,treswa,daejun,yerwar,varthr,vigswa,warvir,whcspa,westan,wilsni1,wlswar,wooduc,yelwar",100000000,25,10,17407400307,6332.387000000001
326,marxan,0.8,72,50625,"amegfi,amekes,amerob,annhum,baleag,barswa,brdowl,belkin1,bewwre,bnhcow,bkhgro,brebla,brncre,batpig1,bushti,cangoo,chbchi,cedwax,chispa,coohaw,comrav,amecro,dowwoo,eucdov,eursta,evegro,norfli,foxspa,gockin,haiwoo,houfin,houspa,houwre,hutvir,macwar,moudov,norhar1,orcwar,olsfly,osprey,pacwre1,pinsis,pilwoo,pasfly,purfin,purmar,rebnut,rebsap,redcro,rocpig,rethaw,rufhum,rewbla,savspa,sora,sonspa,spotow,stejay,swathr,towwar,treswa,daejun,yerwar,varthr,vigswa,warvir,whcspa,westan,wilsni1,wlswar,wooduc,yelwar",100000000,25,10,28679156054,6648.695999999998
327,marxan,0.9,72,50625,"amegfi,amekes,amerob,annhum,baleag,barswa,brdowl,belkin1,bewwre,bnhcow,bkhgro,brebla,brncre,batpig1,bushti,cangoo,chbchi,cedwax,chispa,coohaw,comrav,amecro,dowwoo,eucdov,eursta,evegro,norfli,foxspa,gockin,haiwoo,houfin,houspa,houwre,hutvir,macwar,moudov,norhar1,orcwar,olsfly,osprey,pacwre1,pinsis,pilwoo,pasfly,purfin,purmar,rebnut,rebsap,redcro,rocpig,rethaw,rufhum,rewbla,savspa,sora,sonspa,spotow,stejay,swathr,towwar,treswa,daejun,yerwar,varthr,vigswa,warvir,whcspa,westan,wilsni1,wlswar,wooduc,yelwar",100000000,25,10,39426232676,6860.611999999999
328,marxan,0.1,72,50625,"amegfi,amekes,amerob,annhum,baleag,barswa,brdowl,belkin1,bewwre,bnhcow,bkhgro,brebla,brncre,batpig1,bushti,cangoo,chbchi,cedwax,chispa,coohaw,comrav,amecro,dowwoo,eucdov,eursta,evegro,norfli,foxspa,gockin,haiwoo,houfin,houspa,houwre,hutvir,macwar,moudov,norhar1,orcwar,olsfly,osprey,pacwre1,pinsis,pilwoo,pasfly,purfin,purmar,rebnut,rebsap,redcro,rocpig,rethaw,rufhum,rewbla,savspa,sora,sonspa,spotow,stejay,swathr,towwar,treswa,daejun,yerwar,varthr,vigswa,warvir,whcspa,westan,wilsni1,wlswar,wooduc,yelwar",100000000,25,10,116852599,3417.2570000000014
329,marxan,0.2,72,50625,"amegfi,amekes,amerob,annhum,baleag,barswa,brdowl,belkin1,bewwre,bnhcow,bkhgro,brebla,brncre,batpig1,bushti,cangoo,chbchi,cedwax,chispa,coohaw,comrav,amecro,dowwoo,eucdov,eursta,evegro,norfli,foxspa,gockin,haiwoo,houfin,houspa,houwre,hutvir,macwar,moudov,norhar1,orcwar,olsfly,osprey,pacwre1,pinsis,pilwoo,pasfly,purfin,purmar,rebnut,rebsap,redcro,rocpig,rethaw,rufhum,rewbla,savspa,sora,sonspa,spotow,stejay,swathr,towwar,treswa,daejun,yerwar,varthr,vigswa,warvir,whcspa,westan,wilsni1,wlswar,wooduc,yelwar",100000000,25,8,519493699,3848.0689999999995
303,marxan,0.30000000000000004,72,50625,"amegfi,amekes,amerob,annhum,baleag,barswa,brdowl,belkin1,bewwre,bnhcow,bkhgro,brebla,brncre,batpig1,bushti,cangoo,chbchi,cedwax,chispa,coohaw,comrav,amecro,dowwoo,eucdov,eursta,evegro,norfli,foxspa,gockin,haiwoo,houfin,houspa,houwre,hutvir,macwar,moudov,norhar1,orcwar,olsfly,osprey,pacwre1,pinsis,pilwoo,pasfly,purfin,purmar,rebnut,rebsap,redcro,rocpig,rethaw,rufhum,rewbla,savspa,sora,sonspa,spotow,stejay,swathr,towwar,treswa,daejun,yerwar,varthr,vigswa,warvir,whcspa,westan,wilsni1,wlswar,wooduc,yelwar",100000000,25,10,1385306649,4755.665999999999
330,marxan,0.30000000000000004,72,50625,"amegfi,amekes,amerob,annhum,baleag,barswa,brdowl,belkin1,bewwre,bnhcow,bkhgro,brebla,brncre,batpig1,bushti,cangoo,chbchi,cedwax,chispa,coohaw,comrav,amecro,dowwoo,eucdov,eursta,evegro,norfli,foxspa,gockin,haiwoo,houfin,houspa,houwre,hutvir,macwar,moudov,norhar1,orcwar,olsfly,osprey,pacwre1,pinsis,pilwoo,pasfly,purfin,purmar,rebnut,rebsap,redcro,rocpig,rethaw,rufhum,rewbla,savspa,sora,sonspa,spotow,stejay,swathr,towwar,treswa,daejun,yerwar,varthr,vigswa,warvir,whcspa,westan,wilsni1,wlswar,wooduc,yelwar",100000000,25,10,1369710621,4251.98
331,marxan,0.4,72,50625,"amegfi,amekes,amerob,annhum,baleag,barswa,brdowl,belkin1,bewwre,bnhcow,bkhgro,brebla,brncre,batpig1,bushti,cangoo,chbchi,cedwax,chispa,coohaw,comrav,amecro,dowwoo,eucdov,eursta,evegro,norfli,foxspa,gockin,haiwoo,houfin,houspa,houwre,hutvir,macwar,moudov,norhar1,orcwar,olsfly,osprey,pacwre1,pinsis,pilwoo,pasfly,purfin,purmar,rebnut,rebsap,redcro,rocpig,rethaw,rufhum,rewbla,savspa,sora,sonspa,spotow,stejay,swathr,towwar,treswa,daejun,yerwar,varthr,vigswa,warvir,whcspa,westan,wilsni1,wlswar,wooduc,yelwar",100000000,25,9,3242348831,4632.591999999997
332,marxan,0.5,72,50625,"amegfi,amekes,amerob,annhum,baleag,barswa,brdowl,belkin1,bewwre,bnhcow,bkhgro,brebla,brncre,batpig1,bushti,cangoo,chbchi,cedwax,chispa,coohaw,comrav,amecro,dowwoo,eucdov,eursta,evegro,norfli,foxspa,gockin,haiwoo,houfin,houspa,houwre,hutvir,macwar,moudov,norhar1,orcwar,olsfly,osprey,pacwre1,pinsis,pilwoo,pasfly,purfin,purmar,rebnut,rebsap,redcro,rocpig,rethaw,rufhum,rewbla,savspa,sora,sonspa,spotow,stejay,swathr,towwar,treswa,daejun,yerwar,varthr,vigswa,warvir,whcspa,westan,wilsni1,wlswar,wooduc,yelwar",100000000,25,8,6493368830,5204.909
333,marxan,0.6,72,50625,"amegfi,amekes,amerob,annhum,baleag,barswa,brdowl,belkin1,bewwre,bnhcow,bkhgro,brebla,brncre,batpig1,bushti,cangoo,chbchi,cedwax,chispa,coohaw,comrav,amecro,dowwoo,eucdov,eursta,evegro,norfli,foxspa,gockin,haiwoo,houfin,houspa,houwre,hutvir,macwar,moudov,norhar1,orcwar,olsfly,osprey,pacwre1,pinsis,pilwoo,pasfly,purfin,purmar,rebnut,rebsap,redcro,rocpig,rethaw,rufhum,rewbla,savspa,sora,sonspa,spotow,stejay,swathr,towwar,treswa,daejun,yerwar,varthr,vigswa,warvir,whcspa,westan,wilsni1,wlswar,wooduc,yelwar",100000000,25,10,18409345183,5927.538999999997
334,marxan,0.7000000000000001,72,50625,"amegfi,amekes,amerob,annhum,baleag,barswa,brdowl,belkin1,bewwre,bnhcow,bkhgro,brebla,brncre,batpig1,bushti,cangoo,chbchi,cedwax,chispa,coohaw,comrav,amecro,dowwoo,eucdov,eursta,evegro,norfli,foxspa,gockin,haiwoo,houfin,houspa,houwre,hutvir,macwar,moudov,norhar1,orcwar,olsfly,osprey,pacwre1,pinsis,pilwoo,pasfly,purfin,purmar,rebnut,rebsap,redcro,rocpig,rethaw,rufhum,rewbla,savspa,sora,sonspa,spotow,stejay,swathr,towwar,treswa,daejun,yerwar,varthr,vigswa,warvir,whcspa,westan,wilsni1,wlswar,wooduc,yelwar",100000000,25,10,18789968400,6285.338
335,marxan,0.8,72,50625,"amegfi,amekes,amerob,annhum,baleag,barswa,brdowl,belkin1,bewwre,bnhcow,bkhgro,brebla,brncre,batpig1,bushti,cangoo,chbchi,cedwax,chispa,coohaw,comrav,amecro,dowwoo,eucdov,eursta,evegro,norfli,foxspa,gockin,haiwoo,houfin,houspa,houwre,hutvir,macwar,moudov,norhar1,orcwar,olsfly,osprey,pacwre1,pinsis,pilwoo,pasfly,purfin,purmar,rebnut,rebsap,redcro,rocpig,rethaw,rufhum,rewbla,savspa,sora,sonspa,spotow,stejay,swathr,towwar,treswa,daejun,yerwar,varthr,vigswa,warvir,whcspa,westan,wilsni1,wlswar,wooduc,yelwar",100000000,25,10,25432072176,6646.897000000001
336,marxan,0.9,72,50625,"amegfi,amekes,amerob,annhum,baleag,barswa,brdowl,belkin1,bewwre,bnhcow,bkhgro,brebla,brncre,batpig1,bushti,cangoo,chbchi,cedwax,chispa,coohaw,comrav,amecro,dowwoo,eucdov,eursta,evegro,norfli,foxspa,gockin,haiwoo,houfin,houspa,houwre,hutvir,macwar,moudov,norhar1,orcwar,olsfly,osprey,pacwre1,pinsis,pilwoo,pasfly,purfin,purmar,rebnut,rebsap,redcro,rocpig,rethaw,rufhum,rewbla,savspa,sora,sonspa,spotow,stejay,swathr,towwar,treswa,daejun,yerwar,varthr,vigswa,warvir,whcspa,westan,wilsni1,wlswar,wooduc,yelwar",100000000,25,8,38805155584,6734.994000000002
337,marxan,0.1,72,50625,"amegfi,amekes,amerob,annhum,baleag,barswa,brdowl,belkin1,bewwre,bnhcow,bkhgro,brebla,brncre,batpig1,bushti,cangoo,chbchi,cedwax,chispa,coohaw,comrav,amecro,dowwoo,eucdov,eursta,evegro,norfli,foxspa,gockin,haiwoo,houfin,houspa,houwre,hutvir,macwar,moudov,norhar1,orcwar,olsfly,osprey,pacwre1,pinsis,pilwoo,pasfly,purfin,purmar,rebnut,rebsap,redcro,rocpig,rethaw,rufhum,rewbla,savspa,sora,sonspa,spotow,stejay,swathr,towwar,treswa,daejun,yerwar,varthr,vigswa,warvir,whcspa,westan,wilsni1,wlswar,wooduc,yelwar",100000000,25,10,149239966,3371.2940000000017
338,marxan,0.2,72,50625,"amegfi,amekes,amerob,annhum,baleag,barswa,brdowl,belkin1,bewwre,bnhcow,bkhgro,brebla,brncre,batpig1,bushti,cangoo,chbchi,cedwax,chispa,coohaw,comrav,amecro,dowwoo,eucdov,eursta,evegro,norfli,foxspa,gockin,haiwoo,houfin,houspa,houwre,hutvir,macwar,moudov,norhar1,orcwar,olsfly,osprey,pacwre1,pinsis,pilwoo,pasfly,purfin,purmar,rebnut,rebsap,redcro,rocpig,rethaw,rufhum,rewbla,savspa,sora,sonspa,spotow,stejay,swathr,towwar,treswa,daejun,yerwar,varthr,vigswa,warvir,whcspa,westan,wilsni1,wlswar,wooduc,yelwar",100000000,25,10,571540622,3764.922999999999
339,marxan,0.30000000000000004,72,50625,"amegfi,amekes,amerob,annhum,baleag,barswa,brdowl,belkin1,bewwre,bnhcow,bkhgro,brebla,brncre,batpig1,bushti,cangoo,chbchi,cedwax,chispa,coohaw,comrav,amecro,dowwoo,eucdov,eursta,evegro,norfli,foxspa,gockin,haiwoo,houfin,houspa,houwre,hutvir,macwar,moudov,norhar1,orcwar,olsfly,osprey,pacwre1,pinsis,pilwoo,pasfly,purfin,purmar,rebnut,rebsap,redcro,rocpig,rethaw,rufhum,rewbla,savspa,sora,sonspa,spotow,stejay,swathr,towwar,treswa,daejun,yerwar,varthr,vigswa,warvir,whcspa,westan,wilsni1,wlswar,wooduc,yelwar",100000000,25,10,1393865833,4088.402000000002
304,marxan,0.4,72,50625,"amegfi,amekes,amerob,annhum,baleag,barswa,brdowl,belkin1,bewwre,bnhcow,bkhgro,brebla,brncre,batpig1,bushti,cangoo,chbchi,cedwax,chispa,coohaw,comrav,amecro,dowwoo,eucdov,eursta,evegro,norfli,foxspa,gockin,haiwoo,houfin,houspa,houwre,hutvir,macwar,moudov,norhar1,orcwar,olsfly,osprey,pacwre1,pinsis,pilwoo,pasfly,purfin,purmar,rebnut,rebsap,redcro,rocpig,rethaw,rufhum,rewbla,savspa,sora,sonspa,spotow,stejay,swathr,towwar,treswa,daejun,yerwar,varthr,vigswa,warvir,whcspa,westan,wilsni1,wlswar,wooduc,yelwar",100000000,25,10,3225004859,5212.654
340,marxan,0.4,72,50625,"amegfi,amekes,amerob,annhum,baleag,barswa,brdowl,belkin1,bewwre,bnhcow,bkhgro,brebla,brncre,batpig1,bushti,cangoo,chbchi,cedwax,chispa,coohaw,comrav,amecro,dowwoo,eucdov,eursta,evegro,norfli,foxspa,gockin,haiwoo,houfin,houspa,houwre,hutvir,macwar,moudov,norhar1,orcwar,olsfly,osprey,pacwre1,pinsis,pilwoo,pasfly,purfin,purmar,rebnut,rebsap,redcro,rocpig,rethaw,rufhum,rewbla,savspa,sora,sonspa,spotow,stejay,swathr,towwar,treswa,daejun,yerwar,varthr,vigswa,warvir,whcspa,westan,wilsni1,wlswar,wooduc,yelwar",100000000,25,10,3188548958,4467.3499999999985
341,marxan,0.5,72,50625,"amegfi,amekes,amerob,annhum,baleag,barswa,brdowl,belkin1,bewwre,bnhcow,bkhgro,brebla,brncre,batpig1,bushti,cangoo,chbchi,cedwax,chispa,coohaw,comrav,amecro,dowwoo,eucdov,eursta,evegro,norfli,foxspa,gockin,haiwoo,houfin,houspa,houwre,hutvir,macwar,moudov,norhar1,orcwar,olsfly,osprey,pacwre1,pinsis,pilwoo,pasfly,purfin,purmar,rebnut,rebsap,redcro,rocpig,rethaw,rufhum,rewbla,savspa,sora,sonspa,spotow,stejay,swathr,towwar,treswa,daejun,yerwar,varthr,vigswa,warvir,whcspa,westan,wilsni1,wlswar,wooduc,yelwar",100000000,25,10,6309751672,4927.013999999999
342,marxan,0.6,72,50625,"amegfi,amekes,amerob,annhum,baleag,barswa,brdowl,belkin1,bewwre,bnhcow,bkhgro,brebla,brncre,batpig1,bushti,cangoo,chbchi,cedwax,chispa,coohaw,comrav,amecro,dowwoo,eucdov,eursta,evegro,norfli,foxspa,gockin,haiwoo,houfin,houspa,houwre,hutvir,macwar,moudov,norhar1,orcwar,olsfly,osprey,pacwre1,pinsis,pilwoo,pasfly,purfin,purmar,rebnut,rebsap,redcro,rocpig,rethaw,rufhum,rewbla,savspa,sora,sonspa,spotow,stejay,swathr,towwar,treswa,daejun,yerwar,varthr,vigswa,warvir,whcspa,westan,wilsni1,wlswar,wooduc,yelwar",100000000,25,10,23084112188,5483.264999999999
343,marxan,0.7000000000000001,72,50625,"amegfi,amekes,amerob,annhum,baleag,barswa,brdowl,belkin1,bewwre,bnhcow,bkhgro,brebla,brncre,batpig1,bushti,cangoo,chbchi,cedwax,chispa,coohaw,comrav,amecro,dowwoo,eucdov,eursta,evegro,norfli,foxspa,gockin,haiwoo,houfin,houspa,houwre,hutvir,macwar,moudov,norhar1,orcwar,olsfly,osprey,pacwre1,pinsis,pilwoo,pasfly,purfin,purmar,rebnut,rebsap,redcro,rocpig,rethaw,rufhum,rewbla,savspa,sora,sonspa,spotow,stejay,swathr,towwar,treswa,daejun,yerwar,varthr,vigswa,warvir,whcspa,westan,wilsni1,wlswar,wooduc,yelwar",100000000,25,10,27274722242,5783.825000000001
344,marxan,0.8,72,50625,"amegfi,amekes,amerob,annhum,baleag,barswa,brdowl,belkin1,bewwre,bnhcow,bkhgro,brebla,brncre,batpig1,bushti,cangoo,chbchi,cedwax,chispa,coohaw,comrav,amecro,dowwoo,eucdov,eursta,evegro,norfli,foxspa,gockin,haiwoo,houfin,houspa,houwre,hutvir,macwar,moudov,norhar1,orcwar,olsfly,osprey,pacwre1,pinsis,pilwoo,pasfly,purfin,purmar,rebnut,rebsap,redcro,rocpig,rethaw,rufhum,rewbla,savspa,sora,sonspa,spotow,stejay,swathr,towwar,treswa,daejun,yerwar,varthr,vigswa,warvir,whcspa,westan,wilsni1,wlswar,wooduc,yelwar",100000000,25,10,31969459742,5945.760999999999
345,marxan,0.9,72,50625,"amegfi,amekes,amerob,annhum,baleag,barswa,brdowl,belkin1,bewwre,bnhcow,bkhgro,brebla,brncre,batpig1,bushti,cangoo,chbchi,cedwax,chispa,coohaw,comrav,amecro,dowwoo,eucdov,eursta,evegro,norfli,foxspa,gockin,haiwoo,houfin,houspa,houwre,hutvir,macwar,moudov,norhar1,orcwar,olsfly,osprey,pacwre1,pinsis,pilwoo,pasfly,purfin,purmar,rebnut,rebsap,redcro,rocpig,rethaw,rufhum,rewbla,savspa,sora,sonspa,spotow,stejay,swathr,towwar,treswa,daejun,yerwar,varthr,vigswa,warvir,whcspa,westan,wilsni1,wlswar,wooduc,yelwar",100000000,25,10,37534475945,5787.947
305,marxan,0.5,72,50625,"amegfi,amekes,amerob,annhum,baleag,barswa,brdowl,belkin1,bewwre,bnhcow,bkhgro,brebla,brncre,batpig1,bushti,cangoo,chbchi,cedwax,chispa,coohaw,comrav,amecro,dowwoo,eucdov,eursta,evegro,norfli,foxspa,gockin,haiwoo,houfin,houspa,houwre,hutvir,macwar,moudov,norhar1,orcwar,olsfly,osprey,pacwre1,pinsis,pilwoo,pasfly,purfin,purmar,rebnut,rebsap,redcro,rocpig,rethaw,rufhum,rewbla,savspa,sora,sonspa,spotow,stejay,swathr,towwar,treswa,daejun,yerwar,varthr,vigswa,warvir,whcspa,westan,wilsni1,wlswar,wooduc,yelwar",100000000,25,10,6530370496,5649.674
306,marxan,0.6,72,50625,"amegfi,amekes,amerob,annhum,baleag,barswa,brdowl,belkin1,bewwre,bnhcow,bkhgro,brebla,brncre,batpig1,bushti,cangoo,chbchi,cedwax,chispa,coohaw,comrav,amecro,dowwoo,eucdov,eursta,evegro,norfli,foxspa,gockin,haiwoo,houfin,houspa,houwre,hutvir,macwar,moudov,norhar1,orcwar,olsfly,osprey,pacwre1,pinsis,pilwoo,pasfly,purfin,purmar,rebnut,rebsap,redcro,rocpig,rethaw,rufhum,rewbla,savspa,sora,sonspa,spotow,stejay,swathr,towwar,treswa,daejun,yerwar,varthr,vigswa,warvir,whcspa,westan,wilsni1,wlswar,wooduc,yelwar",100000000,25,9,11266919756,6194.491
307,marxan,0.7000000000000001,72,50625,"amegfi,amekes,amerob,annhum,baleag,barswa,brdowl,belkin1,bewwre,bnhcow,bkhgro,brebla,brncre,batpig1,bushti,cangoo,chbchi,cedwax,chispa,coohaw,comrav,amecro,dowwoo,eucdov,eursta,evegro,norfli,foxspa,gockin,haiwoo,houfin,houspa,houwre,hutvir,macwar,moudov,norhar1,orcwar,olsfly,osprey,pacwre1,pinsis,pilwoo,pasfly,purfin,purmar,rebnut,rebsap,redcro,rocpig,rethaw,rufhum,rewbla,savspa,sora,sonspa,spotow,stejay,swathr,towwar,treswa,daejun,yerwar,varthr,vigswa,warvir,whcspa,westan,wilsni1,wlswar,wooduc,yelwar",100000000,25,10,17232818904,6603.781
308,marxan,0.8,72,50625,"amegfi,amekes,amerob,annhum,baleag,barswa,brdowl,belkin1,bewwre,bnhcow,bkhgro,brebla,brncre,batpig1,bushti,cangoo,chbchi,cedwax,chispa,coohaw,comrav,amecro,dowwoo,eucdov,eursta,evegro,norfli,foxspa,gockin,haiwoo,houfin,houspa,houwre,hutvir,macwar,moudov,norhar1,orcwar,olsfly,osprey,pacwre1,pinsis,pilwoo,pasfly,purfin,purmar,rebnut,rebsap,redcro,rocpig,rethaw,rufhum,rewbla,savspa,sora,sonspa,spotow,stejay,swathr,towwar,treswa,daejun,yerwar,varthr,vigswa,warvir,whcspa,westan,wilsni1,wlswar,wooduc,yelwar",100000000,25,10,26195011494,6884.581
309,marxan,0.9,72,50625,"amegfi,amekes,amerob,annhum,baleag,barswa,brdowl,belkin1,bewwre,bnhcow,bkhgro,brebla,brncre,batpig1,bushti,cangoo,chbchi,cedwax,chispa,coohaw,comrav,amecro,dowwoo,eucdov,eursta,evegro,norfli,foxspa,gockin,haiwoo,houfin,houspa,houwre,hutvir,macwar,moudov,norhar1,orcwar,olsfly,osprey,pacwre1,pinsis,pilwoo,pasfly,purfin,purmar,rebnut,rebsap,redcro,rocpig,rethaw,rufhum,rewbla,savspa,sora,sonspa,spotow,stejay,swathr,towwar,treswa,daejun,yerwar,varthr,vigswa,warvir,whcspa,westan,wilsni1,wlswar,wooduc,yelwar",100000000,25,10,39233279900,6500.088000000001
