run_id,solver,target,n_features,n_pu,species,blm,n_solutions,cost,time,marxan_iterations,spf
301,gurobi,0.1,72,50625,"amegfi,amekes,amerob,annhum,baleag,barswa,brdowl,belkin1,bewwre,bnhcow,bkhgro,brebla,brncre,batpig1,bushti,cangoo,chbchi,cedwax,chispa,coohaw,comrav,amecro,dowwoo,eucdov,eursta,evegro,norfli,foxspa,gockin,haiwoo,houfin,houspa,houwre,hutvir,macwar,moudov,norhar1,orcwar,olsfly,osprey,pacwre1,pinsis,pilwoo,pasfly,purfin,purmar,rebnut,rebsap,redcro,rocpig,rethaw,rufhum,rewbla,savspa,sora,sonspa,spotow,stejay,swathr,towwar,treswa,daejun,yerwar,varthr,vigswa,warvir,whcspa,westan,wilsni1,wlswar,wooduc,yelwar",0.1,1,108166047,35.461,NA,NA
302,gurobi,0.2,72,50625,"amegfi,amekes,amerob,annhum,baleag,barswa,brdowl,belkin1,bewwre,bnhcow,bkhgro,brebla,brncre,batpig1,bushti,cangoo,chbchi,cedwax,chispa,coohaw,comrav,amecro,dowwoo,eucdov,eursta,evegro,norfli,foxspa,gockin,haiwoo,houfin,houspa,houwre,hutvir,macwar,moudov,norhar1,orcwar,olsfly,osprey,pacwre1,pinsis,pilwoo,pasfly,purfin,purmar,rebnut,rebsap,redcro,rocpig,rethaw,rufhum,rewbla,savspa,sora,sonspa,spotow,stejay,swathr,towwar,treswa,daejun,yerwar,varthr,vigswa,warvir,whcspa,westan,wilsni1,wlswar,wooduc,yelwar",0.1,1,469621051,36.453,NA,NA
303,gurobi,0.3,72,50625,"amegfi,amekes,amerob,annhum,baleag,barswa,brdowl,belkin1,bewwre,bnhcow,bkhgro,brebla,brncre,batpig1,bushti,cangoo,chbchi,cedwax,chispa,coohaw,comrav,amecro,dowwoo,eucdov,eursta,evegro,norfli,foxspa,gockin,haiwoo,houfin,houspa,houwre,hutvir,macwar,moudov,norhar1,orcwar,olsfly,osprey,pacwre1,pinsis,pilwoo,pasfly,purfin,purmar,rebnut,rebsap,redcro,rocpig,rethaw,rufhum,rewbla,savspa,sora,sonspa,spotow,stejay,swathr,towwar,treswa,daejun,yerwar,varthr,vigswa,warvir,whcspa,westan,wilsni1,wlswar,wooduc,yelwar",0.1,1,1232628076,36.106,NA,NA
304,gurobi,0.4,72,50625,"amegfi,amekes,amerob,annhum,baleag,barswa,brdowl,belkin1,bewwre,bnhcow,bkhgro,brebla,brncre,batpig1,bushti,cangoo,chbchi,cedwax,chispa,coohaw,comrav,amecro,dowwoo,eucdov,eursta,evegro,norfli,foxspa,gockin,haiwoo,houfin,houspa,houwre,hutvir,macwar,moudov,norhar1,orcwar,olsfly,osprey,pacwre1,pinsis,pilwoo,pasfly,purfin,purmar,rebnut,rebsap,redcro,rocpig,rethaw,rufhum,rewbla,savspa,sora,sonspa,spotow,stejay,swathr,towwar,treswa,daejun,yerwar,varthr,vigswa,warvir,whcspa,westan,wilsni1,wlswar,wooduc,yelwar",0.1,1,2869798011,36.376,NA,NA
305,gurobi,0.5,72,50625,"amegfi,amekes,amerob,annhum,baleag,barswa,brdowl,belkin1,bewwre,bnhcow,bkhgro,brebla,brncre,batpig1,bushti,cangoo,chbchi,cedwax,chispa,coohaw,comrav,amecro,dowwoo,eucdov,eursta,evegro,norfli,foxspa,gockin,haiwoo,houfin,houspa,houwre,hutvir,macwar,moudov,norhar1,orcwar,olsfly,osprey,pacwre1,pinsis,pilwoo,pasfly,purfin,purmar,rebnut,rebsap,redcro,rocpig,rethaw,rufhum,rewbla,savspa,sora,sonspa,spotow,stejay,swathr,towwar,treswa,daejun,yerwar,varthr,vigswa,warvir,whcspa,westan,wilsni1,wlswar,wooduc,yelwar",0.1,1,5689457704,36.192,NA,NA
306,gurobi,0.6,72,50625,"amegfi,amekes,amerob,annhum,baleag,barswa,brdowl,belkin1,bewwre,bnhcow,bkhgro,brebla,brncre,batpig1,bushti,cangoo,chbchi,cedwax,chispa,coohaw,comrav,amecro,dowwoo,eucdov,eursta,evegro,norfli,foxspa,gockin,haiwoo,houfin,houspa,houwre,hutvir,macwar,moudov,norhar1,orcwar,olsfly,osprey,pacwre1,pinsis,pilwoo,pasfly,purfin,purmar,rebnut,rebsap,redcro,rocpig,rethaw,rufhum,rewbla,savspa,sora,sonspa,spotow,stejay,swathr,towwar,treswa,daejun,yerwar,varthr,vigswa,warvir,whcspa,westan,wilsni1,wlswar,wooduc,yelwar",0.1,1,9813946886,34.937,NA,NA
307,gurobi,0.7,72,50625,"amegfi,amekes,amerob,annhum,baleag,barswa,brdowl,belkin1,bewwre,bnhcow,bkhgro,brebla,brncre,batpig1,bushti,cangoo,chbchi,cedwax,chispa,coohaw,comrav,amecro,dowwoo,eucdov,eursta,evegro,norfli,foxspa,gockin,haiwoo,houfin,houspa,houwre,hutvir,macwar,moudov,norhar1,orcwar,olsfly,osprey,pacwre1,pinsis,pilwoo,pasfly,purfin,purmar,rebnut,rebsap,redcro,rocpig,rethaw,rufhum,rewbla,savspa,sora,sonspa,spotow,stejay,swathr,towwar,treswa,daejun,yerwar,varthr,vigswa,warvir,whcspa,westan,wilsni1,wlswar,wooduc,yelwar",0.1,1,15211653427,35.824,NA,NA
308,gurobi,0.8,72,50625,"amegfi,amekes,amerob,annhum,baleag,barswa,brdowl,belkin1,bewwre,bnhcow,bkhgro,brebla,brncre,batpig1,bushti,cangoo,chbchi,cedwax,chispa,coohaw,comrav,amecro,dowwoo,eucdov,eursta,evegro,norfli,foxspa,gockin,haiwoo,houfin,houspa,houwre,hutvir,macwar,moudov,norhar1,orcwar,olsfly,osprey,pacwre1,pinsis,pilwoo,pasfly,purfin,purmar,rebnut,rebsap,redcro,rocpig,rethaw,rufhum,rewbla,savspa,sora,sonspa,spotow,stejay,swathr,towwar,treswa,daejun,yerwar,varthr,vigswa,warvir,whcspa,westan,wilsni1,wlswar,wooduc,yelwar",0.1,1,21927084224,35.902,NA,NA
309,gurobi,0.9,72,50625,"amegfi,amekes,amerob,annhum,baleag,barswa,brdowl,belkin1,bewwre,bnhcow,bkhgro,brebla,brncre,batpig1,bushti,cangoo,chbchi,cedwax,chispa,coohaw,comrav,amecro,dowwoo,eucdov,eursta,evegro,norfli,foxspa,gockin,haiwoo,houfin,houspa,houwre,hutvir,macwar,moudov,norhar1,orcwar,olsfly,osprey,pacwre1,pinsis,pilwoo,pasfly,purfin,purmar,rebnut,rebsap,redcro,rocpig,rethaw,rufhum,rewbla,savspa,sora,sonspa,spotow,stejay,swathr,towwar,treswa,daejun,yerwar,varthr,vigswa,warvir,whcspa,westan,wilsni1,wlswar,wooduc,yelwar",0.1,1,30488042937,34.605,NA,NA
310,gurobi,0.1,72,50625,"amegfi,amekes,amerob,annhum,baleag,barswa,brdowl,belkin1,bewwre,bnhcow,bkhgro,brebla,brncre,batpig1,bushti,cangoo,chbchi,cedwax,chispa,coohaw,comrav,amecro,dowwoo,eucdov,eursta,evegro,norfli,foxspa,gockin,haiwoo,houfin,houspa,houwre,hutvir,macwar,moudov,norhar1,orcwar,olsfly,osprey,pacwre1,pinsis,pilwoo,pasfly,purfin,purmar,rebnut,rebsap,redcro,rocpig,rethaw,rufhum,rewbla,savspa,sora,sonspa,spotow,stejay,swathr,towwar,treswa,daejun,yerwar,varthr,vigswa,warvir,whcspa,westan,wilsni1,wlswar,wooduc,yelwar",1,1,108596734,35.028,NA,NA
311,gurobi,0.2,72,50625,"amegfi,amekes,amerob,annhum,baleag,barswa,brdowl,belkin1,bewwre,bnhcow,bkhgro,brebla,brncre,batpig1,bushti,cangoo,chbchi,cedwax,chispa,coohaw,comrav,amecro,dowwoo,eucdov,eursta,evegro,norfli,foxspa,gockin,haiwoo,houfin,houspa,houwre,hutvir,macwar,moudov,norhar1,orcwar,olsfly,osprey,pacwre1,pinsis,pilwoo,pasfly,purfin,purmar,rebnut,rebsap,redcro,rocpig,rethaw,rufhum,rewbla,savspa,sora,sonspa,spotow,stejay,swathr,towwar,treswa,daejun,yerwar,varthr,vigswa,warvir,whcspa,westan,wilsni1,wlswar,wooduc,yelwar",1,1,470365684,35.009,NA,NA
312,gurobi,0.3,72,50625,"amegfi,amekes,amerob,annhum,baleag,barswa,brdowl,belkin1,bewwre,bnhcow,bkhgro,brebla,brncre,batpig1,bushti,cangoo,chbchi,cedwax,chispa,coohaw,comrav,amecro,dowwoo,eucdov,eursta,evegro,norfli,foxspa,gockin,haiwoo,houfin,houspa,houwre,hutvir,macwar,moudov,norhar1,orcwar,olsfly,osprey,pacwre1,pinsis,pilwoo,pasfly,purfin,purmar,rebnut,rebsap,redcro,rocpig,rethaw,rufhum,rewbla,savspa,sora,sonspa,spotow,stejay,swathr,towwar,treswa,daejun,yerwar,varthr,vigswa,warvir,whcspa,westan,wilsni1,wlswar,wooduc,yelwar",1,1,1233574770,35.93,NA,NA
313,gurobi,0.4,72,50625,"amegfi,amekes,amerob,annhum,baleag,barswa,brdowl,belkin1,bewwre,bnhcow,bkhgro,brebla,brncre,batpig1,bushti,cangoo,chbchi,cedwax,chispa,coohaw,comrav,amecro,dowwoo,eucdov,eursta,evegro,norfli,foxspa,gockin,haiwoo,houfin,houspa,houwre,hutvir,macwar,moudov,norhar1,orcwar,olsfly,osprey,pacwre1,pinsis,pilwoo,pasfly,purfin,purmar,rebnut,rebsap,redcro,rocpig,rethaw,rufhum,rewbla,savspa,sora,sonspa,spotow,stejay,swathr,towwar,treswa,daejun,yerwar,varthr,vigswa,warvir,whcspa,westan,wilsni1,wlswar,wooduc,yelwar",1,1,2870926813,35.96,NA,NA
314,gurobi,0.5,72,50625,"amegfi,amekes,amerob,annhum,baleag,barswa,brdowl,belkin1,bewwre,bnhcow,bkhgro,brebla,brncre,batpig1,bushti,cangoo,chbchi,cedwax,chispa,coohaw,comrav,amecro,dowwoo,eucdov,eursta,evegro,norfli,foxspa,gockin,haiwoo,houfin,houspa,houwre,hutvir,macwar,moudov,norhar1,orcwar,olsfly,osprey,pacwre1,pinsis,pilwoo,pasfly,purfin,purmar,rebnut,rebsap,redcro,rocpig,rethaw,rufhum,rewbla,savspa,sora,sonspa,spotow,stejay,swathr,towwar,treswa,daejun,yerwar,varthr,vigswa,warvir,whcspa,westan,wilsni1,wlswar,wooduc,yelwar",1,1,5690640309,35.932,NA,NA
315,gurobi,0.6,72,50625,"amegfi,amekes,amerob,annhum,baleag,barswa,brdowl,belkin1,bewwre,bnhcow,bkhgro,brebla,brncre,batpig1,bushti,cangoo,chbchi,cedwax,chispa,coohaw,comrav,amecro,dowwoo,eucdov,eursta,evegro,norfli,foxspa,gockin,haiwoo,houfin,houspa,houwre,hutvir,macwar,moudov,norhar1,orcwar,olsfly,osprey,pacwre1,pinsis,pilwoo,pasfly,purfin,purmar,rebnut,rebsap,redcro,rocpig,rethaw,rufhum,rewbla,savspa,sora,sonspa,spotow,stejay,swathr,towwar,treswa,daejun,yerwar,varthr,vigswa,warvir,whcspa,westan,wilsni1,wlswar,wooduc,yelwar",1,1,9815338021,35.874,NA,NA
316,gurobi,0.7,72,50625,"amegfi,amekes,amerob,annhum,baleag,barswa,brdowl,belkin1,bewwre,bnhcow,bkhgro,brebla,brncre,batpig1,bushti,cangoo,chbchi,cedwax,chispa,coohaw,comrav,amecro,dowwoo,eucdov,eursta,evegro,norfli,foxspa,gockin,haiwoo,houfin,houspa,houwre,hutvir,macwar,moudov,norhar1,orcwar,olsfly,osprey,pacwre1,pinsis,pilwoo,pasfly,purfin,purmar,rebnut,rebsap,redcro,rocpig,rethaw,rufhum,rewbla,savspa,sora,sonspa,spotow,stejay,swathr,towwar,treswa,daejun,yerwar,varthr,vigswa,warvir,whcspa,westan,wilsni1,wlswar,wooduc,yelwar",1,1,15212912525,36.171,NA,NA
317,gurobi,0.8,72,50625,"amegfi,amekes,amerob,annhum,baleag,barswa,brdowl,belkin1,bewwre,bnhcow,bkhgro,brebla,brncre,batpig1,bushti,cangoo,chbchi,cedwax,chispa,coohaw,comrav,amecro,dowwoo,eucdov,eursta,evegro,norfli,foxspa,gockin,haiwoo,houfin,houspa,houwre,hutvir,macwar,moudov,norhar1,orcwar,olsfly,osprey,pacwre1,pinsis,pilwoo,pasfly,purfin,purmar,rebnut,rebsap,redcro,rocpig,rethaw,rufhum,rewbla,savspa,sora,sonspa,spotow,stejay,swathr,towwar,treswa,daejun,yerwar,varthr,vigswa,warvir,whcspa,westan,wilsni1,wlswar,wooduc,yelwar",1,1,21927620837,34.928,NA,NA
318,gurobi,0.9,72,50625,"amegfi,amekes,amerob,annhum,baleag,barswa,brdowl,belkin1,bewwre,bnhcow,bkhgro,brebla,brncre,batpig1,bushti,cangoo,chbchi,cedwax,chispa,coohaw,comrav,amecro,dowwoo,eucdov,eursta,evegro,norfli,foxspa,gockin,haiwoo,houfin,houspa,houwre,hutvir,macwar,moudov,norhar1,orcwar,olsfly,osprey,pacwre1,pinsis,pilwoo,pasfly,purfin,purmar,rebnut,rebsap,redcro,rocpig,rethaw,rufhum,rewbla,savspa,sora,sonspa,spotow,stejay,swathr,towwar,treswa,daejun,yerwar,varthr,vigswa,warvir,whcspa,westan,wilsni1,wlswar,wooduc,yelwar",1,1,30488662587,35.414,NA,NA
319,gurobi,0.1,72,50625,"amegfi,amekes,amerob,annhum,baleag,barswa,brdowl,belkin1,bewwre,bnhcow,bkhgro,brebla,brncre,batpig1,bushti,cangoo,chbchi,cedwax,chispa,coohaw,comrav,amecro,dowwoo,eucdov,eursta,evegro,norfli,foxspa,gockin,haiwoo,houfin,houspa,houwre,hutvir,macwar,moudov,norhar1,orcwar,olsfly,osprey,pacwre1,pinsis,pilwoo,pasfly,purfin,purmar,rebnut,rebsap,redcro,rocpig,rethaw,rufhum,rewbla,savspa,sora,sonspa,spotow,stejay,swathr,towwar,treswa,daejun,yerwar,varthr,vigswa,warvir,whcspa,westan,wilsni1,wlswar,wooduc,yelwar",10,1,112546838,35.518,NA,NA
320,gurobi,0.2,72,50625,"amegfi,amekes,amerob,annhum,baleag,barswa,brdowl,belkin1,bewwre,bnhcow,bkhgro,brebla,brncre,batpig1,bushti,cangoo,chbchi,cedwax,chispa,coohaw,comrav,amecro,dowwoo,eucdov,eursta,evegro,norfli,foxspa,gockin,haiwoo,houfin,houspa,houwre,hutvir,macwar,moudov,norhar1,orcwar,olsfly,osprey,pacwre1,pinsis,pilwoo,pasfly,purfin,purmar,rebnut,rebsap,redcro,rocpig,rethaw,rufhum,rewbla,savspa,sora,sonspa,spotow,stejay,swathr,towwar,treswa,daejun,yerwar,varthr,vigswa,warvir,whcspa,westan,wilsni1,wlswar,wooduc,yelwar",10,1,477547224,35.124,NA,NA
321,gurobi,0.3,72,50625,"amegfi,amekes,amerob,annhum,baleag,barswa,brdowl,belkin1,bewwre,bnhcow,bkhgro,brebla,brncre,batpig1,bushti,cangoo,chbchi,cedwax,chispa,coohaw,comrav,amecro,dowwoo,eucdov,eursta,evegro,norfli,foxspa,gockin,haiwoo,houfin,houspa,houwre,hutvir,macwar,moudov,norhar1,orcwar,olsfly,osprey,pacwre1,pinsis,pilwoo,pasfly,purfin,purmar,rebnut,rebsap,redcro,rocpig,rethaw,rufhum,rewbla,savspa,sora,sonspa,spotow,stejay,swathr,towwar,treswa,daejun,yerwar,varthr,vigswa,warvir,whcspa,westan,wilsni1,wlswar,wooduc,yelwar",10,1,1242807934,35.157,NA,NA
322,gurobi,0.4,72,50625,"amegfi,amekes,amerob,annhum,baleag,barswa,brdowl,belkin1,bewwre,bnhcow,bkhgro,brebla,brncre,batpig1,bushti,cangoo,chbchi,cedwax,chispa,coohaw,comrav,amecro,dowwoo,eucdov,eursta,evegro,norfli,foxspa,gockin,haiwoo,houfin,houspa,houwre,hutvir,macwar,moudov,norhar1,orcwar,olsfly,osprey,pacwre1,pinsis,pilwoo,pasfly,purfin,purmar,rebnut,rebsap,redcro,rocpig,rethaw,rufhum,rewbla,savspa,sora,sonspa,spotow,stejay,swathr,towwar,treswa,daejun,yerwar,varthr,vigswa,warvir,whcspa,westan,wilsni1,wlswar,wooduc,yelwar",10,1,2881693498,36.369,NA,NA
323,gurobi,0.5,72,50625,"amegfi,amekes,amerob,annhum,baleag,barswa,brdowl,belkin1,bewwre,bnhcow,bkhgro,brebla,brncre,batpig1,bushti,cangoo,chbchi,cedwax,chispa,coohaw,comrav,amecro,dowwoo,eucdov,eursta,evegro,norfli,foxspa,gockin,haiwoo,houfin,houspa,houwre,hutvir,macwar,moudov,norhar1,orcwar,olsfly,osprey,pacwre1,pinsis,pilwoo,pasfly,purfin,purmar,rebnut,rebsap,redcro,rocpig,rethaw,rufhum,rewbla,savspa,sora,sonspa,spotow,stejay,swathr,towwar,treswa,daejun,yerwar,varthr,vigswa,warvir,whcspa,westan,wilsni1,wlswar,wooduc,yelwar",10,1,5701798632,36.509,NA,NA
324,gurobi,0.6,72,50625,"amegfi,amekes,amerob,annhum,baleag,barswa,brdowl,belkin1,bewwre,bnhcow,bkhgro,brebla,brncre,batpig1,bushti,cangoo,chbchi,cedwax,chispa,coohaw,comrav,amecro,dowwoo,eucdov,eursta,evegro,norfli,foxspa,gockin,haiwoo,houfin,houspa,houwre,hutvir,macwar,moudov,norhar1,orcwar,olsfly,osprey,pacwre1,pinsis,pilwoo,pasfly,purfin,purmar,rebnut,rebsap,redcro,rocpig,rethaw,rufhum,rewbla,savspa,sora,sonspa,spotow,stejay,swathr,towwar,treswa,daejun,yerwar,varthr,vigswa,warvir,whcspa,westan,wilsni1,wlswar,wooduc,yelwar",10,1,9826335190,37.378,NA,NA
325,gurobi,0.7,72,50625,"amegfi,amekes,amerob,annhum,baleag,barswa,brdowl,belkin1,bewwre,bnhcow,bkhgro,brebla,brncre,batpig1,bushti,cangoo,chbchi,cedwax,chispa,coohaw,comrav,amecro,dowwoo,eucdov,eursta,evegro,norfli,foxspa,gockin,haiwoo,houfin,houspa,houwre,hutvir,macwar,moudov,norhar1,orcwar,olsfly,osprey,pacwre1,pinsis,pilwoo,pasfly,purfin,purmar,rebnut,rebsap,redcro,rocpig,rethaw,rufhum,rewbla,savspa,sora,sonspa,spotow,stejay,swathr,towwar,treswa,daejun,yerwar,varthr,vigswa,warvir,whcspa,westan,wilsni1,wlswar,wooduc,yelwar",10,1,15223230651,66.685,NA,NA
326,gurobi,0.8,72,50625,"amegfi,amekes,amerob,annhum,baleag,barswa,brdowl,belkin1,bewwre,bnhcow,bkhgro,brebla,brncre,batpig1,bushti,cangoo,chbchi,cedwax,chispa,coohaw,comrav,amecro,dowwoo,eucdov,eursta,evegro,norfli,foxspa,gockin,haiwoo,houfin,houspa,houwre,hutvir,macwar,moudov,norhar1,orcwar,olsfly,osprey,pacwre1,pinsis,pilwoo,pasfly,purfin,purmar,rebnut,rebsap,redcro,rocpig,rethaw,rufhum,rewbla,savspa,sora,sonspa,spotow,stejay,swathr,towwar,treswa,daejun,yerwar,varthr,vigswa,warvir,whcspa,westan,wilsni1,wlswar,wooduc,yelwar",10,1,21936775927,64.891,NA,NA
327,gurobi,0.9,72,50625,"amegfi,amekes,amerob,annhum,baleag,barswa,brdowl,belkin1,bewwre,bnhcow,bkhgro,brebla,brncre,batpig1,bushti,cangoo,chbchi,cedwax,chispa,coohaw,comrav,amecro,dowwoo,eucdov,eursta,evegro,norfli,foxspa,gockin,haiwoo,houfin,houspa,houwre,hutvir,macwar,moudov,norhar1,orcwar,olsfly,osprey,pacwre1,pinsis,pilwoo,pasfly,purfin,purmar,rebnut,rebsap,redcro,rocpig,rethaw,rufhum,rewbla,savspa,sora,sonspa,spotow,stejay,swathr,towwar,treswa,daejun,yerwar,varthr,vigswa,warvir,whcspa,westan,wilsni1,wlswar,wooduc,yelwar",10,1,30496992836,63.829,NA,NA
328,gurobi,0.1,72,50625,"amegfi,amekes,amerob,annhum,baleag,barswa,brdowl,belkin1,bewwre,bnhcow,bkhgro,brebla,brncre,batpig1,bushti,cangoo,chbchi,cedwax,chispa,coohaw,comrav,amecro,dowwoo,eucdov,eursta,evegro,norfli,foxspa,gockin,haiwoo,houfin,houspa,houwre,hutvir,macwar,moudov,norhar1,orcwar,olsfly,osprey,pacwre1,pinsis,pilwoo,pasfly,purfin,purmar,rebnut,rebsap,redcro,rocpig,rethaw,rufhum,rewbla,savspa,sora,sonspa,spotow,stejay,swathr,towwar,treswa,daejun,yerwar,varthr,vigswa,warvir,whcspa,westan,wilsni1,wlswar,wooduc,yelwar",100,1,141319197,76.849,NA,NA
329,gurobi,0.2,72,50625,"amegfi,amekes,amerob,annhum,baleag,barswa,brdowl,belkin1,bewwre,bnhcow,bkhgro,brebla,brncre,batpig1,bushti,cangoo,chbchi,cedwax,chispa,coohaw,comrav,amecro,dowwoo,eucdov,eursta,evegro,norfli,foxspa,gockin,haiwoo,houfin,houspa,houwre,hutvir,macwar,moudov,norhar1,orcwar,olsfly,osprey,pacwre1,pinsis,pilwoo,pasfly,purfin,purmar,rebnut,rebsap,redcro,rocpig,rethaw,rufhum,rewbla,savspa,sora,sonspa,spotow,stejay,swathr,towwar,treswa,daejun,yerwar,varthr,vigswa,warvir,whcspa,westan,wilsni1,wlswar,wooduc,yelwar",100,1,538921628,77.932,NA,NA
330,gurobi,0.3,72,50625,"amegfi,amekes,amerob,annhum,baleag,barswa,brdowl,belkin1,bewwre,bnhcow,bkhgro,brebla,brncre,batpig1,bushti,cangoo,chbchi,cedwax,chispa,coohaw,comrav,amecro,dowwoo,eucdov,eursta,evegro,norfli,foxspa,gockin,haiwoo,houfin,houspa,houwre,hutvir,macwar,moudov,norhar1,orcwar,olsfly,osprey,pacwre1,pinsis,pilwoo,pasfly,purfin,purmar,rebnut,rebsap,redcro,rocpig,rethaw,rufhum,rewbla,savspa,sora,sonspa,spotow,stejay,swathr,towwar,treswa,daejun,yerwar,varthr,vigswa,warvir,whcspa,westan,wilsni1,wlswar,wooduc,yelwar",100,1,1326074165,81.211,NA,NA
331,gurobi,0.4,72,50625,"amegfi,amekes,amerob,annhum,baleag,barswa,brdowl,belkin1,bewwre,bnhcow,bkhgro,brebla,brncre,batpig1,bushti,cangoo,chbchi,cedwax,chispa,coohaw,comrav,amecro,dowwoo,eucdov,eursta,evegro,norfli,foxspa,gockin,haiwoo,houfin,houspa,houwre,hutvir,macwar,moudov,norhar1,orcwar,olsfly,osprey,pacwre1,pinsis,pilwoo,pasfly,purfin,purmar,rebnut,rebsap,redcro,rocpig,rethaw,rufhum,rewbla,savspa,sora,sonspa,spotow,stejay,swathr,towwar,treswa,daejun,yerwar,varthr,vigswa,warvir,whcspa,westan,wilsni1,wlswar,wooduc,yelwar",100,1,2979550477,61.785,NA,NA
332,gurobi,0.5,72,50625,"amegfi,amekes,amerob,annhum,baleag,barswa,brdowl,belkin1,bewwre,bnhcow,bkhgro,brebla,brncre,batpig1,bushti,cangoo,chbchi,cedwax,chispa,coohaw,comrav,amecro,dowwoo,eucdov,eursta,evegro,norfli,foxspa,gockin,haiwoo,houfin,houspa,houwre,hutvir,macwar,moudov,norhar1,orcwar,olsfly,osprey,pacwre1,pinsis,pilwoo,pasfly,purfin,purmar,rebnut,rebsap,redcro,rocpig,rethaw,rufhum,rewbla,savspa,sora,sonspa,spotow,stejay,swathr,towwar,treswa,daejun,yerwar,varthr,vigswa,warvir,whcspa,westan,wilsni1,wlswar,wooduc,yelwar",100,1,5806834209,74.791,NA,NA
333,gurobi,0.6,72,50625,"amegfi,amekes,amerob,annhum,baleag,barswa,brdowl,belkin1,bewwre,bnhcow,bkhgro,brebla,brncre,batpig1,bushti,cangoo,chbchi,cedwax,chispa,coohaw,comrav,amecro,dowwoo,eucdov,eursta,evegro,norfli,foxspa,gockin,haiwoo,houfin,houspa,houwre,hutvir,macwar,moudov,norhar1,orcwar,olsfly,osprey,pacwre1,pinsis,pilwoo,pasfly,purfin,purmar,rebnut,rebsap,redcro,rocpig,rethaw,rufhum,rewbla,savspa,sora,sonspa,spotow,stejay,swathr,towwar,treswa,daejun,yerwar,varthr,vigswa,warvir,whcspa,westan,wilsni1,wlswar,wooduc,yelwar",100,1,9934604676,75.879,NA,NA
334,gurobi,0.7,72,50625,"amegfi,amekes,amerob,annhum,baleag,barswa,brdowl,belkin1,bewwre,bnhcow,bkhgro,brebla,brncre,batpig1,bushti,cangoo,chbchi,cedwax,chispa,coohaw,comrav,amecro,dowwoo,eucdov,eursta,evegro,norfli,foxspa,gockin,haiwoo,houfin,houspa,houwre,hutvir,macwar,moudov,norhar1,orcwar,olsfly,osprey,pacwre1,pinsis,pilwoo,pasfly,purfin,purmar,rebnut,rebsap,redcro,rocpig,rethaw,rufhum,rewbla,savspa,sora,sonspa,spotow,stejay,swathr,towwar,treswa,daejun,yerwar,varthr,vigswa,warvir,whcspa,westan,wilsni1,wlswar,wooduc,yelwar",100,1,15326048867,74.784,NA,NA
335,gurobi,0.8,72,50625,"amegfi,amekes,amerob,annhum,baleag,barswa,brdowl,belkin1,bewwre,bnhcow,bkhgro,brebla,brncre,batpig1,bushti,cangoo,chbchi,cedwax,chispa,coohaw,comrav,amecro,dowwoo,eucdov,eursta,evegro,norfli,foxspa,gockin,haiwoo,houfin,houspa,houwre,hutvir,macwar,moudov,norhar1,orcwar,olsfly,osprey,pacwre1,pinsis,pilwoo,pasfly,purfin,purmar,rebnut,rebsap,redcro,rocpig,rethaw,rufhum,rewbla,savspa,sora,sonspa,spotow,stejay,swathr,towwar,treswa,daejun,yerwar,varthr,vigswa,warvir,whcspa,westan,wilsni1,wlswar,wooduc,yelwar",100,1,22025159628,79.05,NA,NA
336,gurobi,0.9,72,50625,"amegfi,amekes,amerob,annhum,baleag,barswa,brdowl,belkin1,bewwre,bnhcow,bkhgro,brebla,brncre,batpig1,bushti,cangoo,chbchi,cedwax,chispa,coohaw,comrav,amecro,dowwoo,eucdov,eursta,evegro,norfli,foxspa,gockin,haiwoo,houfin,houspa,houwre,hutvir,macwar,moudov,norhar1,orcwar,olsfly,osprey,pacwre1,pinsis,pilwoo,pasfly,purfin,purmar,rebnut,rebsap,redcro,rocpig,rethaw,rufhum,rewbla,savspa,sora,sonspa,spotow,stejay,swathr,towwar,treswa,daejun,yerwar,varthr,vigswa,warvir,whcspa,westan,wilsni1,wlswar,wooduc,yelwar",100,1,30555730704,71.497,NA,NA
337,gurobi,0.1,72,50625,"amegfi,amekes,amerob,annhum,baleag,barswa,brdowl,belkin1,bewwre,bnhcow,bkhgro,brebla,brncre,batpig1,bushti,cangoo,chbchi,cedwax,chispa,coohaw,comrav,amecro,dowwoo,eucdov,eursta,evegro,norfli,foxspa,gockin,haiwoo,houfin,houspa,houwre,hutvir,macwar,moudov,norhar1,orcwar,olsfly,osprey,pacwre1,pinsis,pilwoo,pasfly,purfin,purmar,rebnut,rebsap,redcro,rocpig,rethaw,rufhum,rewbla,savspa,sora,sonspa,spotow,stejay,swathr,towwar,treswa,daejun,yerwar,varthr,vigswa,warvir,whcspa,westan,wilsni1,wlswar,wooduc,yelwar",1000,1,294985977,825.214,NA,NA
338,gurobi,0.2,72,50625,"amegfi,amekes,amerob,annhum,baleag,barswa,brdowl,belkin1,bewwre,bnhcow,bkhgro,brebla,brncre,batpig1,bushti,cangoo,chbchi,cedwax,chispa,coohaw,comrav,amecro,dowwoo,eucdov,eursta,evegro,norfli,foxspa,gockin,haiwoo,houfin,houspa,houwre,hutvir,macwar,moudov,norhar1,orcwar,olsfly,osprey,pacwre1,pinsis,pilwoo,pasfly,purfin,purmar,rebnut,rebsap,redcro,rocpig,rethaw,rufhum,rewbla,savspa,sora,sonspa,spotow,stejay,swathr,towwar,treswa,daejun,yerwar,varthr,vigswa,warvir,whcspa,westan,wilsni1,wlswar,wooduc,yelwar",1000,1,904965145,209.462,NA,NA
339,gurobi,0.3,72,50625,"amegfi,amekes,amerob,annhum,baleag,barswa,brdowl,belkin1,bewwre,bnhcow,bkhgro,brebla,brncre,batpig1,bushti,cangoo,chbchi,cedwax,chispa,coohaw,comrav,amecro,dowwoo,eucdov,eursta,evegro,norfli,foxspa,gockin,haiwoo,houfin,houspa,houwre,hutvir,macwar,moudov,norhar1,orcwar,olsfly,osprey,pacwre1,pinsis,pilwoo,pasfly,purfin,purmar,rebnut,rebsap,redcro,rocpig,rethaw,rufhum,rewbla,savspa,sora,sonspa,spotow,stejay,swathr,towwar,treswa,daejun,yerwar,varthr,vigswa,warvir,whcspa,westan,wilsni1,wlswar,wooduc,yelwar",1000,1,1873714987,165.545,NA,NA
340,gurobi,0.4,72,50625,"amegfi,amekes,amerob,annhum,baleag,barswa,brdowl,belkin1,bewwre,bnhcow,bkhgro,brebla,brncre,batpig1,bushti,cangoo,chbchi,cedwax,chispa,coohaw,comrav,amecro,dowwoo,eucdov,eursta,evegro,norfli,foxspa,gockin,haiwoo,houfin,houspa,houwre,hutvir,macwar,moudov,norhar1,orcwar,olsfly,osprey,pacwre1,pinsis,pilwoo,pasfly,purfin,purmar,rebnut,rebsap,redcro,rocpig,rethaw,rufhum,rewbla,savspa,sora,sonspa,spotow,stejay,swathr,towwar,treswa,daejun,yerwar,varthr,vigswa,warvir,whcspa,westan,wilsni1,wlswar,wooduc,yelwar",1000,1,3658323583,225.459,NA,NA
341,gurobi,0.5,72,50625,"amegfi,amekes,amerob,annhum,baleag,barswa,brdowl,belkin1,bewwre,bnhcow,bkhgro,brebla,brncre,batpig1,bushti,cangoo,chbchi,cedwax,chispa,coohaw,comrav,amecro,dowwoo,eucdov,eursta,evegro,norfli,foxspa,gockin,haiwoo,houfin,houspa,houwre,hutvir,macwar,moudov,norhar1,orcwar,olsfly,osprey,pacwre1,pinsis,pilwoo,pasfly,purfin,purmar,rebnut,rebsap,redcro,rocpig,rethaw,rufhum,rewbla,savspa,sora,sonspa,spotow,stejay,swathr,towwar,treswa,daejun,yerwar,varthr,vigswa,warvir,whcspa,westan,wilsni1,wlswar,wooduc,yelwar",1000,1,6573172309,127.807,NA,NA
342,gurobi,0.6,72,50625,"amegfi,amekes,amerob,annhum,baleag,barswa,brdowl,belkin1,bewwre,bnhcow,bkhgro,brebla,brncre,batpig1,bushti,cangoo,chbchi,cedwax,chispa,coohaw,comrav,amecro,dowwoo,eucdov,eursta,evegro,norfli,foxspa,gockin,haiwoo,houfin,houspa,houwre,hutvir,macwar,moudov,norhar1,orcwar,olsfly,osprey,pacwre1,pinsis,pilwoo,pasfly,purfin,purmar,rebnut,rebsap,redcro,rocpig,rethaw,rufhum,rewbla,savspa,sora,sonspa,spotow,stejay,swathr,towwar,treswa,daejun,yerwar,varthr,vigswa,warvir,whcspa,westan,wilsni1,wlswar,wooduc,yelwar",1000,1,10753467959,148.387,NA,NA
343,gurobi,0.7,72,50625,"amegfi,amekes,amerob,annhum,baleag,barswa,brdowl,belkin1,bewwre,bnhcow,bkhgro,brebla,brncre,batpig1,bushti,cangoo,chbchi,cedwax,chispa,coohaw,comrav,amecro,dowwoo,eucdov,eursta,evegro,norfli,foxspa,gockin,haiwoo,houfin,houspa,houwre,hutvir,macwar,moudov,norhar1,orcwar,olsfly,osprey,pacwre1,pinsis,pilwoo,pasfly,purfin,purmar,rebnut,rebsap,redcro,rocpig,rethaw,rufhum,rewbla,savspa,sora,sonspa,spotow,stejay,swathr,towwar,treswa,daejun,yerwar,varthr,vigswa,warvir,whcspa,westan,wilsni1,wlswar,wooduc,yelwar",1000,1,16126297701,118.259,NA,NA
344,gurobi,0.8,72,50625,"amegfi,amekes,amerob,annhum,baleag,barswa,brdowl,belkin1,bewwre,bnhcow,bkhgro,brebla,brncre,batpig1,bushti,cangoo,chbchi,cedwax,chispa,coohaw,comrav,amecro,dowwoo,eucdov,eursta,evegro,norfli,foxspa,gockin,haiwoo,houfin,houspa,houwre,hutvir,macwar,moudov,norhar1,orcwar,olsfly,osprey,pacwre1,pinsis,pilwoo,pasfly,purfin,purmar,rebnut,rebsap,redcro,rocpig,rethaw,rufhum,rewbla,savspa,sora,sonspa,spotow,stejay,swathr,towwar,treswa,daejun,yerwar,varthr,vigswa,warvir,whcspa,westan,wilsni1,wlswar,wooduc,yelwar",1000,1,22727142498,111.067,NA,NA
345,gurobi,0.9,72,50625,"amegfi,amekes,amerob,annhum,baleag,barswa,brdowl,belkin1,bewwre,bnhcow,bkhgro,brebla,brncre,batpig1,bushti,cangoo,chbchi,cedwax,chispa,coohaw,comrav,amecro,dowwoo,eucdov,eursta,evegro,norfli,foxspa,gockin,haiwoo,houfin,houspa,houwre,hutvir,macwar,moudov,norhar1,orcwar,olsfly,osprey,pacwre1,pinsis,pilwoo,pasfly,purfin,purmar,rebnut,rebsap,redcro,rocpig,rethaw,rufhum,rewbla,savspa,sora,sonspa,spotow,stejay,swathr,towwar,treswa,daejun,yerwar,varthr,vigswa,warvir,whcspa,westan,wilsni1,wlswar,wooduc,yelwar",1000,1,31055997027,101.524,NA,NA
301,rsymphony,0.1,72,50625,"amegfi,amekes,amerob,annhum,baleag,barswa,brdowl,belkin1,bewwre,bnhcow,bkhgro,brebla,brncre,batpig1,bushti,cangoo,chbchi,cedwax,chispa,coohaw,comrav,amecro,dowwoo,eucdov,eursta,evegro,norfli,foxspa,gockin,haiwoo,houfin,houspa,houwre,hutvir,macwar,moudov,norhar1,orcwar,olsfly,osprey,pacwre1,pinsis,pilwoo,pasfly,purfin,purmar,rebnut,rebsap,redcro,rocpig,rethaw,rufhum,rewbla,savspa,sora,sonspa,spotow,stejay,swathr,towwar,treswa,daejun,yerwar,varthr,vigswa,warvir,whcspa,westan,wilsni1,wlswar,wooduc,yelwar",0.1,1,108162343,261.62,NA,NA
302,rsymphony,0.2,72,50625,"amegfi,amekes,amerob,annhum,baleag,barswa,brdowl,belkin1,bewwre,bnhcow,bkhgro,brebla,brncre,batpig1,bushti,cangoo,chbchi,cedwax,chispa,coohaw,comrav,amecro,dowwoo,eucdov,eursta,evegro,norfli,foxspa,gockin,haiwoo,houfin,houspa,houwre,hutvir,macwar,moudov,norhar1,orcwar,olsfly,osprey,pacwre1,pinsis,pilwoo,pasfly,purfin,purmar,rebnut,rebsap,redcro,rocpig,rethaw,rufhum,rewbla,savspa,sora,sonspa,spotow,stejay,swathr,towwar,treswa,daejun,yerwar,varthr,vigswa,warvir,whcspa,westan,wilsni1,wlswar,wooduc,yelwar",0.1,1,469617054,211.649,NA,NA
303,rsymphony,0.3,72,50625,"amegfi,amekes,amerob,annhum,baleag,barswa,brdowl,belkin1,bewwre,bnhcow,bkhgro,brebla,brncre,batpig1,bushti,cangoo,chbchi,cedwax,chispa,coohaw,comrav,amecro,dowwoo,eucdov,eursta,evegro,norfli,foxspa,gockin,haiwoo,houfin,houspa,houwre,hutvir,macwar,moudov,norhar1,orcwar,olsfly,osprey,pacwre1,pinsis,pilwoo,pasfly,purfin,purmar,rebnut,rebsap,redcro,rocpig,rethaw,rufhum,rewbla,savspa,sora,sonspa,spotow,stejay,swathr,towwar,treswa,daejun,yerwar,varthr,vigswa,warvir,whcspa,westan,wilsni1,wlswar,wooduc,yelwar",0.1,1,1232592153,544.213,NA,NA
304,rsymphony,0.4,72,50625,"amegfi,amekes,amerob,annhum,baleag,barswa,brdowl,belkin1,bewwre,bnhcow,bkhgro,brebla,brncre,batpig1,bushti,cangoo,chbchi,cedwax,chispa,coohaw,comrav,amecro,dowwoo,eucdov,eursta,evegro,norfli,foxspa,gockin,haiwoo,houfin,houspa,houwre,hutvir,macwar,moudov,norhar1,orcwar,olsfly,osprey,pacwre1,pinsis,pilwoo,pasfly,purfin,purmar,rebnut,rebsap,redcro,rocpig,rethaw,rufhum,rewbla,savspa,sora,sonspa,spotow,stejay,swathr,towwar,treswa,daejun,yerwar,varthr,vigswa,warvir,whcspa,westan,wilsni1,wlswar,wooduc,yelwar",0.1,1,2869695228,637.199,NA,NA
305,rsymphony,0.5,72,50625,"amegfi,amekes,amerob,annhum,baleag,barswa,brdowl,belkin1,bewwre,bnhcow,bkhgro,brebla,brncre,batpig1,bushti,cangoo,chbchi,cedwax,chispa,coohaw,comrav,amecro,dowwoo,eucdov,eursta,evegro,norfli,foxspa,gockin,haiwoo,houfin,houspa,houwre,hutvir,macwar,moudov,norhar1,orcwar,olsfly,osprey,pacwre1,pinsis,pilwoo,pasfly,purfin,purmar,rebnut,rebsap,redcro,rocpig,rethaw,rufhum,rewbla,savspa,sora,sonspa,spotow,stejay,swathr,towwar,treswa,daejun,yerwar,varthr,vigswa,warvir,whcspa,westan,wilsni1,wlswar,wooduc,yelwar",0.1,1,5689398513,867.39,NA,NA
306,rsymphony,0.6,72,50625,"amegfi,amekes,amerob,annhum,baleag,barswa,brdowl,belkin1,bewwre,bnhcow,bkhgro,brebla,brncre,batpig1,bushti,cangoo,chbchi,cedwax,chispa,coohaw,comrav,amecro,dowwoo,eucdov,eursta,evegro,norfli,foxspa,gockin,haiwoo,houfin,houspa,houwre,hutvir,macwar,moudov,norhar1,orcwar,olsfly,osprey,pacwre1,pinsis,pilwoo,pasfly,purfin,purmar,rebnut,rebsap,redcro,rocpig,rethaw,rufhum,rewbla,savspa,sora,sonspa,spotow,stejay,swathr,towwar,treswa,daejun,yerwar,varthr,vigswa,warvir,whcspa,westan,wilsni1,wlswar,wooduc,yelwar",0.1,1,9813677803,290.488,NA,NA
307,rsymphony,0.7,72,50625,"amegfi,amekes,amerob,annhum,baleag,barswa,brdowl,belkin1,bewwre,bnhcow,bkhgro,brebla,brncre,batpig1,bushti,cangoo,chbchi,cedwax,chispa,coohaw,comrav,amecro,dowwoo,eucdov,eursta,evegro,norfli,foxspa,gockin,haiwoo,houfin,houspa,houwre,hutvir,macwar,moudov,norhar1,orcwar,olsfly,osprey,pacwre1,pinsis,pilwoo,pasfly,purfin,purmar,rebnut,rebsap,redcro,rocpig,rethaw,rufhum,rewbla,savspa,sora,sonspa,spotow,stejay,swathr,towwar,treswa,daejun,yerwar,varthr,vigswa,warvir,whcspa,westan,wilsni1,wlswar,wooduc,yelwar",0.1,1,15211497555,469.711,NA,NA
308,rsymphony,0.8,72,50625,"amegfi,amekes,amerob,annhum,baleag,barswa,brdowl,belkin1,bewwre,bnhcow,bkhgro,brebla,brncre,batpig1,bushti,cangoo,chbchi,cedwax,chispa,coohaw,comrav,amecro,dowwoo,eucdov,eursta,evegro,norfli,foxspa,gockin,haiwoo,houfin,houspa,houwre,hutvir,macwar,moudov,norhar1,orcwar,olsfly,osprey,pacwre1,pinsis,pilwoo,pasfly,purfin,purmar,rebnut,rebsap,redcro,rocpig,rethaw,rufhum,rewbla,savspa,sora,sonspa,spotow,stejay,swathr,towwar,treswa,daejun,yerwar,varthr,vigswa,warvir,whcspa,westan,wilsni1,wlswar,wooduc,yelwar",0.1,1,21926272240,760.604,NA,NA
309,rsymphony,0.9,72,50625,"amegfi,amekes,amerob,annhum,baleag,barswa,brdowl,belkin1,bewwre,bnhcow,bkhgro,brebla,brncre,batpig1,bushti,cangoo,chbchi,cedwax,chispa,coohaw,comrav,amecro,dowwoo,eucdov,eursta,evegro,norfli,foxspa,gockin,haiwoo,houfin,houspa,houwre,hutvir,macwar,moudov,norhar1,orcwar,olsfly,osprey,pacwre1,pinsis,pilwoo,pasfly,purfin,purmar,rebnut,rebsap,redcro,rocpig,rethaw,rufhum,rewbla,savspa,sora,sonspa,spotow,stejay,swathr,towwar,treswa,daejun,yerwar,varthr,vigswa,warvir,whcspa,westan,wilsni1,wlswar,wooduc,yelwar",0.1,1,30487659292,549.948,NA,NA
310,rsymphony,0.1,72,50625,"amegfi,amekes,amerob,annhum,baleag,barswa,brdowl,belkin1,bewwre,bnhcow,bkhgro,brebla,brncre,batpig1,bushti,cangoo,chbchi,cedwax,chispa,coohaw,comrav,amecro,dowwoo,eucdov,eursta,evegro,norfli,foxspa,gockin,haiwoo,houfin,houspa,houwre,hutvir,macwar,moudov,norhar1,orcwar,olsfly,osprey,pacwre1,pinsis,pilwoo,pasfly,purfin,purmar,rebnut,rebsap,redcro,rocpig,rethaw,rufhum,rewbla,savspa,sora,sonspa,spotow,stejay,swathr,towwar,treswa,daejun,yerwar,varthr,vigswa,warvir,whcspa,westan,wilsni1,wlswar,wooduc,yelwar",1,1,108596490,427.08,NA,NA
311,rsymphony,0.2,72,50625,"amegfi,amekes,amerob,annhum,baleag,barswa,brdowl,belkin1,bewwre,bnhcow,bkhgro,brebla,brncre,batpig1,bushti,cangoo,chbchi,cedwax,chispa,coohaw,comrav,amecro,dowwoo,eucdov,eursta,evegro,norfli,foxspa,gockin,haiwoo,houfin,houspa,houwre,hutvir,macwar,moudov,norhar1,orcwar,olsfly,osprey,pacwre1,pinsis,pilwoo,pasfly,purfin,purmar,rebnut,rebsap,redcro,rocpig,rethaw,rufhum,rewbla,savspa,sora,sonspa,spotow,stejay,swathr,towwar,treswa,daejun,yerwar,varthr,vigswa,warvir,whcspa,westan,wilsni1,wlswar,wooduc,yelwar",1,1,470352302,177.451,NA,NA
312,rsymphony,0.3,72,50625,"amegfi,amekes,amerob,annhum,baleag,barswa,brdowl,belkin1,bewwre,bnhcow,bkhgro,brebla,brncre,batpig1,bushti,cangoo,chbchi,cedwax,chispa,coohaw,comrav,amecro,dowwoo,eucdov,eursta,evegro,norfli,foxspa,gockin,haiwoo,houfin,houspa,houwre,hutvir,macwar,moudov,norhar1,orcwar,olsfly,osprey,pacwre1,pinsis,pilwoo,pasfly,purfin,purmar,rebnut,rebsap,redcro,rocpig,rethaw,rufhum,rewbla,savspa,sora,sonspa,spotow,stejay,swathr,towwar,treswa,daejun,yerwar,varthr,vigswa,warvir,whcspa,westan,wilsni1,wlswar,wooduc,yelwar",1,1,1233532479,396.559,NA,NA
313,rsymphony,0.4,72,50625,"amegfi,amekes,amerob,annhum,baleag,barswa,brdowl,belkin1,bewwre,bnhcow,bkhgro,brebla,brncre,batpig1,bushti,cangoo,chbchi,cedwax,chispa,coohaw,comrav,amecro,dowwoo,eucdov,eursta,evegro,norfli,foxspa,gockin,haiwoo,houfin,houspa,houwre,hutvir,macwar,moudov,norhar1,orcwar,olsfly,osprey,pacwre1,pinsis,pilwoo,pasfly,purfin,purmar,rebnut,rebsap,redcro,rocpig,rethaw,rufhum,rewbla,savspa,sora,sonspa,spotow,stejay,swathr,towwar,treswa,daejun,yerwar,varthr,vigswa,warvir,whcspa,westan,wilsni1,wlswar,wooduc,yelwar",1,1,2870890509,215.334,NA,NA
314,rsymphony,0.5,72,50625,"amegfi,amekes,amerob,annhum,baleag,barswa,brdowl,belkin1,bewwre,bnhcow,bkhgro,brebla,brncre,batpig1,bushti,cangoo,chbchi,cedwax,chispa,coohaw,comrav,amecro,dowwoo,eucdov,eursta,evegro,norfli,foxspa,gockin,haiwoo,houfin,houspa,houwre,hutvir,macwar,moudov,norhar1,orcwar,olsfly,osprey,pacwre1,pinsis,pilwoo,pasfly,purfin,purmar,rebnut,rebsap,redcro,rocpig,rethaw,rufhum,rewbla,savspa,sora,sonspa,spotow,stejay,swathr,towwar,treswa,daejun,yerwar,varthr,vigswa,warvir,whcspa,westan,wilsni1,wlswar,wooduc,yelwar",1,1,5690426946,628.535,NA,NA
315,rsymphony,0.6,72,50625,"amegfi,amekes,amerob,annhum,baleag,barswa,brdowl,belkin1,bewwre,bnhcow,bkhgro,brebla,brncre,batpig1,bushti,cangoo,chbchi,cedwax,chispa,coohaw,comrav,amecro,dowwoo,eucdov,eursta,evegro,norfli,foxspa,gockin,haiwoo,houfin,houspa,houwre,hutvir,macwar,moudov,norhar1,orcwar,olsfly,osprey,pacwre1,pinsis,pilwoo,pasfly,purfin,purmar,rebnut,rebsap,redcro,rocpig,rethaw,rufhum,rewbla,savspa,sora,sonspa,spotow,stejay,swathr,towwar,treswa,daejun,yerwar,varthr,vigswa,warvir,whcspa,westan,wilsni1,wlswar,wooduc,yelwar",1,1,9814671652,1092.807,NA,NA
316,rsymphony,0.7,72,50625,"amegfi,amekes,amerob,annhum,baleag,barswa,brdowl,belkin1,bewwre,bnhcow,bkhgro,brebla,brncre,batpig1,bushti,cangoo,chbchi,cedwax,chispa,coohaw,comrav,amecro,dowwoo,eucdov,eursta,evegro,norfli,foxspa,gockin,haiwoo,houfin,houspa,houwre,hutvir,macwar,moudov,norhar1,orcwar,olsfly,osprey,pacwre1,pinsis,pilwoo,pasfly,purfin,purmar,rebnut,rebsap,redcro,rocpig,rethaw,rufhum,rewbla,savspa,sora,sonspa,spotow,stejay,swathr,towwar,treswa,daejun,yerwar,varthr,vigswa,warvir,whcspa,westan,wilsni1,wlswar,wooduc,yelwar",1,1,15212378151,1125.157,NA,NA
317,rsymphony,0.8,72,50625,"amegfi,amekes,amerob,annhum,baleag,barswa,brdowl,belkin1,bewwre,bnhcow,bkhgro,brebla,brncre,batpig1,bushti,cangoo,chbchi,cedwax,chispa,coohaw,comrav,amecro,dowwoo,eucdov,eursta,evegro,norfli,foxspa,gockin,haiwoo,houfin,houspa,houwre,hutvir,macwar,moudov,norhar1,orcwar,olsfly,osprey,pacwre1,pinsis,pilwoo,pasfly,purfin,purmar,rebnut,rebsap,redcro,rocpig,rethaw,rufhum,rewbla,savspa,sora,sonspa,spotow,stejay,swathr,towwar,treswa,daejun,yerwar,varthr,vigswa,warvir,whcspa,westan,wilsni1,wlswar,wooduc,yelwar",1,1,21927583444,262.767,NA,NA
318,rsymphony,0.9,72,50625,"amegfi,amekes,amerob,annhum,baleag,barswa,brdowl,belkin1,bewwre,bnhcow,bkhgro,brebla,brncre,batpig1,bushti,cangoo,chbchi,cedwax,chispa,coohaw,comrav,amecro,dowwoo,eucdov,eursta,evegro,norfli,foxspa,gockin,haiwoo,houfin,houspa,houwre,hutvir,macwar,moudov,norhar1,orcwar,olsfly,osprey,pacwre1,pinsis,pilwoo,pasfly,purfin,purmar,rebnut,rebsap,redcro,rocpig,rethaw,rufhum,rewbla,savspa,sora,sonspa,spotow,stejay,swathr,towwar,treswa,daejun,yerwar,varthr,vigswa,warvir,whcspa,westan,wilsni1,wlswar,wooduc,yelwar",1,1,30488616784,282.806,NA,NA
319,rsymphony,0.1,72,50625,"amegfi,amekes,amerob,annhum,baleag,barswa,brdowl,belkin1,bewwre,bnhcow,bkhgro,brebla,brncre,batpig1,bushti,cangoo,chbchi,cedwax,chispa,coohaw,comrav,amecro,dowwoo,eucdov,eursta,evegro,norfli,foxspa,gockin,haiwoo,houfin,houspa,houwre,hutvir,macwar,moudov,norhar1,orcwar,olsfly,osprey,pacwre1,pinsis,pilwoo,pasfly,purfin,purmar,rebnut,rebsap,redcro,rocpig,rethaw,rufhum,rewbla,savspa,sora,sonspa,spotow,stejay,swathr,towwar,treswa,daejun,yerwar,varthr,vigswa,warvir,whcspa,westan,wilsni1,wlswar,wooduc,yelwar",10,1,112531668,363.789,NA,NA
320,rsymphony,0.2,72,50625,"amegfi,amekes,amerob,annhum,baleag,barswa,brdowl,belkin1,bewwre,bnhcow,bkhgro,brebla,brncre,batpig1,bushti,cangoo,chbchi,cedwax,chispa,coohaw,comrav,amecro,dowwoo,eucdov,eursta,evegro,norfli,foxspa,gockin,haiwoo,houfin,houspa,houwre,hutvir,macwar,moudov,norhar1,orcwar,olsfly,osprey,pacwre1,pinsis,pilwoo,pasfly,purfin,purmar,rebnut,rebsap,redcro,rocpig,rethaw,rufhum,rewbla,savspa,sora,sonspa,spotow,stejay,swathr,towwar,treswa,daejun,yerwar,varthr,vigswa,warvir,whcspa,westan,wilsni1,wlswar,wooduc,yelwar",10,1,477510389,248.225,NA,NA
321,rsymphony,0.3,72,50625,"amegfi,amekes,amerob,annhum,baleag,barswa,brdowl,belkin1,bewwre,bnhcow,bkhgro,brebla,brncre,batpig1,bushti,cangoo,chbchi,cedwax,chispa,coohaw,comrav,amecro,dowwoo,eucdov,eursta,evegro,norfli,foxspa,gockin,haiwoo,houfin,houspa,houwre,hutvir,macwar,moudov,norhar1,orcwar,olsfly,osprey,pacwre1,pinsis,pilwoo,pasfly,purfin,purmar,rebnut,rebsap,redcro,rocpig,rethaw,rufhum,rewbla,savspa,sora,sonspa,spotow,stejay,swathr,towwar,treswa,daejun,yerwar,varthr,vigswa,warvir,whcspa,westan,wilsni1,wlswar,wooduc,yelwar",10,1,1242725812,395.336,NA,NA
322,rsymphony,0.4,72,50625,"amegfi,amekes,amerob,annhum,baleag,barswa,brdowl,belkin1,bewwre,bnhcow,bkhgro,brebla,brncre,batpig1,bushti,cangoo,chbchi,cedwax,chispa,coohaw,comrav,amecro,dowwoo,eucdov,eursta,evegro,norfli,foxspa,gockin,haiwoo,houfin,houspa,houwre,hutvir,macwar,moudov,norhar1,orcwar,olsfly,osprey,pacwre1,pinsis,pilwoo,pasfly,purfin,purmar,rebnut,rebsap,redcro,rocpig,rethaw,rufhum,rewbla,savspa,sora,sonspa,spotow,stejay,swathr,towwar,treswa,daejun,yerwar,varthr,vigswa,warvir,whcspa,westan,wilsni1,wlswar,wooduc,yelwar",10,1,2881624233,360.196,NA,NA
323,rsymphony,0.5,72,50625,"amegfi,amekes,amerob,annhum,baleag,barswa,brdowl,belkin1,bewwre,bnhcow,bkhgro,brebla,brncre,batpig1,bushti,cangoo,chbchi,cedwax,chispa,coohaw,comrav,amecro,dowwoo,eucdov,eursta,evegro,norfli,foxspa,gockin,haiwoo,houfin,houspa,houwre,hutvir,macwar,moudov,norhar1,orcwar,olsfly,osprey,pacwre1,pinsis,pilwoo,pasfly,purfin,purmar,rebnut,rebsap,redcro,rocpig,rethaw,rufhum,rewbla,savspa,sora,sonspa,spotow,stejay,swathr,towwar,treswa,daejun,yerwar,varthr,vigswa,warvir,whcspa,westan,wilsni1,wlswar,wooduc,yelwar",10,1,5701738940,535.23,NA,NA
324,rsymphony,0.6,72,50625,"amegfi,amekes,amerob,annhum,baleag,barswa,brdowl,belkin1,bewwre,bnhcow,bkhgro,brebla,brncre,batpig1,bushti,cangoo,chbchi,cedwax,chispa,coohaw,comrav,amecro,dowwoo,eucdov,eursta,evegro,norfli,foxspa,gockin,haiwoo,houfin,houspa,houwre,hutvir,macwar,moudov,norhar1,orcwar,olsfly,osprey,pacwre1,pinsis,pilwoo,pasfly,purfin,purmar,rebnut,rebsap,redcro,rocpig,rethaw,rufhum,rewbla,savspa,sora,sonspa,spotow,stejay,swathr,towwar,treswa,daejun,yerwar,varthr,vigswa,warvir,whcspa,westan,wilsni1,wlswar,wooduc,yelwar",10,1,9826228743,1547.644,NA,NA
325,rsymphony,0.7,72,50625,"amegfi,amekes,amerob,annhum,baleag,barswa,brdowl,belkin1,bewwre,bnhcow,bkhgro,brebla,brncre,batpig1,bushti,cangoo,chbchi,cedwax,chispa,coohaw,comrav,amecro,dowwoo,eucdov,eursta,evegro,norfli,foxspa,gockin,haiwoo,houfin,houspa,houwre,hutvir,macwar,moudov,norhar1,orcwar,olsfly,osprey,pacwre1,pinsis,pilwoo,pasfly,purfin,purmar,rebnut,rebsap,redcro,rocpig,rethaw,rufhum,rewbla,savspa,sora,sonspa,spotow,stejay,swathr,towwar,treswa,daejun,yerwar,varthr,vigswa,warvir,whcspa,westan,wilsni1,wlswar,wooduc,yelwar",10,1,15223163763,1308.937,NA,NA
326,rsymphony,0.8,72,50625,"amegfi,amekes,amerob,annhum,baleag,barswa,brdowl,belkin1,bewwre,bnhcow,bkhgro,brebla,brncre,batpig1,bushti,cangoo,chbchi,cedwax,chispa,coohaw,comrav,amecro,dowwoo,eucdov,eursta,evegro,norfli,foxspa,gockin,haiwoo,houfin,houspa,houwre,hutvir,macwar,moudov,norhar1,orcwar,olsfly,osprey,pacwre1,pinsis,pilwoo,pasfly,purfin,purmar,rebnut,rebsap,redcro,rocpig,rethaw,rufhum,rewbla,savspa,sora,sonspa,spotow,stejay,swathr,towwar,treswa,daejun,yerwar,varthr,vigswa,warvir,whcspa,westan,wilsni1,wlswar,wooduc,yelwar",10,1,21936667867,670.708,NA,NA
327,rsymphony,0.9,72,50625,"amegfi,amekes,amerob,annhum,baleag,barswa,brdowl,belkin1,bewwre,bnhcow,bkhgro,brebla,brncre,batpig1,bushti,cangoo,chbchi,cedwax,chispa,coohaw,comrav,amecro,dowwoo,eucdov,eursta,evegro,norfli,foxspa,gockin,haiwoo,houfin,houspa,houwre,hutvir,macwar,moudov,norhar1,orcwar,olsfly,osprey,pacwre1,pinsis,pilwoo,pasfly,purfin,purmar,rebnut,rebsap,redcro,rocpig,rethaw,rufhum,rewbla,savspa,sora,sonspa,spotow,stejay,swathr,towwar,treswa,daejun,yerwar,varthr,vigswa,warvir,whcspa,westan,wilsni1,wlswar,wooduc,yelwar",10,1,30494316065,735.862,NA,NA
328,rsymphony,0.1,72,50625,"amegfi,amekes,amerob,annhum,baleag,barswa,brdowl,belkin1,bewwre,bnhcow,bkhgro,brebla,brncre,batpig1,bushti,cangoo,chbchi,cedwax,chispa,coohaw,comrav,amecro,dowwoo,eucdov,eursta,evegro,norfli,foxspa,gockin,haiwoo,houfin,houspa,houwre,hutvir,macwar,moudov,norhar1,orcwar,olsfly,osprey,pacwre1,pinsis,pilwoo,pasfly,purfin,purmar,rebnut,rebsap,redcro,rocpig,rethaw,rufhum,rewbla,savspa,sora,sonspa,spotow,stejay,swathr,towwar,treswa,daejun,yerwar,varthr,vigswa,warvir,whcspa,westan,wilsni1,wlswar,wooduc,yelwar",100,1,141460980,624.309,NA,NA
329,rsymphony,0.2,72,50625,"amegfi,amekes,amerob,annhum,baleag,barswa,brdowl,belkin1,bewwre,bnhcow,bkhgro,brebla,brncre,batpig1,bushti,cangoo,chbchi,cedwax,chispa,coohaw,comrav,amecro,dowwoo,eucdov,eursta,evegro,norfli,foxspa,gockin,haiwoo,houfin,houspa,houwre,hutvir,macwar,moudov,norhar1,orcwar,olsfly,osprey,pacwre1,pinsis,pilwoo,pasfly,purfin,purmar,rebnut,rebsap,redcro,rocpig,rethaw,rufhum,rewbla,savspa,sora,sonspa,spotow,stejay,swathr,towwar,treswa,daejun,yerwar,varthr,vigswa,warvir,whcspa,westan,wilsni1,wlswar,wooduc,yelwar",100,1,538640265,1421.013,NA,NA
330,rsymphony,0.3,72,50625,"amegfi,amekes,amerob,annhum,baleag,barswa,brdowl,belkin1,bewwre,bnhcow,bkhgro,brebla,brncre,batpig1,bushti,cangoo,chbchi,cedwax,chispa,coohaw,comrav,amecro,dowwoo,eucdov,eursta,evegro,norfli,foxspa,gockin,haiwoo,houfin,houspa,houwre,hutvir,macwar,moudov,norhar1,orcwar,olsfly,osprey,pacwre1,pinsis,pilwoo,pasfly,purfin,purmar,rebnut,rebsap,redcro,rocpig,rethaw,rufhum,rewbla,savspa,sora,sonspa,spotow,stejay,swathr,towwar,treswa,daejun,yerwar,varthr,vigswa,warvir,whcspa,westan,wilsni1,wlswar,wooduc,yelwar",100,1,1325926603,1047.44,NA,NA
331,rsymphony,0.4,72,50625,"amegfi,amekes,amerob,annhum,baleag,barswa,brdowl,belkin1,bewwre,bnhcow,bkhgro,brebla,brncre,batpig1,bushti,cangoo,chbchi,cedwax,chispa,coohaw,comrav,amecro,dowwoo,eucdov,eursta,evegro,norfli,foxspa,gockin,haiwoo,houfin,houspa,houwre,hutvir,macwar,moudov,norhar1,orcwar,olsfly,osprey,pacwre1,pinsis,pilwoo,pasfly,purfin,purmar,rebnut,rebsap,redcro,rocpig,rethaw,rufhum,rewbla,savspa,sora,sonspa,spotow,stejay,swathr,towwar,treswa,daejun,yerwar,varthr,vigswa,warvir,whcspa,westan,wilsni1,wlswar,wooduc,yelwar",100,1,2979532539,694.226,NA,NA
332,rsymphony,0.5,72,50625,"amegfi,amekes,amerob,annhum,baleag,barswa,brdowl,belkin1,bewwre,bnhcow,bkhgro,brebla,brncre,batpig1,bushti,cangoo,chbchi,cedwax,chispa,coohaw,comrav,amecro,dowwoo,eucdov,eursta,evegro,norfli,foxspa,gockin,haiwoo,houfin,houspa,houwre,hutvir,macwar,moudov,norhar1,orcwar,olsfly,osprey,pacwre1,pinsis,pilwoo,pasfly,purfin,purmar,rebnut,rebsap,redcro,rocpig,rethaw,rufhum,rewbla,savspa,sora,sonspa,spotow,stejay,swathr,towwar,treswa,daejun,yerwar,varthr,vigswa,warvir,whcspa,westan,wilsni1,wlswar,wooduc,yelwar",100,1,5806800624,610.027,NA,NA
333,rsymphony,0.6,72,50625,"amegfi,amekes,amerob,annhum,baleag,barswa,brdowl,belkin1,bewwre,bnhcow,bkhgro,brebla,brncre,batpig1,bushti,cangoo,chbchi,cedwax,chispa,coohaw,comrav,amecro,dowwoo,eucdov,eursta,evegro,norfli,foxspa,gockin,haiwoo,houfin,houspa,houwre,hutvir,macwar,moudov,norhar1,orcwar,olsfly,osprey,pacwre1,pinsis,pilwoo,pasfly,purfin,purmar,rebnut,rebsap,redcro,rocpig,rethaw,rufhum,rewbla,savspa,sora,sonspa,spotow,stejay,swathr,towwar,treswa,daejun,yerwar,varthr,vigswa,warvir,whcspa,westan,wilsni1,wlswar,wooduc,yelwar",100,1,9934541076,800.172,NA,NA
334,rsymphony,0.7,72,50625,"amegfi,amekes,amerob,annhum,baleag,barswa,brdowl,belkin1,bewwre,bnhcow,bkhgro,brebla,brncre,batpig1,bushti,cangoo,chbchi,cedwax,chispa,coohaw,comrav,amecro,dowwoo,eucdov,eursta,evegro,norfli,foxspa,gockin,haiwoo,houfin,houspa,houwre,hutvir,macwar,moudov,norhar1,orcwar,olsfly,osprey,pacwre1,pinsis,pilwoo,pasfly,purfin,purmar,rebnut,rebsap,redcro,rocpig,rethaw,rufhum,rewbla,savspa,sora,sonspa,spotow,stejay,swathr,towwar,treswa,daejun,yerwar,varthr,vigswa,warvir,whcspa,westan,wilsni1,wlswar,wooduc,yelwar",100,1,15325976336,797.055,NA,NA
335,rsymphony,0.8,72,50625,"amegfi,amekes,amerob,annhum,baleag,barswa,brdowl,belkin1,bewwre,bnhcow,bkhgro,brebla,brncre,batpig1,bushti,cangoo,chbchi,cedwax,chispa,coohaw,comrav,amecro,dowwoo,eucdov,eursta,evegro,norfli,foxspa,gockin,haiwoo,houfin,houspa,houwre,hutvir,macwar,moudov,norhar1,orcwar,olsfly,osprey,pacwre1,pinsis,pilwoo,pasfly,purfin,purmar,rebnut,rebsap,redcro,rocpig,rethaw,rufhum,rewbla,savspa,sora,sonspa,spotow,stejay,swathr,towwar,treswa,daejun,yerwar,varthr,vigswa,warvir,whcspa,westan,wilsni1,wlswar,wooduc,yelwar",100,1,22024259471,1271.736,NA,NA
336,rsymphony,0.9,72,50625,"amegfi,amekes,amerob,annhum,baleag,barswa,brdowl,belkin1,bewwre,bnhcow,bkhgro,brebla,brncre,batpig1,bushti,cangoo,chbchi,cedwax,chispa,coohaw,comrav,amecro,dowwoo,eucdov,eursta,evegro,norfli,foxspa,gockin,haiwoo,houfin,houspa,houwre,hutvir,macwar,moudov,norhar1,orcwar,olsfly,osprey,pacwre1,pinsis,pilwoo,pasfly,purfin,purmar,rebnut,rebsap,redcro,rocpig,rethaw,rufhum,rewbla,savspa,sora,sonspa,spotow,stejay,swathr,towwar,treswa,daejun,yerwar,varthr,vigswa,warvir,whcspa,westan,wilsni1,wlswar,wooduc,yelwar",100,1,30554007311,994.566,NA,NA
337,rsymphony,0.1,72,50625,"amegfi,amekes,amerob,annhum,baleag,barswa,brdowl,belkin1,bewwre,bnhcow,bkhgro,brebla,brncre,batpig1,bushti,cangoo,chbchi,cedwax,chispa,coohaw,comrav,amecro,dowwoo,eucdov,eursta,evegro,norfli,foxspa,gockin,haiwoo,houfin,houspa,houwre,hutvir,macwar,moudov,norhar1,orcwar,olsfly,osprey,pacwre1,pinsis,pilwoo,pasfly,purfin,purmar,rebnut,rebsap,redcro,rocpig,rethaw,rufhum,rewbla,savspa,sora,sonspa,spotow,stejay,swathr,towwar,treswa,daejun,yerwar,varthr,vigswa,warvir,whcspa,westan,wilsni1,wlswar,wooduc,yelwar",1000,1,297704776,569.57,NA,NA
338,rsymphony,0.2,72,50625,"amegfi,amekes,amerob,annhum,baleag,barswa,brdowl,belkin1,bewwre,bnhcow,bkhgro,brebla,brncre,batpig1,bushti,cangoo,chbchi,cedwax,chispa,coohaw,comrav,amecro,dowwoo,eucdov,eursta,evegro,norfli,foxspa,gockin,haiwoo,houfin,houspa,houwre,hutvir,macwar,moudov,norhar1,orcwar,olsfly,osprey,pacwre1,pinsis,pilwoo,pasfly,purfin,purmar,rebnut,rebsap,redcro,rocpig,rethaw,rufhum,rewbla,savspa,sora,sonspa,spotow,stejay,swathr,towwar,treswa,daejun,yerwar,varthr,vigswa,warvir,whcspa,westan,wilsni1,wlswar,wooduc,yelwar",1000,1,907568960,818.475,NA,NA
339,rsymphony,0.3,72,50625,"amegfi,amekes,amerob,annhum,baleag,barswa,brdowl,belkin1,bewwre,bnhcow,bkhgro,brebla,brncre,batpig1,bushti,cangoo,chbchi,cedwax,chispa,coohaw,comrav,amecro,dowwoo,eucdov,eursta,evegro,norfli,foxspa,gockin,haiwoo,houfin,houspa,houwre,hutvir,macwar,moudov,norhar1,orcwar,olsfly,osprey,pacwre1,pinsis,pilwoo,pasfly,purfin,purmar,rebnut,rebsap,redcro,rocpig,rethaw,rufhum,rewbla,savspa,sora,sonspa,spotow,stejay,swathr,towwar,treswa,daejun,yerwar,varthr,vigswa,warvir,whcspa,westan,wilsni1,wlswar,wooduc,yelwar",1000,1,1873533756,3486.34,NA,NA
340,rsymphony,0.4,72,50625,"amegfi,amekes,amerob,annhum,baleag,barswa,brdowl,belkin1,bewwre,bnhcow,bkhgro,brebla,brncre,batpig1,bushti,cangoo,chbchi,cedwax,chispa,coohaw,comrav,amecro,dowwoo,eucdov,eursta,evegro,norfli,foxspa,gockin,haiwoo,houfin,houspa,houwre,hutvir,macwar,moudov,norhar1,orcwar,olsfly,osprey,pacwre1,pinsis,pilwoo,pasfly,purfin,purmar,rebnut,rebsap,redcro,rocpig,rethaw,rufhum,rewbla,savspa,sora,sonspa,spotow,stejay,swathr,towwar,treswa,daejun,yerwar,varthr,vigswa,warvir,whcspa,westan,wilsni1,wlswar,wooduc,yelwar",1000,1,3659448802,3026.402,NA,NA
341,rsymphony,0.5,72,50625,"amegfi,amekes,amerob,annhum,baleag,barswa,brdowl,belkin1,bewwre,bnhcow,bkhgro,brebla,brncre,batpig1,bushti,cangoo,chbchi,cedwax,chispa,coohaw,comrav,amecro,dowwoo,eucdov,eursta,evegro,norfli,foxspa,gockin,haiwoo,houfin,houspa,houwre,hutvir,macwar,moudov,norhar1,orcwar,olsfly,osprey,pacwre1,pinsis,pilwoo,pasfly,purfin,purmar,rebnut,rebsap,redcro,rocpig,rethaw,rufhum,rewbla,savspa,sora,sonspa,spotow,stejay,swathr,towwar,treswa,daejun,yerwar,varthr,vigswa,warvir,whcspa,westan,wilsni1,wlswar,wooduc,yelwar",1000,1,6571150887,2061.762,NA,NA
342,rsymphony,0.6,72,50625,"amegfi,amekes,amerob,annhum,baleag,barswa,brdowl,belkin1,bewwre,bnhcow,bkhgro,brebla,brncre,batpig1,bushti,cangoo,chbchi,cedwax,chispa,coohaw,comrav,amecro,dowwoo,eucdov,eursta,evegro,norfli,foxspa,gockin,haiwoo,houfin,houspa,houwre,hutvir,macwar,moudov,norhar1,orcwar,olsfly,osprey,pacwre1,pinsis,pilwoo,pasfly,purfin,purmar,rebnut,rebsap,redcro,rocpig,rethaw,rufhum,rewbla,savspa,sora,sonspa,spotow,stejay,swathr,towwar,treswa,daejun,yerwar,varthr,vigswa,warvir,whcspa,westan,wilsni1,wlswar,wooduc,yelwar",1000,1,10750607682,6469.988,NA,NA
343,rsymphony,0.7,72,50625,"amegfi,amekes,amerob,annhum,baleag,barswa,brdowl,belkin1,bewwre,bnhcow,bkhgro,brebla,brncre,batpig1,bushti,cangoo,chbchi,cedwax,chispa,coohaw,comrav,amecro,dowwoo,eucdov,eursta,evegro,norfli,foxspa,gockin,haiwoo,houfin,houspa,houwre,hutvir,macwar,moudov,norhar1,orcwar,olsfly,osprey,pacwre1,pinsis,pilwoo,pasfly,purfin,purmar,rebnut,rebsap,redcro,rocpig,rethaw,rufhum,rewbla,savspa,sora,sonspa,spotow,stejay,swathr,towwar,treswa,daejun,yerwar,varthr,vigswa,warvir,whcspa,westan,wilsni1,wlswar,wooduc,yelwar",1000,1,16124842258,2889.781,NA,NA
344,rsymphony,0.8,72,50625,"amegfi,amekes,amerob,annhum,baleag,barswa,brdowl,belkin1,bewwre,bnhcow,bkhgro,brebla,brncre,batpig1,bushti,cangoo,chbchi,cedwax,chispa,coohaw,comrav,amecro,dowwoo,eucdov,eursta,evegro,norfli,foxspa,gockin,haiwoo,houfin,houspa,houwre,hutvir,macwar,moudov,norhar1,orcwar,olsfly,osprey,pacwre1,pinsis,pilwoo,pasfly,purfin,purmar,rebnut,rebsap,redcro,rocpig,rethaw,rufhum,rewbla,savspa,sora,sonspa,spotow,stejay,swathr,towwar,treswa,daejun,yerwar,varthr,vigswa,warvir,whcspa,westan,wilsni1,wlswar,wooduc,yelwar",1000,1,22726405604,3565.839,NA,NA
345,rsymphony,0.9,72,50625,"amegfi,amekes,amerob,annhum,baleag,barswa,brdowl,belkin1,bewwre,bnhcow,bkhgro,brebla,brncre,batpig1,bushti,cangoo,chbchi,cedwax,chispa,coohaw,comrav,amecro,dowwoo,eucdov,eursta,evegro,norfli,foxspa,gockin,haiwoo,houfin,houspa,houwre,hutvir,macwar,moudov,norhar1,orcwar,olsfly,osprey,pacwre1,pinsis,pilwoo,pasfly,purfin,purmar,rebnut,rebsap,redcro,rocpig,rethaw,rufhum,rewbla,savspa,sora,sonspa,spotow,stejay,swathr,towwar,treswa,daejun,yerwar,varthr,vigswa,warvir,whcspa,westan,wilsni1,wlswar,wooduc,yelwar",1000,1,31053395414,503.539,NA,NA
301,marxan,0.1,72,50625,"amegfi,amekes,amerob,annhum,baleag,barswa,brdowl,belkin1,bewwre,bnhcow,bkhgro,brebla,brncre,batpig1,bushti,cangoo,chbchi,cedwax,chispa,coohaw,comrav,amecro,dowwoo,eucdov,eursta,evegro,norfli,foxspa,gockin,haiwoo,houfin,houspa,houwre,hutvir,macwar,moudov,norhar1,orcwar,olsfly,osprey,pacwre1,pinsis,pilwoo,pasfly,purfin,purmar,rebnut,rebsap,redcro,rocpig,rethaw,rufhum,rewbla,savspa,sora,sonspa,spotow,stejay,swathr,towwar,treswa,daejun,yerwar,varthr,vigswa,warvir,whcspa,westan,wilsni1,wlswar,wooduc,yelwar",0.1,10,119656354,3713.658,100000000,25
302,marxan,0.2,72,50625,"amegfi,amekes,amerob,annhum,baleag,barswa,brdowl,belkin1,bewwre,bnhcow,bkhgro,brebla,brncre,batpig1,bushti,cangoo,chbchi,cedwax,chispa,coohaw,comrav,amecro,dowwoo,eucdov,eursta,evegro,norfli,foxspa,gockin,haiwoo,houfin,houspa,houwre,hutvir,macwar,moudov,norhar1,orcwar,olsfly,osprey,pacwre1,pinsis,pilwoo,pasfly,purfin,purmar,rebnut,rebsap,redcro,rocpig,rethaw,rufhum,rewbla,savspa,sora,sonspa,spotow,stejay,swathr,towwar,treswa,daejun,yerwar,varthr,vigswa,warvir,whcspa,westan,wilsni1,wlswar,wooduc,yelwar",0.1,10,530215975,4247.347,100000000,25
303,marxan,0.3,72,50625,"amegfi,amekes,amerob,annhum,baleag,barswa,brdowl,belkin1,bewwre,bnhcow,bkhgro,brebla,brncre,batpig1,bushti,cangoo,chbchi,cedwax,chispa,coohaw,comrav,amecro,dowwoo,eucdov,eursta,evegro,norfli,foxspa,gockin,haiwoo,houfin,houspa,houwre,hutvir,macwar,moudov,norhar1,orcwar,olsfly,osprey,pacwre1,pinsis,pilwoo,pasfly,purfin,purmar,rebnut,rebsap,redcro,rocpig,rethaw,rufhum,rewbla,savspa,sora,sonspa,spotow,stejay,swathr,towwar,treswa,daejun,yerwar,varthr,vigswa,warvir,whcspa,westan,wilsni1,wlswar,wooduc,yelwar",0.1,10,1385306649,4755.666,100000000,25
304,marxan,0.4,72,50625,"amegfi,amekes,amerob,annhum,baleag,barswa,brdowl,belkin1,bewwre,bnhcow,bkhgro,brebla,brncre,batpig1,bushti,cangoo,chbchi,cedwax,chispa,coohaw,comrav,amecro,dowwoo,eucdov,eursta,evegro,norfli,foxspa,gockin,haiwoo,houfin,houspa,houwre,hutvir,macwar,moudov,norhar1,orcwar,olsfly,osprey,pacwre1,pinsis,pilwoo,pasfly,purfin,purmar,rebnut,rebsap,redcro,rocpig,rethaw,rufhum,rewbla,savspa,sora,sonspa,spotow,stejay,swathr,towwar,treswa,daejun,yerwar,varthr,vigswa,warvir,whcspa,westan,wilsni1,wlswar,wooduc,yelwar",0.1,10,3225004859,5212.654,100000000,25
305,marxan,0.5,72,50625,"amegfi,amekes,amerob,annhum,baleag,barswa,brdowl,belkin1,bewwre,bnhcow,bkhgro,brebla,brncre,batpig1,bushti,cangoo,chbchi,cedwax,chispa,coohaw,comrav,amecro,dowwoo,eucdov,eursta,evegro,norfli,foxspa,gockin,haiwoo,houfin,houspa,houwre,hutvir,macwar,moudov,norhar1,orcwar,olsfly,osprey,pacwre1,pinsis,pilwoo,pasfly,purfin,purmar,rebnut,rebsap,redcro,rocpig,rethaw,rufhum,rewbla,savspa,sora,sonspa,spotow,stejay,swathr,towwar,treswa,daejun,yerwar,varthr,vigswa,warvir,whcspa,westan,wilsni1,wlswar,wooduc,yelwar",0.1,10,6530370496,5649.674,100000000,25
306,marxan,0.6,72,50625,"amegfi,amekes,amerob,annhum,baleag,barswa,brdowl,belkin1,bewwre,bnhcow,bkhgro,brebla,brncre,batpig1,bushti,cangoo,chbchi,cedwax,chispa,coohaw,comrav,amecro,dowwoo,eucdov,eursta,evegro,norfli,foxspa,gockin,haiwoo,houfin,houspa,houwre,hutvir,macwar,moudov,norhar1,orcwar,olsfly,osprey,pacwre1,pinsis,pilwoo,pasfly,purfin,purmar,rebnut,rebsap,redcro,rocpig,rethaw,rufhum,rewbla,savspa,sora,sonspa,spotow,stejay,swathr,towwar,treswa,daejun,yerwar,varthr,vigswa,warvir,whcspa,westan,wilsni1,wlswar,wooduc,yelwar",0.1,9,11266919756,6194.491,100000000,25
307,marxan,0.7,72,50625,"amegfi,amekes,amerob,annhum,baleag,barswa,brdowl,belkin1,bewwre,bnhcow,bkhgro,brebla,brncre,batpig1,bushti,cangoo,chbchi,cedwax,chispa,coohaw,comrav,amecro,dowwoo,eucdov,eursta,evegro,norfli,foxspa,gockin,haiwoo,houfin,houspa,houwre,hutvir,macwar,moudov,norhar1,orcwar,olsfly,osprey,pacwre1,pinsis,pilwoo,pasfly,purfin,purmar,rebnut,rebsap,redcro,rocpig,rethaw,rufhum,rewbla,savspa,sora,sonspa,spotow,stejay,swathr,towwar,treswa,daejun,yerwar,varthr,vigswa,warvir,whcspa,westan,wilsni1,wlswar,wooduc,yelwar",0.1,10,17232818904,6603.781,100000000,25
308,marxan,0.8,72,50625,"amegfi,amekes,amerob,annhum,baleag,barswa,brdowl,belkin1,bewwre,bnhcow,bkhgro,brebla,brncre,batpig1,bushti,cangoo,chbchi,cedwax,chispa,coohaw,comrav,amecro,dowwoo,eucdov,eursta,evegro,norfli,foxspa,gockin,haiwoo,houfin,houspa,houwre,hutvir,macwar,moudov,norhar1,orcwar,olsfly,osprey,pacwre1,pinsis,pilwoo,pasfly,purfin,purmar,rebnut,rebsap,redcro,rocpig,rethaw,rufhum,rewbla,savspa,sora,sonspa,spotow,stejay,swathr,towwar,treswa,daejun,yerwar,varthr,vigswa,warvir,whcspa,westan,wilsni1,wlswar,wooduc,yelwar",0.1,10,26195011494,6884.581,100000000,25
309,marxan,0.9,72,50625,"amegfi,amekes,amerob,annhum,baleag,barswa,brdowl,belkin1,bewwre,bnhcow,bkhgro,brebla,brncre,batpig1,bushti,cangoo,chbchi,cedwax,chispa,coohaw,comrav,amecro,dowwoo,eucdov,eursta,evegro,norfli,foxspa,gockin,haiwoo,houfin,houspa,houwre,hutvir,macwar,moudov,norhar1,orcwar,olsfly,osprey,pacwre1,pinsis,pilwoo,pasfly,purfin,purmar,rebnut,rebsap,redcro,rocpig,rethaw,rufhum,rewbla,savspa,sora,sonspa,spotow,stejay,swathr,towwar,treswa,daejun,yerwar,varthr,vigswa,warvir,whcspa,westan,wilsni1,wlswar,wooduc,yelwar",0.1,10,39233279900,6500.088,100000000,25
310,marxan,0.1,72,50625,"amegfi,amekes,amerob,annhum,baleag,barswa,brdowl,belkin1,bewwre,bnhcow,bkhgro,brebla,brncre,batpig1,bushti,cangoo,chbchi,cedwax,chispa,coohaw,comrav,amecro,dowwoo,eucdov,eursta,evegro,norfli,foxspa,gockin,haiwoo,houfin,houspa,houwre,hutvir,macwar,moudov,norhar1,orcwar,olsfly,osprey,pacwre1,pinsis,pilwoo,pasfly,purfin,purmar,rebnut,rebsap,redcro,rocpig,rethaw,rufhum,rewbla,savspa,sora,sonspa,spotow,stejay,swathr,towwar,treswa,daejun,yerwar,varthr,vigswa,warvir,whcspa,westan,wilsni1,wlswar,wooduc,yelwar",1,10,119539646,3469.629,100000000,25
311,marxan,0.2,72,50625,"amegfi,amekes,amerob,annhum,baleag,barswa,brdowl,belkin1,bewwre,bnhcow,bkhgro,brebla,brncre,batpig1,bushti,cangoo,chbchi,cedwax,chispa,coohaw,comrav,amecro,dowwoo,eucdov,eursta,evegro,norfli,foxspa,gockin,haiwoo,houfin,houspa,houwre,hutvir,macwar,moudov,norhar1,orcwar,olsfly,osprey,pacwre1,pinsis,pilwoo,pasfly,purfin,purmar,rebnut,rebsap,redcro,rocpig,rethaw,rufhum,rewbla,savspa,sora,sonspa,spotow,stejay,swathr,towwar,treswa,daejun,yerwar,varthr,vigswa,warvir,whcspa,westan,wilsni1,wlswar,wooduc,yelwar",1,8,531301796,3993.229,100000000,25
312,marxan,0.3,72,50625,"amegfi,amekes,amerob,annhum,baleag,barswa,brdowl,belkin1,bewwre,bnhcow,bkhgro,brebla,brncre,batpig1,bushti,cangoo,chbchi,cedwax,chispa,coohaw,comrav,amecro,dowwoo,eucdov,eursta,evegro,norfli,foxspa,gockin,haiwoo,houfin,houspa,houwre,hutvir,macwar,moudov,norhar1,orcwar,olsfly,osprey,pacwre1,pinsis,pilwoo,pasfly,purfin,purmar,rebnut,rebsap,redcro,rocpig,rethaw,rufhum,rewbla,savspa,sora,sonspa,spotow,stejay,swathr,towwar,treswa,daejun,yerwar,varthr,vigswa,warvir,whcspa,westan,wilsni1,wlswar,wooduc,yelwar",1,10,1388643400,4519.538,100000000,25
313,marxan,0.4,72,50625,"amegfi,amekes,amerob,annhum,baleag,barswa,brdowl,belkin1,bewwre,bnhcow,bkhgro,brebla,brncre,batpig1,bushti,cangoo,chbchi,cedwax,chispa,coohaw,comrav,amecro,dowwoo,eucdov,eursta,evegro,norfli,foxspa,gockin,haiwoo,houfin,houspa,houwre,hutvir,macwar,moudov,norhar1,orcwar,olsfly,osprey,pacwre1,pinsis,pilwoo,pasfly,purfin,purmar,rebnut,rebsap,redcro,rocpig,rethaw,rufhum,rewbla,savspa,sora,sonspa,spotow,stejay,swathr,towwar,treswa,daejun,yerwar,varthr,vigswa,warvir,whcspa,westan,wilsni1,wlswar,wooduc,yelwar",1,10,3232827530,5005.634,100000000,25
314,marxan,0.5,72,50625,"amegfi,amekes,amerob,annhum,baleag,barswa,brdowl,belkin1,bewwre,bnhcow,bkhgro,brebla,brncre,batpig1,bushti,cangoo,chbchi,cedwax,chispa,coohaw,comrav,amecro,dowwoo,eucdov,eursta,evegro,norfli,foxspa,gockin,haiwoo,houfin,houspa,houwre,hutvir,macwar,moudov,norhar1,orcwar,olsfly,osprey,pacwre1,pinsis,pilwoo,pasfly,purfin,purmar,rebnut,rebsap,redcro,rocpig,rethaw,rufhum,rewbla,savspa,sora,sonspa,spotow,stejay,swathr,towwar,treswa,daejun,yerwar,varthr,vigswa,warvir,whcspa,westan,wilsni1,wlswar,wooduc,yelwar",1,10,6527711841,5475.238,100000000,25
315,marxan,0.6,72,50625,"amegfi,amekes,amerob,annhum,baleag,barswa,brdowl,belkin1,bewwre,bnhcow,bkhgro,brebla,brncre,batpig1,bushti,cangoo,chbchi,cedwax,chispa,coohaw,comrav,amecro,dowwoo,eucdov,eursta,evegro,norfli,foxspa,gockin,haiwoo,houfin,houspa,houwre,hutvir,macwar,moudov,norhar1,orcwar,olsfly,osprey,pacwre1,pinsis,pilwoo,pasfly,purfin,purmar,rebnut,rebsap,redcro,rocpig,rethaw,rufhum,rewbla,savspa,sora,sonspa,spotow,stejay,swathr,towwar,treswa,daejun,yerwar,varthr,vigswa,warvir,whcspa,westan,wilsni1,wlswar,wooduc,yelwar",1,10,11005127472,5927.757,100000000,25
316,marxan,0.7,72,50625,"amegfi,amekes,amerob,annhum,baleag,barswa,brdowl,belkin1,bewwre,bnhcow,bkhgro,brebla,brncre,batpig1,bushti,cangoo,chbchi,cedwax,chispa,coohaw,comrav,amecro,dowwoo,eucdov,eursta,evegro,norfli,foxspa,gockin,haiwoo,houfin,houspa,houwre,hutvir,macwar,moudov,norhar1,orcwar,olsfly,osprey,pacwre1,pinsis,pilwoo,pasfly,purfin,purmar,rebnut,rebsap,redcro,rocpig,rethaw,rufhum,rewbla,savspa,sora,sonspa,spotow,stejay,swathr,towwar,treswa,daejun,yerwar,varthr,vigswa,warvir,whcspa,westan,wilsni1,wlswar,wooduc,yelwar",1,10,16917479588,6319.677,100000000,25
317,marxan,0.8,72,50625,"amegfi,amekes,amerob,annhum,baleag,barswa,brdowl,belkin1,bewwre,bnhcow,bkhgro,brebla,brncre,batpig1,bushti,cangoo,chbchi,cedwax,chispa,coohaw,comrav,amecro,dowwoo,eucdov,eursta,evegro,norfli,foxspa,gockin,haiwoo,houfin,houspa,houwre,hutvir,macwar,moudov,norhar1,orcwar,olsfly,osprey,pacwre1,pinsis,pilwoo,pasfly,purfin,purmar,rebnut,rebsap,redcro,rocpig,rethaw,rufhum,rewbla,savspa,sora,sonspa,spotow,stejay,swathr,towwar,treswa,daejun,yerwar,varthr,vigswa,warvir,whcspa,westan,wilsni1,wlswar,wooduc,yelwar",1,10,26468291928,6615.025,100000000,25
318,marxan,0.9,72,50625,"amegfi,amekes,amerob,annhum,baleag,barswa,brdowl,belkin1,bewwre,bnhcow,bkhgro,brebla,brncre,batpig1,bushti,cangoo,chbchi,cedwax,chispa,coohaw,comrav,amecro,dowwoo,eucdov,eursta,evegro,norfli,foxspa,gockin,haiwoo,houfin,houspa,houwre,hutvir,macwar,moudov,norhar1,orcwar,olsfly,osprey,pacwre1,pinsis,pilwoo,pasfly,purfin,purmar,rebnut,rebsap,redcro,rocpig,rethaw,rufhum,rewbla,savspa,sora,sonspa,spotow,stejay,swathr,towwar,treswa,daejun,yerwar,varthr,vigswa,warvir,whcspa,westan,wilsni1,wlswar,wooduc,yelwar",1,10,39335421801,6727.922,100000000,25
319,marxan,0.1,72,50625,"amegfi,amekes,amerob,annhum,baleag,barswa,brdowl,belkin1,bewwre,bnhcow,bkhgro,brebla,brncre,batpig1,bushti,cangoo,chbchi,cedwax,chispa,coohaw,comrav,amecro,dowwoo,eucdov,eursta,evegro,norfli,foxspa,gockin,haiwoo,houfin,houspa,houwre,hutvir,macwar,moudov,norhar1,orcwar,olsfly,osprey,pacwre1,pinsis,pilwoo,pasfly,purfin,purmar,rebnut,rebsap,redcro,rocpig,rethaw,rufhum,rewbla,savspa,sora,sonspa,spotow,stejay,swathr,towwar,treswa,daejun,yerwar,varthr,vigswa,warvir,whcspa,westan,wilsni1,wlswar,wooduc,yelwar",10,10,118884873,3422.132,100000000,25
320,marxan,0.2,72,50625,"amegfi,amekes,amerob,annhum,baleag,barswa,brdowl,belkin1,bewwre,bnhcow,bkhgro,brebla,brncre,batpig1,bushti,cangoo,chbchi,cedwax,chispa,coohaw,comrav,amecro,dowwoo,eucdov,eursta,evegro,norfli,foxspa,gockin,haiwoo,houfin,houspa,houwre,hutvir,macwar,moudov,norhar1,orcwar,olsfly,osprey,pacwre1,pinsis,pilwoo,pasfly,purfin,purmar,rebnut,rebsap,redcro,rocpig,rethaw,rufhum,rewbla,savspa,sora,sonspa,spotow,stejay,swathr,towwar,treswa,daejun,yerwar,varthr,vigswa,warvir,whcspa,westan,wilsni1,wlswar,wooduc,yelwar",10,10,533939898,3918.83,100000000,25
321,marxan,0.3,72,50625,"amegfi,amekes,amerob,annhum,baleag,barswa,brdowl,belkin1,bewwre,bnhcow,bkhgro,brebla,brncre,batpig1,bushti,cangoo,chbchi,cedwax,chispa,coohaw,comrav,amecro,dowwoo,eucdov,eursta,evegro,norfli,foxspa,gockin,haiwoo,houfin,houspa,houwre,hutvir,macwar,moudov,norhar1,orcwar,olsfly,osprey,pacwre1,pinsis,pilwoo,pasfly,purfin,purmar,rebnut,rebsap,redcro,rocpig,rethaw,rufhum,rewbla,savspa,sora,sonspa,spotow,stejay,swathr,towwar,treswa,daejun,yerwar,varthr,vigswa,warvir,whcspa,westan,wilsni1,wlswar,wooduc,yelwar",10,9,1405913371,4408.603,100000000,25
322,marxan,0.4,72,50625,"amegfi,amekes,amerob,annhum,baleag,barswa,brdowl,belkin1,bewwre,bnhcow,bkhgro,brebla,brncre,batpig1,bushti,cangoo,chbchi,cedwax,chispa,coohaw,comrav,amecro,dowwoo,eucdov,eursta,evegro,norfli,foxspa,gockin,haiwoo,houfin,houspa,houwre,hutvir,macwar,moudov,norhar1,orcwar,olsfly,osprey,pacwre1,pinsis,pilwoo,pasfly,purfin,purmar,rebnut,rebsap,redcro,rocpig,rethaw,rufhum,rewbla,savspa,sora,sonspa,spotow,stejay,swathr,towwar,treswa,daejun,yerwar,varthr,vigswa,warvir,whcspa,westan,wilsni1,wlswar,wooduc,yelwar",10,10,3278364683,4775.501,100000000,25
323,marxan,0.5,72,50625,"amegfi,amekes,amerob,annhum,baleag,barswa,brdowl,belkin1,bewwre,bnhcow,bkhgro,brebla,brncre,batpig1,bushti,cangoo,chbchi,cedwax,chispa,coohaw,comrav,amecro,dowwoo,eucdov,eursta,evegro,norfli,foxspa,gockin,haiwoo,houfin,houspa,houwre,hutvir,macwar,moudov,norhar1,orcwar,olsfly,osprey,pacwre1,pinsis,pilwoo,pasfly,purfin,purmar,rebnut,rebsap,redcro,rocpig,rethaw,rufhum,rewbla,savspa,sora,sonspa,spotow,stejay,swathr,towwar,treswa,daejun,yerwar,varthr,vigswa,warvir,whcspa,westan,wilsni1,wlswar,wooduc,yelwar",10,10,6499072250,5331.354,100000000,25
324,marxan,0.6,72,50625,"amegfi,amekes,amerob,annhum,baleag,barswa,brdowl,belkin1,bewwre,bnhcow,bkhgro,brebla,brncre,batpig1,bushti,cangoo,chbchi,cedwax,chispa,coohaw,comrav,amecro,dowwoo,eucdov,eursta,evegro,norfli,foxspa,gockin,haiwoo,houfin,houspa,houwre,hutvir,macwar,moudov,norhar1,orcwar,olsfly,osprey,pacwre1,pinsis,pilwoo,pasfly,purfin,purmar,rebnut,rebsap,redcro,rocpig,rethaw,rufhum,rewbla,savspa,sora,sonspa,spotow,stejay,swathr,towwar,treswa,daejun,yerwar,varthr,vigswa,warvir,whcspa,westan,wilsni1,wlswar,wooduc,yelwar",10,10,12761435666,6011.527,100000000,25
325,marxan,0.7,72,50625,"amegfi,amekes,amerob,annhum,baleag,barswa,brdowl,belkin1,bewwre,bnhcow,bkhgro,brebla,brncre,batpig1,bushti,cangoo,chbchi,cedwax,chispa,coohaw,comrav,amecro,dowwoo,eucdov,eursta,evegro,norfli,foxspa,gockin,haiwoo,houfin,houspa,houwre,hutvir,macwar,moudov,norhar1,orcwar,olsfly,osprey,pacwre1,pinsis,pilwoo,pasfly,purfin,purmar,rebnut,rebsap,redcro,rocpig,rethaw,rufhum,rewbla,savspa,sora,sonspa,spotow,stejay,swathr,towwar,treswa,daejun,yerwar,varthr,vigswa,warvir,whcspa,westan,wilsni1,wlswar,wooduc,yelwar",10,10,17407400307,6332.387,100000000,25
326,marxan,0.8,72,50625,"amegfi,amekes,amerob,annhum,baleag,barswa,brdowl,belkin1,bewwre,bnhcow,bkhgro,brebla,brncre,batpig1,bushti,cangoo,chbchi,cedwax,chispa,coohaw,comrav,amecro,dowwoo,eucdov,eursta,evegro,norfli,foxspa,gockin,haiwoo,houfin,houspa,houwre,hutvir,macwar,moudov,norhar1,orcwar,olsfly,osprey,pacwre1,pinsis,pilwoo,pasfly,purfin,purmar,rebnut,rebsap,redcro,rocpig,rethaw,rufhum,rewbla,savspa,sora,sonspa,spotow,stejay,swathr,towwar,treswa,daejun,yerwar,varthr,vigswa,warvir,whcspa,westan,wilsni1,wlswar,wooduc,yelwar",10,10,28679156054,6648.696,100000000,25
327,marxan,0.9,72,50625,"amegfi,amekes,amerob,annhum,baleag,barswa,brdowl,belkin1,bewwre,bnhcow,bkhgro,brebla,brncre,batpig1,bushti,cangoo,chbchi,cedwax,chispa,coohaw,comrav,amecro,dowwoo,eucdov,eursta,evegro,norfli,foxspa,gockin,haiwoo,houfin,houspa,houwre,hutvir,macwar,moudov,norhar1,orcwar,olsfly,osprey,pacwre1,pinsis,pilwoo,pasfly,purfin,purmar,rebnut,rebsap,redcro,rocpig,rethaw,rufhum,rewbla,savspa,sora,sonspa,spotow,stejay,swathr,towwar,treswa,daejun,yerwar,varthr,vigswa,warvir,whcspa,westan,wilsni1,wlswar,wooduc,yelwar",10,10,39426232676,6860.612,100000000,25
328,marxan,0.1,72,50625,"amegfi,amekes,amerob,annhum,baleag,barswa,brdowl,belkin1,bewwre,bnhcow,bkhgro,brebla,brncre,batpig1,bushti,cangoo,chbchi,cedwax,chispa,coohaw,comrav,amecro,dowwoo,eucdov,eursta,evegro,norfli,foxspa,gockin,haiwoo,houfin,houspa,houwre,hutvir,macwar,moudov,norhar1,orcwar,olsfly,osprey,pacwre1,pinsis,pilwoo,pasfly,purfin,purmar,rebnut,rebsap,redcro,rocpig,rethaw,rufhum,rewbla,savspa,sora,sonspa,spotow,stejay,swathr,towwar,treswa,daejun,yerwar,varthr,vigswa,warvir,whcspa,westan,wilsni1,wlswar,wooduc,yelwar",100,10,116852599,3417.257,100000000,25
329,marxan,0.2,72,50625,"amegfi,amekes,amerob,annhum,baleag,barswa,brdowl,belkin1,bewwre,bnhcow,bkhgro,brebla,brncre,batpig1,bushti,cangoo,chbchi,cedwax,chispa,coohaw,comrav,amecro,dowwoo,eucdov,eursta,evegro,norfli,foxspa,gockin,haiwoo,houfin,houspa,houwre,hutvir,macwar,moudov,norhar1,orcwar,olsfly,osprey,pacwre1,pinsis,pilwoo,pasfly,purfin,purmar,rebnut,rebsap,redcro,rocpig,rethaw,rufhum,rewbla,savspa,sora,sonspa,spotow,stejay,swathr,towwar,treswa,daejun,yerwar,varthr,vigswa,warvir,whcspa,westan,wilsni1,wlswar,wooduc,yelwar",100,8,519493699,3848.069,100000000,25
330,marxan,0.3,72,50625,"amegfi,amekes,amerob,annhum,baleag,barswa,brdowl,belkin1,bewwre,bnhcow,bkhgro,brebla,brncre,batpig1,bushti,cangoo,chbchi,cedwax,chispa,coohaw,comrav,amecro,dowwoo,eucdov,eursta,evegro,norfli,foxspa,gockin,haiwoo,houfin,houspa,houwre,hutvir,macwar,moudov,norhar1,orcwar,olsfly,osprey,pacwre1,pinsis,pilwoo,pasfly,purfin,purmar,rebnut,rebsap,redcro,rocpig,rethaw,rufhum,rewbla,savspa,sora,sonspa,spotow,stejay,swathr,towwar,treswa,daejun,yerwar,varthr,vigswa,warvir,whcspa,westan,wilsni1,wlswar,wooduc,yelwar",100,10,1369710621,4251.98,100000000,25
331,marxan,0.4,72,50625,"amegfi,amekes,amerob,annhum,baleag,barswa,brdowl,belkin1,bewwre,bnhcow,bkhgro,brebla,brncre,batpig1,bushti,cangoo,chbchi,cedwax,chispa,coohaw,comrav,amecro,dowwoo,eucdov,eursta,evegro,norfli,foxspa,gockin,haiwoo,houfin,houspa,houwre,hutvir,macwar,moudov,norhar1,orcwar,olsfly,osprey,pacwre1,pinsis,pilwoo,pasfly,purfin,purmar,rebnut,rebsap,redcro,rocpig,rethaw,rufhum,rewbla,savspa,sora,sonspa,spotow,stejay,swathr,towwar,treswa,daejun,yerwar,varthr,vigswa,warvir,whcspa,westan,wilsni1,wlswar,wooduc,yelwar",100,9,3242348831,4632.592,100000000,25
332,marxan,0.5,72,50625,"amegfi,amekes,amerob,annhum,baleag,barswa,brdowl,belkin1,bewwre,bnhcow,bkhgro,brebla,brncre,batpig1,bushti,cangoo,chbchi,cedwax,chispa,coohaw,comrav,amecro,dowwoo,eucdov,eursta,evegro,norfli,foxspa,gockin,haiwoo,houfin,houspa,houwre,hutvir,macwar,moudov,norhar1,orcwar,olsfly,osprey,pacwre1,pinsis,pilwoo,pasfly,purfin,purmar,rebnut,rebsap,redcro,rocpig,rethaw,rufhum,rewbla,savspa,sora,sonspa,spotow,stejay,swathr,towwar,treswa,daejun,yerwar,varthr,vigswa,warvir,whcspa,westan,wilsni1,wlswar,wooduc,yelwar",100,8,6493368830,5204.909,100000000,25
333,marxan,0.6,72,50625,"amegfi,amekes,amerob,annhum,baleag,barswa,brdowl,belkin1,bewwre,bnhcow,bkhgro,brebla,brncre,batpig1,bushti,cangoo,chbchi,cedwax,chispa,coohaw,comrav,amecro,dowwoo,eucdov,eursta,evegro,norfli,foxspa,gockin,haiwoo,houfin,houspa,houwre,hutvir,macwar,moudov,norhar1,orcwar,olsfly,osprey,pacwre1,pinsis,pilwoo,pasfly,purfin,purmar,rebnut,rebsap,redcro,rocpig,rethaw,rufhum,rewbla,savspa,sora,sonspa,spotow,stejay,swathr,towwar,treswa,daejun,yerwar,varthr,vigswa,warvir,whcspa,westan,wilsni1,wlswar,wooduc,yelwar",100,10,18409345183,5927.539,100000000,25
334,marxan,0.7,72,50625,"amegfi,amekes,amerob,annhum,baleag,barswa,brdowl,belkin1,bewwre,bnhcow,bkhgro,brebla,brncre,batpig1,bushti,cangoo,chbchi,cedwax,chispa,coohaw,comrav,amecro,dowwoo,eucdov,eursta,evegro,norfli,foxspa,gockin,haiwoo,houfin,houspa,houwre,hutvir,macwar,moudov,norhar1,orcwar,olsfly,osprey,pacwre1,pinsis,pilwoo,pasfly,purfin,purmar,rebnut,rebsap,redcro,rocpig,rethaw,rufhum,rewbla,savspa,sora,sonspa,spotow,stejay,swathr,towwar,treswa,daejun,yerwar,varthr,vigswa,warvir,whcspa,westan,wilsni1,wlswar,wooduc,yelwar",100,10,18789968400,6285.338,100000000,25
335,marxan,0.8,72,50625,"amegfi,amekes,amerob,annhum,baleag,barswa,brdowl,belkin1,bewwre,bnhcow,bkhgro,brebla,brncre,batpig1,bushti,cangoo,chbchi,cedwax,chispa,coohaw,comrav,amecro,dowwoo,eucdov,eursta,evegro,norfli,foxspa,gockin,haiwoo,houfin,houspa,houwre,hutvir,macwar,moudov,norhar1,orcwar,olsfly,osprey,pacwre1,pinsis,pilwoo,pasfly,purfin,purmar,rebnut,rebsap,redcro,rocpig,rethaw,rufhum,rewbla,savspa,sora,sonspa,spotow,stejay,swathr,towwar,treswa,daejun,yerwar,varthr,vigswa,warvir,whcspa,westan,wilsni1,wlswar,wooduc,yelwar",100,10,25432072176,6646.897,100000000,25
336,marxan,0.9,72,50625,"amegfi,amekes,amerob,annhum,baleag,barswa,brdowl,belkin1,bewwre,bnhcow,bkhgro,brebla,brncre,batpig1,bushti,cangoo,chbchi,cedwax,chispa,coohaw,comrav,amecro,dowwoo,eucdov,eursta,evegro,norfli,foxspa,gockin,haiwoo,houfin,houspa,houwre,hutvir,macwar,moudov,norhar1,orcwar,olsfly,osprey,pacwre1,pinsis,pilwoo,pasfly,purfin,purmar,rebnut,rebsap,redcro,rocpig,rethaw,rufhum,rewbla,savspa,sora,sonspa,spotow,stejay,swathr,towwar,treswa,daejun,yerwar,varthr,vigswa,warvir,whcspa,westan,wilsni1,wlswar,wooduc,yelwar",100,8,38805155584,6734.994,100000000,25
337,marxan,0.1,72,50625,"amegfi,amekes,amerob,annhum,baleag,barswa,brdowl,belkin1,bewwre,bnhcow,bkhgro,brebla,brncre,batpig1,bushti,cangoo,chbchi,cedwax,chispa,coohaw,comrav,amecro,dowwoo,eucdov,eursta,evegro,norfli,foxspa,gockin,haiwoo,houfin,houspa,houwre,hutvir,macwar,moudov,norhar1,orcwar,olsfly,osprey,pacwre1,pinsis,pilwoo,pasfly,purfin,purmar,rebnut,rebsap,redcro,rocpig,rethaw,rufhum,rewbla,savspa,sora,sonspa,spotow,stejay,swathr,towwar,treswa,daejun,yerwar,varthr,vigswa,warvir,whcspa,westan,wilsni1,wlswar,wooduc,yelwar",1000,10,149239966,3371.294,100000000,25
338,marxan,0.2,72,50625,"amegfi,amekes,amerob,annhum,baleag,barswa,brdowl,belkin1,bewwre,bnhcow,bkhgro,brebla,brncre,batpig1,bushti,cangoo,chbchi,cedwax,chispa,coohaw,comrav,amecro,dowwoo,eucdov,eursta,evegro,norfli,foxspa,gockin,haiwoo,houfin,houspa,houwre,hutvir,macwar,moudov,norhar1,orcwar,olsfly,osprey,pacwre1,pinsis,pilwoo,pasfly,purfin,purmar,rebnut,rebsap,redcro,rocpig,rethaw,rufhum,rewbla,savspa,sora,sonspa,spotow,stejay,swathr,towwar,treswa,daejun,yerwar,varthr,vigswa,warvir,whcspa,westan,wilsni1,wlswar,wooduc,yelwar",1000,10,571540622,3764.923,100000000,25
339,marxan,0.3,72,50625,"amegfi,amekes,amerob,annhum,baleag,barswa,brdowl,belkin1,bewwre,bnhcow,bkhgro,brebla,brncre,batpig1,bushti,cangoo,chbchi,cedwax,chispa,coohaw,comrav,amecro,dowwoo,eucdov,eursta,evegro,norfli,foxspa,gockin,haiwoo,houfin,houspa,houwre,hutvir,macwar,moudov,norhar1,orcwar,olsfly,osprey,pacwre1,pinsis,pilwoo,pasfly,purfin,purmar,rebnut,rebsap,redcro,rocpig,rethaw,rufhum,rewbla,savspa,sora,sonspa,spotow,stejay,swathr,towwar,treswa,daejun,yerwar,varthr,vigswa,warvir,whcspa,westan,wilsni1,wlswar,wooduc,yelwar",1000,10,1393865833,4088.402,100000000,25
340,marxan,0.4,72,50625,"amegfi,amekes,amerob,annhum,baleag,barswa,brdowl,belkin1,bewwre,bnhcow,bkhgro,brebla,brncre,batpig1,bushti,cangoo,chbchi,cedwax,chispa,coohaw,comrav,amecro,dowwoo,eucdov,eursta,evegro,norfli,foxspa,gockin,haiwoo,houfin,houspa,houwre,hutvir,macwar,moudov,norhar1,orcwar,olsfly,osprey,pacwre1,pinsis,pilwoo,pasfly,purfin,purmar,rebnut,rebsap,redcro,rocpig,rethaw,rufhum,rewbla,savspa,sora,sonspa,spotow,stejay,swathr,towwar,treswa,daejun,yerwar,varthr,vigswa,warvir,whcspa,westan,wilsni1,wlswar,wooduc,yelwar",1000,10,3188548958,4467.35,100000000,25
341,marxan,0.5,72,50625,"amegfi,amekes,amerob,annhum,baleag,barswa,brdowl,belkin1,bewwre,bnhcow,bkhgro,brebla,brncre,batpig1,bushti,cangoo,chbchi,cedwax,chispa,coohaw,comrav,amecro,dowwoo,eucdov,eursta,evegro,norfli,foxspa,gockin,haiwoo,houfin,houspa,houwre,hutvir,macwar,moudov,norhar1,orcwar,olsfly,osprey,pacwre1,pinsis,pilwoo,pasfly,purfin,purmar,rebnut,rebsap,redcro,rocpig,rethaw,rufhum,rewbla,savspa,sora,sonspa,spotow,stejay,swathr,towwar,treswa,daejun,yerwar,varthr,vigswa,warvir,whcspa,westan,wilsni1,wlswar,wooduc,yelwar",1000,10,6309751672,4927.014,100000000,25
342,marxan,0.6,72,50625,"amegfi,amekes,amerob,annhum,baleag,barswa,brdowl,belkin1,bewwre,bnhcow,bkhgro,brebla,brncre,batpig1,bushti,cangoo,chbchi,cedwax,chispa,coohaw,comrav,amecro,dowwoo,eucdov,eursta,evegro,norfli,foxspa,gockin,haiwoo,houfin,houspa,houwre,hutvir,macwar,moudov,norhar1,orcwar,olsfly,osprey,pacwre1,pinsis,pilwoo,pasfly,purfin,purmar,rebnut,rebsap,redcro,rocpig,rethaw,rufhum,rewbla,savspa,sora,sonspa,spotow,stejay,swathr,towwar,treswa,daejun,yerwar,varthr,vigswa,warvir,whcspa,westan,wilsni1,wlswar,wooduc,yelwar",1000,10,23084112188,5483.265,100000000,25
343,marxan,0.7,72,50625,"amegfi,amekes,amerob,annhum,baleag,barswa,brdowl,belkin1,bewwre,bnhcow,bkhgro,brebla,brncre,batpig1,bushti,cangoo,chbchi,cedwax,chispa,coohaw,comrav,amecro,dowwoo,eucdov,eursta,evegro,norfli,foxspa,gockin,haiwoo,houfin,houspa,houwre,hutvir,macwar,moudov,norhar1,orcwar,olsfly,osprey,pacwre1,pinsis,pilwoo,pasfly,purfin,purmar,rebnut,rebsap,redcro,rocpig,rethaw,rufhum,rewbla,savspa,sora,sonspa,spotow,stejay,swathr,towwar,treswa,daejun,yerwar,varthr,vigswa,warvir,whcspa,westan,wilsni1,wlswar,wooduc,yelwar",1000,10,27274722242,5783.825,100000000,25
344,marxan,0.8,72,50625,"amegfi,amekes,amerob,annhum,baleag,barswa,brdowl,belkin1,bewwre,bnhcow,bkhgro,brebla,brncre,batpig1,bushti,cangoo,chbchi,cedwax,chispa,coohaw,comrav,amecro,dowwoo,eucdov,eursta,evegro,norfli,foxspa,gockin,haiwoo,houfin,houspa,houwre,hutvir,macwar,moudov,norhar1,orcwar,olsfly,osprey,pacwre1,pinsis,pilwoo,pasfly,purfin,purmar,rebnut,rebsap,redcro,rocpig,rethaw,rufhum,rewbla,savspa,sora,sonspa,spotow,stejay,swathr,towwar,treswa,daejun,yerwar,varthr,vigswa,warvir,whcspa,westan,wilsni1,wlswar,wooduc,yelwar",1000,10,31969459742,5945.761,100000000,25
345,marxan,0.9,72,50625,"amegfi,amekes,amerob,annhum,baleag,barswa,brdowl,belkin1,bewwre,bnhcow,bkhgro,brebla,brncre,batpig1,bushti,cangoo,chbchi,cedwax,chispa,coohaw,comrav,amecro,dowwoo,eucdov,eursta,evegro,norfli,foxspa,gockin,haiwoo,houfin,houspa,houwre,hutvir,macwar,moudov,norhar1,orcwar,olsfly,osprey,pacwre1,pinsis,pilwoo,pasfly,purfin,purmar,rebnut,rebsap,redcro,rocpig,rethaw,rufhum,rewbla,savspa,sora,sonspa,spotow,stejay,swathr,towwar,treswa,daejun,yerwar,varthr,vigswa,warvir,whcspa,westan,wilsni1,wlswar,wooduc,yelwar",1000,10,37534475945,5787.947,100000000,25
