solver,target,n_features,n_pu,species,n_solutions,cost,time
gurobi,0.1,10,9282,"amegfi,batpig1,comrav,houwre,hutvir,olsfly,pilwoo,rethaw,swathr,westan",1,3452504,0.3540000000000134
gurobi,0.2,10,9282,"amekes,barswa,coohaw,amecro,houfin,moudov,osprey,spotow,towwar,whcspa",1,18250016,0.39699999999999136
gurobi,0.30000000000000004,10,9282,"amegfi,barswa,belkin1,bewwre,bnhcow,brebla,macwar,rebsap,towwar,westan",1,23918078,0.3020000000000209
gurobi,0.4,10,9282,"baleag,barswa,batpig1,comrav,norfli,houfin,moudov,rufhum,sora,whcspa",1,113437770,0.3250000000000455
gurobi,0.5,10,9282,"bnhcow,batpig1,chispa,amecro,haiwoo,pacwre1,redcro,stejay,treswa,warvir",1,166181393,0.32099999999996953
gurobi,0.6,10,9282,"baleag,batpig1,orcwar,pilwoo,pasfly,purfin,savspa,sonspa,stejay,wooduc",1,147764481,0.4259999999999877
gurobi,0.7000000000000001,10,9282,"bewwre,brncre,houspa,pacwre1,pinsis,purfin,purmar,rebnut,rethaw,warvir",1,1124458680,0.25099999999997635
gurobi,0.8,10,9282,"baleag,chispa,haiwoo,houfin,hutvir,norhar1,purfin,yerwar,vigswa,whcspa",1,1624446651,0.2559999999999718
gurobi,0.9,10,9282,"amegfi,amekes,barswa,bewwre,eursta,macwar,redcro,daejun,varthr,wlswar",1,2196465790,0.29300000000000637
gurobi,0.1,26,9282,"amerob,baleag,barswa,brdowl,batpig1,cangoo,cedwax,comrav,dowwoo,eucdov,eursta,houspa,houwre,hutvir,norhar1,purfin,purmar,rebsap,rufhum,swathr,treswa,daejun,varthr,whcspa,westan,yelwar",1,5625232,0.6730000000000018
gurobi,0.2,26,9282,"amegfi,annhum,bnhcow,batpig1,cangoo,chispa,comrav,amecro,eucdov,eursta,gockin,haiwoo,houwre,macwar,pinsis,pasfly,purfin,purmar,rewbla,savspa,treswa,daejun,varthr,vigswa,warvir,westan",1,26157274,0.9239999999999782
gurobi,0.30000000000000004,26,9282,"baleag,barswa,belkin1,bkhgro,bushti,cangoo,chispa,amecro,eursta,evegro,foxspa,gockin,houspa,hutvir,purfin,purmar,rebsap,rewbla,sonspa,treswa,daejun,varthr,warvir,whcspa,wlswar,yelwar",1,58434853,0.7989999999999782
gurobi,0.4,26,9282,"amekes,amerob,barswa,brdowl,brebla,batpig1,chbchi,cedwax,chispa,norfli,gockin,houwre,hutvir,orcwar,purmar,rebsap,rufhum,sonspa,stejay,swathr,treswa,yerwar,whcspa,wilsni1,wooduc,yelwar",1,53156854,0.7900000000000205
gurobi,0.5,26,9282,"annhum,brdowl,bnhcow,bkhgro,chbchi,eucdov,evegro,norfli,houfin,houspa,orcwar,pacwre1,pasfly,purmar,rebnut,rebsap,redcro,spotow,towwar,daejun,vigswa,warvir,whcspa,westan,wooduc,yelwar",1,300286531,0.7999999999999545
gurobi,0.6,26,9282,"baleag,bewwre,bnhcow,brncre,batpig1,chbchi,chispa,amecro,dowwoo,eursta,evegro,houfin,hutvir,macwar,moudov,pinsis,purfin,purmar,rebsap,redcro,rethaw,sora,swathr,treswa,varthr,wooduc",1,425432342,0.7470000000000141
gurobi,0.7000000000000001,26,9282,"amerob,baleag,barswa,comrav,amecro,eucdov,eursta,norfli,foxspa,haiwoo,houfin,orcwar,pacwre1,purfin,redcro,sora,sonspa,spotow,stejay,swathr,towwar,yerwar,varthr,wilsni1,wlswar,wooduc",1,885239861,0.7860000000000014
gurobi,0.8,26,9282,"amegfi,amekes,barswa,brdowl,belkin1,bkhgro,chbchi,evegro,foxspa,haiwoo,macwar,norhar1,olsfly,pinsis,pasfly,rocpig,rufhum,rewbla,savspa,spotow,swathr,daejun,varthr,vigswa,westan,wilsni1",1,1654754733,0.84699999999998
gurobi,0.9,26,9282,"amekes,amerob,brdowl,bewwre,brebla,chbchi,coohaw,amecro,dowwoo,evegro,foxspa,houfin,hutvir,macwar,norhar1,osprey,pacwre1,rebnut,rebsap,rocpig,rewbla,savspa,treswa,daejun,whcspa,westan",1,2815625140,0.7199999999999704
gurobi,0.1,41,9282,"annhum,barswa,brdowl,belkin1,bkhgro,batpig1,chbchi,chispa,coohaw,comrav,amecro,dowwoo,eucdov,foxspa,gockin,haiwoo,houspa,houwre,hutvir,moudov,norhar1,pinsis,pasfly,purfin,purmar,rebnut,rebsap,redcro,rocpig,rethaw,rufhum,savspa,spotow,towwar,treswa,daejun,yerwar,vigswa,warvir,wooduc,yelwar",1,7335630,0.7420000000000186
gurobi,0.2,41,9282,"amegfi,amerob,brdowl,belkin1,bewwre,bkhgro,brncre,batpig1,chispa,coohaw,comrav,amecro,eursta,foxspa,houfin,houspa,hutvir,macwar,orcwar,osprey,pacwre1,pinsis,pilwoo,purfin,purmar,rebsap,redcro,rufhum,rewbla,savspa,spotow,stejay,swathr,towwar,daejun,yerwar,varthr,vigswa,warvir,westan,wlswar",1,22585362,1.0230000000000246
gurobi,0.30000000000000004,41,9282,"amegfi,amekes,amerob,annhum,belkin1,bewwre,bnhcow,batpig1,cangoo,chbchi,coohaw,amecro,dowwoo,eursta,evegro,norfli,gockin,haiwoo,houfin,houwre,osprey,pacwre1,pinsis,pasfly,purfin,purmar,rebsap,rocpig,rufhum,rewbla,sora,sonspa,spotow,swathr,treswa,yerwar,vigswa,warvir,westan,wlswar,wooduc",1,66744054,0.9900000000000091
gurobi,0.4,41,9282,"amekes,annhum,bnhcow,bkhgro,brebla,brncre,bushti,cedwax,coohaw,amecro,dowwoo,eucdov,foxspa,gockin,haiwoo,houwre,macwar,moudov,olsfly,osprey,pacwre1,pilwoo,pasfly,purfin,purmar,rebnut,rebsap,rocpig,rufhum,rewbla,sora,sonspa,spotow,stejay,swathr,treswa,daejun,yerwar,varthr,whcspa,yelwar",1,131245349,1.0699999999999932
gurobi,0.5,41,9282,"amegfi,amekes,baleag,brdowl,belkin1,bewwre,bkhgro,brebla,brncre,batpig1,cedwax,coohaw,comrav,eursta,evegro,norfli,foxspa,gockin,haiwoo,houwre,macwar,moudov,norhar1,olsfly,osprey,pacwre1,pilwoo,purfin,rebnut,rebsap,rocpig,rufhum,savspa,sora,sonspa,swathr,varthr,vigswa,warvir,westan,yelwar",1,214416586,1.0009999999999764
gurobi,0.6,41,9282,"amekes,amerob,annhum,baleag,bewwre,bkhgro,batpig1,bushti,chbchi,cedwax,chispa,coohaw,comrav,eucdov,eursta,evegro,norfli,foxspa,gockin,haiwoo,houwre,hutvir,osprey,pinsis,pasfly,purfin,rebsap,rocpig,rethaw,rewbla,savspa,sora,spotow,stejay,swathr,daejun,yerwar,vigswa,whcspa,westan,wilsni1",1,478959894,0.9609999999999559
gurobi,0.7000000000000001,41,9282,"amegfi,amekes,annhum,baleag,belkin1,bnhcow,bkhgro,brebla,brncre,batpig1,cangoo,chispa,amecro,norfli,foxspa,gockin,haiwoo,houspa,macwar,norhar1,orcwar,olsfly,pasfly,purfin,purmar,rebnut,redcro,rocpig,rewbla,savspa,sora,stejay,swathr,towwar,treswa,daejun,yerwar,warvir,whcspa,westan,wilsni1",1,1164015430,1.2660000000000196
gurobi,0.8,41,9282,"amegfi,amekes,amerob,annhum,belkin1,batpig1,bushti,cedwax,coohaw,comrav,amecro,eucdov,eursta,evegro,foxspa,houfin,houspa,macwar,moudov,norhar1,osprey,pinsis,pilwoo,purmar,rebsap,redcro,rocpig,rufhum,savspa,stejay,swathr,treswa,daejun,yerwar,vigswa,whcspa,westan,wilsni1,wlswar,wooduc,yelwar",1,1824566564,1.3400000000000318
gurobi,0.9,41,9282,"amekes,amerob,annhum,brdowl,belkin1,bnhcow,brncre,batpig1,bushti,chbchi,chispa,coohaw,eucdov,eursta,evegro,norfli,foxspa,gockin,haiwoo,houfin,houwre,macwar,orcwar,olsfly,osprey,pacwre1,pinsis,pilwoo,rebsap,redcro,rocpig,rethaw,rufhum,savspa,stejay,swathr,treswa,whcspa,westan,wilsni1,yelwar",1,3058122912,0.8639999999999759
gurobi,0.1,56,9282,"amegfi,amekes,amerob,annhum,baleag,barswa,brdowl,bewwre,brebla,batpig1,bushti,cangoo,chbchi,cedwax,chispa,amecro,eucdov,eursta,evegro,foxspa,gockin,haiwoo,houfin,houspa,houwre,macwar,moudov,norhar1,orcwar,olsfly,osprey,pacwre1,pinsis,pilwoo,pasfly,purfin,rebnut,redcro,rocpig,rethaw,rufhum,rewbla,savspa,sonspa,spotow,stejay,treswa,daejun,varthr,vigswa,warvir,whcspa,westan,wilsni1,wlswar,yelwar",1,7084257,0.9499999999999886
gurobi,0.2,56,9282,"amegfi,amekes,amerob,annhum,baleag,brdowl,belkin1,bewwre,bnhcow,bkhgro,brebla,brncre,batpig1,bushti,cangoo,chbchi,cedwax,coohaw,comrav,amecro,dowwoo,eucdov,evegro,norfli,foxspa,gockin,haiwoo,houfin,houwre,hutvir,moudov,orcwar,olsfly,osprey,pacwre1,pinsis,pilwoo,purmar,rebnut,rebsap,redcro,rocpig,rewbla,sora,sonspa,stejay,swathr,towwar,treswa,yerwar,vigswa,warvir,whcspa,westan,wilsni1,wlswar",1,28314121,1.0840000000000032
gurobi,0.30000000000000004,56,9282,"amegfi,amekes,annhum,baleag,belkin1,bewwre,bnhcow,bkhgro,brebla,brncre,batpig1,bushti,cangoo,chbchi,coohaw,comrav,amecro,dowwoo,eucdov,eursta,evegro,gockin,houfin,houspa,houwre,hutvir,macwar,norhar1,orcwar,olsfly,osprey,pacwre1,pinsis,pilwoo,pasfly,purmar,rebnut,rebsap,redcro,rufhum,rewbla,savspa,sora,sonspa,stejay,swathr,towwar,treswa,daejun,yerwar,varthr,vigswa,whcspa,westan,wilsni1,wlswar",1,68576019,1.259999999999991
gurobi,0.4,56,9282,"amekes,annhum,brdowl,bewwre,bnhcow,bkhgro,batpig1,bushti,cangoo,chbchi,chispa,coohaw,amecro,dowwoo,eucdov,eursta,evegro,norfli,foxspa,gockin,houfin,houspa,houwre,hutvir,macwar,norhar1,orcwar,pacwre1,pilwoo,pasfly,purfin,purmar,rebnut,rebsap,redcro,rocpig,rethaw,rufhum,rewbla,sora,sonspa,spotow,stejay,swathr,treswa,daejun,yerwar,varthr,vigswa,warvir,whcspa,westan,wilsni1,wlswar,wooduc,yelwar",1,154689420,1.3220000000000027
gurobi,0.5,56,9282,"amegfi,amekes,amerob,baleag,brdowl,belkin1,bnhcow,bkhgro,brebla,brncre,batpig1,bushti,cangoo,chbchi,cedwax,chispa,coohaw,amecro,dowwoo,eucdov,eursta,evegro,norfli,foxspa,gockin,haiwoo,houfin,houspa,macwar,moudov,orcwar,osprey,pacwre1,pinsis,pilwoo,purmar,rebsap,redcro,rethaw,rufhum,rewbla,savspa,sora,sonspa,spotow,stejay,treswa,daejun,yerwar,vigswa,warvir,westan,wilsni1,wlswar,wooduc,yelwar",1,273286022,1.329999999999984
gurobi,0.6,56,9282,"amegfi,amekes,amerob,annhum,baleag,barswa,brdowl,bewwre,bnhcow,bkhgro,brebla,brncre,batpig1,chbchi,cedwax,coohaw,comrav,amecro,dowwoo,eucdov,eursta,evegro,norfli,foxspa,gockin,haiwoo,houfin,houspa,hutvir,macwar,norhar1,orcwar,olsfly,osprey,pacwre1,pilwoo,pasfly,purmar,rebnut,rebsap,redcro,rocpig,rethaw,rufhum,savspa,sonspa,spotow,towwar,varthr,vigswa,warvir,whcspa,westan,wilsni1,wlswar,yelwar",1,611646221,1.2969999999999686
gurobi,0.7000000000000001,56,9282,"amegfi,amekes,amerob,baleag,barswa,brdowl,bewwre,bnhcow,brebla,brncre,batpig1,bushti,cangoo,chbchi,cedwax,chispa,coohaw,comrav,amecro,dowwoo,eucdov,eursta,evegro,foxspa,gockin,haiwoo,houfin,houspa,houwre,hutvir,macwar,moudov,osprey,pacwre1,pinsis,pilwoo,purfin,purmar,rebnut,rebsap,redcro,rocpig,rethaw,rufhum,rewbla,savspa,sora,swathr,towwar,daejun,varthr,vigswa,warvir,westan,wilsni1,wlswar",1,1123912951,1.2350000000000136
gurobi,0.8,56,9282,"amekes,amerob,annhum,baleag,barswa,brdowl,bewwre,bnhcow,brebla,brncre,batpig1,bushti,cangoo,chbchi,cedwax,chispa,comrav,amecro,dowwoo,eucdov,eursta,norfli,foxspa,gockin,haiwoo,houfin,houspa,houwre,hutvir,macwar,moudov,olsfly,osprey,pacwre1,pinsis,pasfly,rebnut,redcro,rocpig,rufhum,rewbla,savspa,sora,sonspa,spotow,stejay,swathr,towwar,treswa,daejun,yerwar,varthr,vigswa,wlswar,wooduc,yelwar",1,1912011530,1.2000000000000455
gurobi,0.9,56,9282,"amegfi,amekes,amerob,annhum,baleag,barswa,brdowl,belkin1,bewwre,bnhcow,bkhgro,brebla,brncre,batpig1,bushti,cangoo,chbchi,cedwax,chispa,coohaw,amecro,dowwoo,eucdov,evegro,norfli,foxspa,gockin,haiwoo,houfin,houspa,hutvir,macwar,norhar1,olsfly,osprey,pacwre1,pinsis,pilwoo,pasfly,purfin,purmar,rebnut,rebsap,redcro,rocpig,rethaw,rufhum,sora,stejay,towwar,treswa,westan,wilsni1,wlswar,wooduc,yelwar",1,3108193815,1.1889999999999645
gurobi,0.1,72,9282,"amegfi,amekes,amerob,annhum,baleag,barswa,brdowl,belkin1,bewwre,bnhcow,bkhgro,brebla,brncre,batpig1,bushti,cangoo,chbchi,cedwax,chispa,coohaw,comrav,amecro,dowwoo,eucdov,eursta,evegro,norfli,foxspa,gockin,haiwoo,houfin,houspa,houwre,hutvir,macwar,moudov,norhar1,orcwar,olsfly,osprey,pacwre1,pinsis,pilwoo,pasfly,purfin,purmar,rebnut,rebsap,redcro,rocpig,rethaw,rufhum,rewbla,savspa,sora,sonspa,spotow,stejay,swathr,towwar,treswa,daejun,yerwar,varthr,vigswa,warvir,whcspa,westan,wilsni1,wlswar,wooduc,yelwar",1,7065472,1.1730000000000018
gurobi,0.2,72,9282,"amegfi,amekes,amerob,annhum,baleag,barswa,brdowl,belkin1,bewwre,bnhcow,bkhgro,brebla,brncre,batpig1,bushti,cangoo,chbchi,cedwax,chispa,coohaw,comrav,amecro,dowwoo,eucdov,eursta,evegro,norfli,foxspa,gockin,haiwoo,houfin,houspa,houwre,hutvir,macwar,moudov,norhar1,orcwar,olsfly,osprey,pacwre1,pinsis,pilwoo,pasfly,purfin,purmar,rebnut,rebsap,redcro,rocpig,rethaw,rufhum,rewbla,savspa,sora,sonspa,spotow,stejay,swathr,towwar,treswa,daejun,yerwar,varthr,vigswa,warvir,whcspa,westan,wilsni1,wlswar,wooduc,yelwar",1,26841807,1.3079999999999927
gurobi,0.30000000000000004,72,9282,"amegfi,amekes,amerob,annhum,baleag,barswa,brdowl,belkin1,bewwre,bnhcow,bkhgro,brebla,brncre,batpig1,bushti,cangoo,chbchi,cedwax,chispa,coohaw,comrav,amecro,dowwoo,eucdov,eursta,evegro,norfli,foxspa,gockin,haiwoo,houfin,houspa,houwre,hutvir,macwar,moudov,norhar1,orcwar,olsfly,osprey,pacwre1,pinsis,pilwoo,pasfly,purfin,purmar,rebnut,rebsap,redcro,rocpig,rethaw,rufhum,rewbla,savspa,sora,sonspa,spotow,stejay,swathr,towwar,treswa,daejun,yerwar,varthr,vigswa,warvir,whcspa,westan,wilsni1,wlswar,wooduc,yelwar",1,72023970,1.5209999999999582
gurobi,0.4,72,9282,"amegfi,amekes,amerob,annhum,baleag,barswa,brdowl,belkin1,bewwre,bnhcow,bkhgro,brebla,brncre,batpig1,bushti,cangoo,chbchi,cedwax,chispa,coohaw,comrav,amecro,dowwoo,eucdov,eursta,evegro,norfli,foxspa,gockin,haiwoo,houfin,houspa,houwre,hutvir,macwar,moudov,norhar1,orcwar,olsfly,osprey,pacwre1,pinsis,pilwoo,pasfly,purfin,purmar,rebnut,rebsap,redcro,rocpig,rethaw,rufhum,rewbla,savspa,sora,sonspa,spotow,stejay,swathr,towwar,treswa,daejun,yerwar,varthr,vigswa,warvir,whcspa,westan,wilsni1,wlswar,wooduc,yelwar",1,158958982,1.6639999999999873
gurobi,0.5,72,9282,"amegfi,amekes,amerob,annhum,baleag,barswa,brdowl,belkin1,bewwre,bnhcow,bkhgro,brebla,brncre,batpig1,bushti,cangoo,chbchi,cedwax,chispa,coohaw,comrav,amecro,dowwoo,eucdov,eursta,evegro,norfli,foxspa,gockin,haiwoo,houfin,houspa,houwre,hutvir,macwar,moudov,norhar1,orcwar,olsfly,osprey,pacwre1,pinsis,pilwoo,pasfly,purfin,purmar,rebnut,rebsap,redcro,rocpig,rethaw,rufhum,rewbla,savspa,sora,sonspa,spotow,stejay,swathr,towwar,treswa,daejun,yerwar,varthr,vigswa,warvir,whcspa,westan,wilsni1,wlswar,wooduc,yelwar",1,283841678,1.3419999999999845
gurobi,0.6,72,9282,"amegfi,amekes,amerob,annhum,baleag,barswa,brdowl,belkin1,bewwre,bnhcow,bkhgro,brebla,brncre,batpig1,bushti,cangoo,chbchi,cedwax,chispa,coohaw,comrav,amecro,dowwoo,eucdov,eursta,evegro,norfli,foxspa,gockin,haiwoo,houfin,houspa,houwre,hutvir,macwar,moudov,norhar1,orcwar,olsfly,osprey,pacwre1,pinsis,pilwoo,pasfly,purfin,purmar,rebnut,rebsap,redcro,rocpig,rethaw,rufhum,rewbla,savspa,sora,sonspa,spotow,stejay,swathr,towwar,treswa,daejun,yerwar,varthr,vigswa,warvir,whcspa,westan,wilsni1,wlswar,wooduc,yelwar",1,624144281,1.650000000000091
gurobi,0.7000000000000001,72,9282,"amegfi,amekes,amerob,annhum,baleag,barswa,brdowl,belkin1,bewwre,bnhcow,bkhgro,brebla,brncre,batpig1,bushti,cangoo,chbchi,cedwax,chispa,coohaw,comrav,amecro,dowwoo,eucdov,eursta,evegro,norfli,foxspa,gockin,haiwoo,houfin,houspa,houwre,hutvir,macwar,moudov,norhar1,orcwar,olsfly,osprey,pacwre1,pinsis,pilwoo,pasfly,purfin,purmar,rebnut,rebsap,redcro,rocpig,rethaw,rufhum,rewbla,savspa,sora,sonspa,spotow,stejay,swathr,towwar,treswa,daejun,yerwar,varthr,vigswa,warvir,whcspa,westan,wilsni1,wlswar,wooduc,yelwar",1,1170497653,2.3530000000000655
gurobi,0.8,72,9282,"amegfi,amekes,amerob,annhum,baleag,barswa,brdowl,belkin1,bewwre,bnhcow,bkhgro,brebla,brncre,batpig1,bushti,cangoo,chbchi,cedwax,chispa,coohaw,comrav,amecro,dowwoo,eucdov,eursta,evegro,norfli,foxspa,gockin,haiwoo,houfin,houspa,houwre,hutvir,macwar,moudov,norhar1,orcwar,olsfly,osprey,pacwre1,pinsis,pilwoo,pasfly,purfin,purmar,rebnut,rebsap,redcro,rocpig,rethaw,rufhum,rewbla,savspa,sora,sonspa,spotow,stejay,swathr,towwar,treswa,daejun,yerwar,varthr,vigswa,warvir,whcspa,westan,wilsni1,wlswar,wooduc,yelwar",1,1990493516,1.5349999999999682
gurobi,0.9,72,9282,"amegfi,amekes,amerob,annhum,baleag,barswa,brdowl,belkin1,bewwre,bnhcow,bkhgro,brebla,brncre,batpig1,bushti,cangoo,chbchi,cedwax,chispa,coohaw,comrav,amecro,dowwoo,eucdov,eursta,evegro,norfli,foxspa,gockin,haiwoo,houfin,houspa,houwre,hutvir,macwar,moudov,norhar1,orcwar,olsfly,osprey,pacwre1,pinsis,pilwoo,pasfly,purfin,purmar,rebnut,rebsap,redcro,rocpig,rethaw,rufhum,rewbla,savspa,sora,sonspa,spotow,stejay,swathr,towwar,treswa,daejun,yerwar,varthr,vigswa,warvir,whcspa,westan,wilsni1,wlswar,wooduc,yelwar",1,3109564990,1.1960000000000264
gurobi,0.1,10,37128,"amerob,cangoo,chispa,gockin,haiwoo,hutvir,osprey,pasfly,rebsap,rufhum",1,14590640,2.15300000000002
gurobi,0.2,10,37128,"amerob,annhum,brdowl,bnhcow,foxspa,gockin,haiwoo,houspa,moudov,pasfly",1,110306749,2.183999999999969
gurobi,0.30000000000000004,10,37128,"amegfi,bnhcow,eursta,macwar,orcwar,pacwre1,yerwar,varthr,wlswar,yelwar",1,118451321,2.189999999999941
gurobi,0.4,10,37128,"brdowl,bewwre,chbchi,eucdov,macwar,pilwoo,rebnut,rethaw,sonspa,wlswar",1,178063677,1.5229999999999109
gurobi,0.5,10,37128,"annhum,bkhgro,chbchi,chispa,gockin,orcwar,rewbla,sora,yerwar,varthr",1,991946828,1.51299999999992
gurobi,0.6,10,37128,"amegfi,barswa,houspa,pilwoo,pasfly,purmar,rufhum,sora,sonspa,towwar",1,2447148096,1.1789999999999736
gurobi,0.7000000000000001,10,37128,"amerob,brdowl,bushti,chispa,norfli,gockin,macwar,pilwoo,rethaw,wilsni1",1,3503516683,1.766999999999939
gurobi,0.8,10,37128,"bnhcow,brebla,eursta,osprey,pinsis,rebnut,rocpig,spotow,swathr,wlswar",1,6458883111,1.240000000000009
gurobi,0.9,10,37128,"amerob,batpig1,cedwax,dowwoo,gockin,houwre,osprey,pinsis,stejay,yerwar",1,6591548094,1.07000000000005
gurobi,0.1,26,37128,"barswa,brdowl,bushti,chbchi,cedwax,chispa,coohaw,eucdov,eursta,evegro,gockin,houwre,hutvir,olsfly,osprey,pilwoo,purfin,rebnut,rocpig,rufhum,swathr,treswa,daejun,warvir,wlswar,wooduc",1,18508343,4.59699999999998
gurobi,0.2,26,37128,"amegfi,bnhcow,brebla,brncre,bushti,cangoo,chbchi,chispa,coohaw,comrav,dowwoo,norfli,foxspa,houfin,moudov,orcwar,osprey,rebnut,rebsap,rethaw,rewbla,sora,towwar,treswa,yerwar,wilsni1",1,72125280,3.79099999999994
gurobi,0.30000000000000004,26,37128,"amekes,amerob,baleag,bewwre,chbchi,cedwax,coohaw,evegro,haiwoo,houspa,orcwar,olsfly,pacwre1,pasfly,redcro,rethaw,rewbla,savspa,spotow,towwar,treswa,yerwar,vigswa,westan,wooduc,yelwar",1,229612638,3.796000000000049
gurobi,0.4,26,37128,"amerob,annhum,baleag,barswa,brebla,bushti,amecro,eucdov,foxspa,gockin,houfin,olsfly,osprey,pacwre1,pinsis,pilwoo,rebsap,rocpig,sora,sonspa,stejay,swathr,treswa,yerwar,vigswa,wooduc",1,556377443,3.2129999999999654
gurobi,0.5,26,37128,"amegfi,amekes,amerob,annhum,baleag,brdowl,bkhgro,brncre,bushti,cedwax,foxspa,gockin,haiwoo,houwre,pilwoo,purmar,rebnut,rewbla,savspa,sora,spotow,towwar,daejun,warvir,westan,wilsni1",1,964712971,3.7329999999999472
gurobi,0.6,26,37128,"amegfi,annhum,barswa,bnhcow,brebla,bushti,amecro,eucdov,norfli,gockin,haiwoo,houfin,houwre,norhar1,pacwre1,pinsis,pilwoo,rebnut,redcro,rewbla,sora,sonspa,stejay,varthr,vigswa,wooduc",1,1845772924,3.7590000000000146
gurobi,0.7000000000000001,26,37128,"amerob,annhum,baleag,belkin1,bnhcow,bushti,cangoo,cedwax,coohaw,amecro,evegro,foxspa,gockin,haiwoo,houfin,houspa,moudov,orcwar,pasfly,purfin,purmar,rethaw,rewbla,stejay,westan,yelwar",1,4603154127,3.0670000000000073
gurobi,0.8,26,37128,"amegfi,bnhcow,brncre,batpig1,cangoo,chbchi,comrav,amecro,dowwoo,eursta,evegro,norfli,houspa,moudov,osprey,purfin,purmar,rebnut,rebsap,redcro,rewbla,savspa,stejay,treswa,vigswa,westan",1,7511983239,2.9739999999999327
gurobi,0.9,26,37128,"annhum,baleag,belkin1,bnhcow,bkhgro,brebla,batpig1,bushti,chbchi,cedwax,dowwoo,norfli,houspa,macwar,moudov,orcwar,pilwoo,pasfly,rocpig,rethaw,sonspa,swathr,westan,wlswar,wooduc,yelwar",1,12041278188,2.9020000000000437
gurobi,0.1,41,37128,"amegfi,amekes,amerob,baleag,brdowl,belkin1,bnhcow,bkhgro,brncre,batpig1,bushti,coohaw,dowwoo,evegro,houfin,hutvir,macwar,norhar1,orcwar,olsfly,osprey,pacwre1,pinsis,pilwoo,pasfly,purmar,rebsap,redcro,rocpig,rethaw,rufhum,rewbla,sora,sonspa,spotow,treswa,varthr,vigswa,warvir,whcspa,westan",1,20869079,4.842999999999961
gurobi,0.2,41,37128,"amegfi,baleag,barswa,brdowl,bewwre,brebla,brncre,bushti,cangoo,cedwax,chispa,coohaw,comrav,amecro,dowwoo,norfli,foxspa,gockin,houfin,houspa,houwre,hutvir,macwar,norhar1,olsfly,osprey,pacwre1,pinsis,pasfly,purfin,rufhum,rewbla,sora,stejay,yerwar,varthr,vigswa,westan,wlswar,wooduc,yelwar",1,89130304,5.301000000000045
gurobi,0.30000000000000004,41,37128,"amekes,amerob,annhum,baleag,brdowl,belkin1,bewwre,brebla,brncre,batpig1,chbchi,coohaw,comrav,amecro,eucdov,norfli,foxspa,gockin,houspa,macwar,norhar1,orcwar,olsfly,pacwre1,pinsis,pilwoo,purmar,rebnut,rebsap,redcro,rewbla,savspa,sora,sonspa,spotow,stejay,swathr,daejun,yerwar,wilsni1,wlswar",1,275268540,5.06899999999996
gurobi,0.4,41,37128,"amegfi,amerob,annhum,baleag,barswa,belkin1,bkhgro,brebla,brncre,batpig1,cangoo,chbchi,coohaw,amecro,haiwoo,houfin,hutvir,macwar,norhar1,orcwar,olsfly,osprey,pacwre1,pinsis,pilwoo,pasfly,purfin,rebsap,redcro,rocpig,rufhum,savspa,stejay,swathr,towwar,varthr,vigswa,whcspa,westan,wooduc,yelwar",1,561706736,3.882000000000062
gurobi,0.5,41,37128,"amegfi,amerob,annhum,bewwre,bkhgro,brncre,cedwax,coohaw,amecro,eucdov,eursta,evegro,norfli,foxspa,haiwoo,houfin,houwre,hutvir,norhar1,orcwar,olsfly,pacwre1,pinsis,pilwoo,purfin,redcro,rocpig,rufhum,rewbla,savspa,sora,sonspa,spotow,swathr,towwar,daejun,yerwar,varthr,vigswa,whcspa,wilsni1",1,1081511706,5.334999999999923
gurobi,0.6,41,37128,"annhum,baleag,barswa,brdowl,belkin1,bewwre,bnhcow,bkhgro,brncre,batpig1,cangoo,chbchi,amecro,eucdov,eursta,evegro,norfli,foxspa,gockin,haiwoo,houfin,houwre,hutvir,moudov,norhar1,pacwre1,pinsis,pasfly,purfin,purmar,rebnut,rocpig,savspa,sonspa,spotow,swathr,towwar,daejun,varthr,whcspa,yelwar",1,2014980104,4.844999999999914
gurobi,0.7000000000000001,41,37128,"amegfi,annhum,belkin1,bewwre,bnhcow,bkhgro,chbchi,cedwax,coohaw,comrav,eucdov,norfli,foxspa,gockin,haiwoo,houfin,houspa,houwre,norhar1,olsfly,osprey,pacwre1,pilwoo,purfin,rebnut,rebsap,redcro,rocpig,rethaw,savspa,sora,stejay,swathr,towwar,treswa,daejun,yerwar,vigswa,wilsni1,wlswar,yelwar",1,4516064443,3.75
gurobi,0.8,41,37128,"amegfi,amekes,brdowl,belkin1,bewwre,bnhcow,bkhgro,brebla,brncre,bushti,cangoo,cedwax,coohaw,dowwoo,eucdov,evegro,norfli,haiwoo,houspa,norhar1,olsfly,osprey,pacwre1,pilwoo,pasfly,rebnut,rebsap,redcro,rocpig,rethaw,rewbla,sora,sonspa,spotow,stejay,treswa,daejun,varthr,vigswa,warvir,wlswar",1,7519920725,4.44399999999996
gurobi,0.9,41,37128,"amekes,amerob,annhum,brdowl,belkin1,bewwre,bnhcow,brebla,batpig1,chbchi,coohaw,comrav,amecro,eucdov,evegro,foxspa,gockin,haiwoo,houspa,hutvir,macwar,orcwar,olsfly,pacwre1,pinsis,pasfly,rebsap,redcro,rethaw,rufhum,sora,sonspa,stejay,swathr,treswa,daejun,varthr,vigswa,warvir,wlswar,yelwar",1,11913008776,3.8980000000000246
gurobi,0.1,56,37128,"amegfi,amekes,amerob,baleag,barswa,brdowl,bnhcow,batpig1,bushti,cangoo,chbchi,cedwax,chispa,coohaw,comrav,amecro,dowwoo,eucdov,eursta,norfli,foxspa,gockin,houfin,houwre,hutvir,moudov,norhar1,olsfly,pacwre1,pinsis,pilwoo,pasfly,purfin,purmar,rebnut,redcro,rocpig,rethaw,rufhum,savspa,sora,sonspa,spotow,stejay,towwar,treswa,daejun,yerwar,varthr,vigswa,warvir,whcspa,wilsni1,wlswar,wooduc,yelwar",1,21216264,6.779999999999973
gurobi,0.2,56,37128,"amegfi,amekes,amerob,baleag,barswa,brdowl,belkin1,bewwre,bnhcow,bkhgro,brebla,brncre,cangoo,cedwax,comrav,amecro,eucdov,eursta,evegro,norfli,foxspa,gockin,haiwoo,houfin,houwre,hutvir,macwar,moudov,norhar1,orcwar,olsfly,osprey,pinsis,pilwoo,pasfly,purmar,rebnut,rebsap,redcro,rethaw,rufhum,rewbla,sora,sonspa,spotow,stejay,swathr,towwar,treswa,daejun,yerwar,varthr,vigswa,westan,wlswar,wooduc",1,74087271,6.8980000000000246
gurobi,0.30000000000000004,56,37128,"amegfi,amekes,amerob,annhum,baleag,barswa,brdowl,belkin1,bewwre,bnhcow,bkhgro,brebla,brncre,batpig1,cangoo,cedwax,chispa,coohaw,dowwoo,eucdov,evegro,foxspa,gockin,haiwoo,houfin,houspa,hutvir,macwar,moudov,norhar1,orcwar,olsfly,osprey,pinsis,pilwoo,pasfly,rebsap,rocpig,rethaw,rufhum,rewbla,sora,sonspa,spotow,swathr,towwar,daejun,varthr,vigswa,warvir,whcspa,westan,wilsni1,wlswar,wooduc,yelwar",1,267516489,6.534999999999968
gurobi,0.4,56,37128,"amerob,annhum,baleag,barswa,belkin1,bnhcow,bkhgro,batpig1,bushti,cangoo,cedwax,chispa,coohaw,amecro,eursta,evegro,norfli,foxspa,haiwoo,houwre,hutvir,macwar,moudov,norhar1,orcwar,osprey,pacwre1,pinsis,pilwoo,pasfly,purfin,purmar,rebnut,rebsap,redcro,rocpig,rufhum,rewbla,savspa,sora,sonspa,spotow,stejay,swathr,towwar,treswa,daejun,yerwar,varthr,vigswa,warvir,westan,wilsni1,wlswar,wooduc,yelwar",1,547361618,6.649000000000001
gurobi,0.5,56,37128,"amegfi,amerob,annhum,baleag,barswa,bewwre,bnhcow,bkhgro,brebla,brncre,batpig1,bushti,cangoo,coohaw,comrav,dowwoo,eucdov,eursta,evegro,foxspa,gockin,haiwoo,houfin,houspa,houwre,hutvir,macwar,moudov,norhar1,olsfly,pacwre1,pinsis,pilwoo,pasfly,purfin,purmar,rebnut,rebsap,redcro,rethaw,rewbla,savspa,sora,sonspa,spotow,stejay,swathr,treswa,daejun,yerwar,whcspa,westan,wilsni1,wlswar,wooduc,yelwar",1,1282858907,6.471000000000004
gurobi,0.6,56,37128,"amegfi,amekes,annhum,baleag,barswa,bewwre,bnhcow,bkhgro,brncre,batpig1,bushti,chbchi,cedwax,chispa,comrav,amecro,dowwoo,eucdov,eursta,evegro,norfli,gockin,haiwoo,houfin,houspa,houwre,hutvir,macwar,norhar1,orcwar,olsfly,pacwre1,pinsis,pilwoo,pasfly,purmar,rebnut,rebsap,redcro,rocpig,rethaw,rufhum,rewbla,savspa,sonspa,spotow,stejay,treswa,daejun,yerwar,varthr,vigswa,warvir,whcspa,westan,wlswar",1,2522160507,6.540000000000077
gurobi,0.7000000000000001,56,37128,"amegfi,amekes,amerob,annhum,baleag,brdowl,belkin1,bewwre,bnhcow,bkhgro,brebla,brncre,batpig1,bushti,cangoo,chbchi,cedwax,chispa,coohaw,comrav,amecro,dowwoo,eucdov,eursta,gockin,haiwoo,houspa,houwre,hutvir,macwar,moudov,norhar1,olsfly,pacwre1,pinsis,pilwoo,pasfly,purfin,purmar,rebnut,rethaw,rewbla,savspa,sora,sonspa,swathr,towwar,treswa,yerwar,varthr,vigswa,warvir,westan,wilsni1,wlswar,yelwar",1,4571103410,6.1720000000000255
gurobi,0.8,56,37128,"amegfi,amekes,amerob,annhum,baleag,brdowl,belkin1,bnhcow,brebla,bushti,chbchi,cedwax,chispa,coohaw,comrav,amecro,dowwoo,eucdov,eursta,evegro,gockin,haiwoo,houwre,hutvir,macwar,moudov,norhar1,orcwar,olsfly,osprey,pacwre1,purfin,purmar,rebsap,rocpig,rethaw,rufhum,rewbla,savspa,sora,sonspa,spotow,stejay,swathr,towwar,treswa,daejun,yerwar,varthr,vigswa,warvir,westan,wilsni1,wlswar,wooduc,yelwar",1,7201063430,4.793999999999869
gurobi,0.9,56,37128,"amegfi,amekes,amerob,annhum,bewwre,bnhcow,bkhgro,brebla,brncre,batpig1,bushti,chbchi,cedwax,coohaw,comrav,amecro,dowwoo,eucdov,eursta,evegro,norfli,foxspa,gockin,houspa,hutvir,macwar,moudov,norhar1,orcwar,osprey,pacwre1,pinsis,pilwoo,pasfly,purmar,rebsap,redcro,rocpig,rethaw,rufhum,rewbla,savspa,sora,sonspa,spotow,swathr,towwar,daejun,yerwar,varthr,warvir,whcspa,westan,wilsni1,wlswar,yelwar",1,12093854845,9.320000000000164
gurobi,0.1,72,37128,"amegfi,amekes,amerob,annhum,baleag,barswa,brdowl,belkin1,bewwre,bnhcow,bkhgro,brebla,brncre,batpig1,bushti,cangoo,chbchi,cedwax,chispa,coohaw,comrav,amecro,dowwoo,eucdov,eursta,evegro,norfli,foxspa,gockin,haiwoo,houfin,houspa,houwre,hutvir,macwar,moudov,norhar1,orcwar,olsfly,osprey,pacwre1,pinsis,pilwoo,pasfly,purfin,purmar,rebnut,rebsap,redcro,rocpig,rethaw,rufhum,rewbla,savspa,sora,sonspa,spotow,stejay,swathr,towwar,treswa,daejun,yerwar,varthr,vigswa,warvir,whcspa,westan,wilsni1,wlswar,wooduc,yelwar",1,29478169,7.581000000000131
gurobi,0.2,72,37128,"amegfi,amekes,amerob,annhum,baleag,barswa,brdowl,belkin1,bewwre,bnhcow,bkhgro,brebla,brncre,batpig1,bushti,cangoo,chbchi,cedwax,chispa,coohaw,comrav,amecro,dowwoo,eucdov,eursta,evegro,norfli,foxspa,gockin,haiwoo,houfin,houspa,houwre,hutvir,macwar,moudov,norhar1,orcwar,olsfly,osprey,pacwre1,pinsis,pilwoo,pasfly,purfin,purmar,rebnut,rebsap,redcro,rocpig,rethaw,rufhum,rewbla,savspa,sora,sonspa,spotow,stejay,swathr,towwar,treswa,daejun,yerwar,varthr,vigswa,warvir,whcspa,westan,wilsni1,wlswar,wooduc,yelwar",1,111640641,8.71699999999987
gurobi,0.30000000000000004,72,37128,"amegfi,amekes,amerob,annhum,baleag,barswa,brdowl,belkin1,bewwre,bnhcow,bkhgro,brebla,brncre,batpig1,bushti,cangoo,chbchi,cedwax,chispa,coohaw,comrav,amecro,dowwoo,eucdov,eursta,evegro,norfli,foxspa,gockin,haiwoo,houfin,houspa,houwre,hutvir,macwar,moudov,norhar1,orcwar,olsfly,osprey,pacwre1,pinsis,pilwoo,pasfly,purfin,purmar,rebnut,rebsap,redcro,rocpig,rethaw,rufhum,rewbla,savspa,sora,sonspa,spotow,stejay,swathr,towwar,treswa,daejun,yerwar,varthr,vigswa,warvir,whcspa,westan,wilsni1,wlswar,wooduc,yelwar",1,281039416,8.46699999999987
gurobi,0.4,72,37128,"amegfi,amekes,amerob,annhum,baleag,barswa,brdowl,belkin1,bewwre,bnhcow,bkhgro,brebla,brncre,batpig1,bushti,cangoo,chbchi,cedwax,chispa,coohaw,comrav,amecro,dowwoo,eucdov,eursta,evegro,norfli,foxspa,gockin,haiwoo,houfin,houspa,houwre,hutvir,macwar,moudov,norhar1,orcwar,olsfly,osprey,pacwre1,pinsis,pilwoo,pasfly,purfin,purmar,rebnut,rebsap,redcro,rocpig,rethaw,rufhum,rewbla,savspa,sora,sonspa,spotow,stejay,swathr,towwar,treswa,daejun,yerwar,varthr,vigswa,warvir,whcspa,westan,wilsni1,wlswar,wooduc,yelwar",1,619749927,8.399000000000115
gurobi,0.5,72,37128,"amegfi,amekes,amerob,annhum,baleag,barswa,brdowl,belkin1,bewwre,bnhcow,bkhgro,brebla,brncre,batpig1,bushti,cangoo,chbchi,cedwax,chispa,coohaw,comrav,amecro,dowwoo,eucdov,eursta,evegro,norfli,foxspa,gockin,haiwoo,houfin,houspa,houwre,hutvir,macwar,moudov,norhar1,orcwar,olsfly,osprey,pacwre1,pinsis,pilwoo,pasfly,purfin,purmar,rebnut,rebsap,redcro,rocpig,rethaw,rufhum,rewbla,savspa,sora,sonspa,spotow,stejay,swathr,towwar,treswa,daejun,yerwar,varthr,vigswa,warvir,whcspa,westan,wilsni1,wlswar,wooduc,yelwar",1,1227540408,8.327999999999975
gurobi,0.6,72,37128,"amegfi,amekes,amerob,annhum,baleag,barswa,brdowl,belkin1,bewwre,bnhcow,bkhgro,brebla,brncre,batpig1,bushti,cangoo,chbchi,cedwax,chispa,coohaw,comrav,amecro,dowwoo,eucdov,eursta,evegro,norfli,foxspa,gockin,haiwoo,houfin,houspa,houwre,hutvir,macwar,moudov,norhar1,orcwar,olsfly,osprey,pacwre1,pinsis,pilwoo,pasfly,purfin,purmar,rebnut,rebsap,redcro,rocpig,rethaw,rufhum,rewbla,savspa,sora,sonspa,spotow,stejay,swathr,towwar,treswa,daejun,yerwar,varthr,vigswa,warvir,whcspa,westan,wilsni1,wlswar,wooduc,yelwar",1,2510416667,8.115000000000009
gurobi,0.7000000000000001,72,37128,"amegfi,amekes,amerob,annhum,baleag,barswa,brdowl,belkin1,bewwre,bnhcow,bkhgro,brebla,brncre,batpig1,bushti,cangoo,chbchi,cedwax,chispa,coohaw,comrav,amecro,dowwoo,eucdov,eursta,evegro,norfli,foxspa,gockin,haiwoo,houfin,houspa,houwre,hutvir,macwar,moudov,norhar1,orcwar,olsfly,osprey,pacwre1,pinsis,pilwoo,pasfly,purfin,purmar,rebnut,rebsap,redcro,rocpig,rethaw,rufhum,rewbla,savspa,sora,sonspa,spotow,stejay,swathr,towwar,treswa,daejun,yerwar,varthr,vigswa,warvir,whcspa,westan,wilsni1,wlswar,wooduc,yelwar",1,4662661275,7.701000000000022
gurobi,0.8,72,37128,"amegfi,amekes,amerob,annhum,baleag,barswa,brdowl,belkin1,bewwre,bnhcow,bkhgro,brebla,brncre,batpig1,bushti,cangoo,chbchi,cedwax,chispa,coohaw,comrav,amecro,dowwoo,eucdov,eursta,evegro,norfli,foxspa,gockin,haiwoo,houfin,houspa,houwre,hutvir,macwar,moudov,norhar1,orcwar,olsfly,osprey,pacwre1,pinsis,pilwoo,pasfly,purfin,purmar,rebnut,rebsap,redcro,rocpig,rethaw,rufhum,rewbla,savspa,sora,sonspa,spotow,stejay,swathr,towwar,treswa,daejun,yerwar,varthr,vigswa,warvir,whcspa,westan,wilsni1,wlswar,wooduc,yelwar",1,7402169112,6.188999999999851
gurobi,0.9,72,37128,"amegfi,amekes,amerob,annhum,baleag,barswa,brdowl,belkin1,bewwre,bnhcow,bkhgro,brebla,brncre,batpig1,bushti,cangoo,chbchi,cedwax,chispa,coohaw,comrav,amecro,dowwoo,eucdov,eursta,evegro,norfli,foxspa,gockin,haiwoo,houfin,houspa,houwre,hutvir,macwar,moudov,norhar1,orcwar,olsfly,osprey,pacwre1,pinsis,pilwoo,pasfly,purfin,purmar,rebnut,rebsap,redcro,rocpig,rethaw,rufhum,rewbla,savspa,sora,sonspa,spotow,stejay,swathr,towwar,treswa,daejun,yerwar,varthr,vigswa,warvir,whcspa,westan,wilsni1,wlswar,wooduc,yelwar",1,11982444718,5.888000000000147
gurobi,0.1,10,148510,"annhum,bkhgro,comrav,olsfly,osprey,purfin,rebsap,sora,treswa,wlswar",1,109830307,7.107000000000198
gurobi,0.2,10,148510,"bewwre,batpig1,chbchi,foxspa,gockin,houwre,rufhum,stejay,swathr,yerwar",1,186934887,4.856999999999971
gurobi,0.30000000000000004,10,148510,"amerob,bewwre,brncre,chbchi,norfli,houwre,olsfly,sora,spotow,yerwar",1,389039675,5.25
gurobi,0.4,10,148510,"comrav,amecro,eucdov,haiwoo,norhar1,rewbla,sonspa,swathr,daejun,yelwar",1,1314638467,6.680000000000064
gurobi,0.5,10,148510,"belkin1,eursta,evegro,moudov,pasfly,redcro,savspa,warvir,whcspa,wilsni1",1,2144686439,5.177000000000135
gurobi,0.6,10,148510,"amegfi,belkin1,bnhcow,batpig1,bushti,dowwoo,hutvir,macwar,purfin,yelwar",1,6705081126,5.189000000000078
gurobi,0.7000000000000001,10,148510,"belkin1,batpig1,coohaw,eucdov,norfli,haiwoo,rocpig,rufhum,savspa,sonspa",1,13968908128,5.009999999999991
gurobi,0.8,10,148510,"amerob,baleag,brncre,eursta,houwre,macwar,osprey,rebnut,daejun,wilsni1",1,17831732947,4.779999999999973
gurobi,0.9,10,148510,"barswa,bkhgro,bushti,amecro,dowwoo,macwar,osprey,redcro,swathr,yelwar",1,43483532204,5.567000000000007
gurobi,0.1,26,148510,"brdowl,belkin1,bewwre,bkhgro,brncre,cedwax,amecro,eucdov,eursta,gockin,houspa,houwre,hutvir,moudov,norhar1,pacwre1,pasfly,rufhum,sora,sonspa,stejay,swathr,daejun,warvir,wilsni1,wlswar",1,93040867,15.624000000000024
gurobi,0.2,26,148510,"amegfi,amekes,annhum,baleag,barswa,chbchi,coohaw,comrav,amecro,eursta,evegro,foxspa,haiwoo,osprey,pacwre1,pasfly,purfin,rebnut,redcro,rufhum,sonspa,spotow,treswa,yerwar,varthr,wilsni1",1,414820787,15.990999999999985
gurobi,0.30000000000000004,26,148510,"amegfi,amekes,brdowl,bewwre,brebla,brncre,bushti,chbchi,coohaw,amecro,foxspa,houfin,orcwar,osprey,pacwre1,pilwoo,purfin,purmar,rocpig,rewbla,savspa,sora,spotow,swathr,treswa,vigswa",1,756580111,16.782999999999902
gurobi,0.4,26,148510,"amegfi,amekes,baleag,barswa,belkin1,bnhcow,brncre,batpig1,bushti,chbchi,chispa,comrav,eucdov,hutvir,orcwar,olsfly,purmar,rocpig,rethaw,savspa,sonspa,spotow,stejay,towwar,yerwar,vigswa",1,1627416405,17.182999999999993
gurobi,0.5,26,148510,"amekes,baleag,belkin1,bkhgro,amecro,dowwoo,eucdov,norfli,houwre,hutvir,osprey,purfin,rebnut,rebsap,redcro,rewbla,sonspa,spotow,swathr,towwar,treswa,yerwar,warvir,whcspa,wilsni1,wooduc",1,2575548792,13.570999999999913
gurobi,0.6,26,148510,"amekes,amerob,bewwre,bkhgro,bushti,cangoo,cedwax,comrav,amecro,dowwoo,eursta,gockin,hutvir,macwar,olsfly,osprey,pacwre1,pasfly,purmar,rethaw,rewbla,stejay,treswa,daejun,warvir,wlswar",1,6881754582,16.513999999999896
gurobi,0.7000000000000001,26,148510,"amekes,barswa,brdowl,belkin1,bewwre,bkhgro,brncre,chbchi,amecro,haiwoo,hutvir,orcwar,osprey,pasfly,purfin,rebsap,redcro,rethaw,rewbla,sonspa,swathr,treswa,varthr,westan,wilsni1,wooduc",1,8973040037,12.756999999999834
gurobi,0.8,26,148510,"amekes,annhum,baleag,bnhcow,brebla,chbchi,amecro,dowwoo,foxspa,houfin,houwre,macwar,moudov,norhar1,orcwar,olsfly,pasfly,purfin,rebnut,rocpig,rethaw,savspa,sora,towwar,varthr,wilsni1",1,27631417183,12.461999999999989
gurobi,0.9,26,148510,"amekes,annhum,barswa,brdowl,belkin1,bewwre,bnhcow,brebla,bushti,chbchi,cedwax,chispa,dowwoo,evegro,houwre,orcwar,olsfly,purfin,rufhum,spotow,daejun,yerwar,varthr,whcspa,westan,wooduc",1,43465725568,11.970000000000027
gurobi,0.1,41,148510,"amegfi,amekes,annhum,baleag,brdowl,bewwre,bkhgro,batpig1,cedwax,coohaw,dowwoo,eursta,evegro,norfli,foxspa,gockin,houspa,houwre,hutvir,norhar1,olsfly,osprey,pinsis,pilwoo,purfin,rebnut,rocpig,rethaw,rufhum,rewbla,savspa,sonspa,stejay,treswa,daejun,varthr,vigswa,warvir,whcspa,wilsni1,yelwar",1,115180464,35.763999999999896
gurobi,0.2,41,148510,"amerob,annhum,baleag,barswa,brdowl,bewwre,bnhcow,bkhgro,brebla,brncre,bushti,chbchi,coohaw,eucdov,evegro,norfli,foxspa,haiwoo,houfin,houwre,hutvir,macwar,moudov,orcwar,olsfly,osprey,purfin,rebsap,redcro,rethaw,savspa,sonspa,spotow,swathr,towwar,treswa,varthr,vigswa,whcspa,westan,yelwar",1,415968044,21.70399999999995
gurobi,0.30000000000000004,41,148510,"amegfi,amerob,annhum,barswa,brdowl,belkin1,bewwre,bnhcow,brebla,brncre,cangoo,chbchi,chispa,amecro,dowwoo,eucdov,eursta,evegro,houfin,houwre,macwar,moudov,norhar1,orcwar,olsfly,osprey,pinsis,pilwoo,purmar,rebnut,redcro,rethaw,sora,sonspa,daejun,yerwar,vigswa,warvir,whcspa,westan,yelwar",1,1018985236,22.83400000000006
gurobi,0.4,41,148510,"annhum,bnhcow,brebla,brncre,chbchi,cedwax,chispa,coohaw,comrav,amecro,dowwoo,eucdov,eursta,evegro,norfli,foxspa,gockin,haiwoo,houfin,houspa,houwre,hutvir,orcwar,olsfly,osprey,pilwoo,pasfly,purmar,rocpig,rethaw,rewbla,sonspa,stejay,treswa,daejun,yerwar,warvir,whcspa,westan,wilsni1,wooduc",1,2431169754,23.684999999999945
gurobi,0.5,41,148510,"amegfi,annhum,barswa,brdowl,bewwre,bnhcow,bkhgro,brebla,batpig1,cedwax,chispa,coohaw,comrav,dowwoo,eursta,evegro,norfli,gockin,haiwoo,houspa,hutvir,moudov,norhar1,orcwar,osprey,pacwre1,pasfly,rebsap,savspa,sonspa,spotow,stejay,swathr,towwar,daejun,varthr,whcspa,westan,wlswar,wooduc,yelwar",1,4912067047,17.241999999999962
gurobi,0.6,41,148510,"amekes,annhum,barswa,brdowl,bewwre,bnhcow,bushti,cangoo,comrav,amecro,dowwoo,eucdov,eursta,evegro,foxspa,gockin,haiwoo,houwre,hutvir,osprey,pacwre1,pinsis,pilwoo,pasfly,purfin,purmar,rebnut,rebsap,rocpig,rethaw,rewbla,sora,sonspa,spotow,stejay,varthr,vigswa,warvir,whcspa,wilsni1,wlswar",1,8299989315,23.128999999999905
gurobi,0.7000000000000001,41,148510,"amegfi,baleag,barswa,brdowl,belkin1,bnhcow,bkhgro,brncre,batpig1,bushti,chbchi,chispa,coohaw,comrav,amecro,norfli,gockin,haiwoo,houfin,houspa,macwar,moudov,norhar1,orcwar,olsfly,osprey,pinsis,purfin,rebsap,redcro,rewbla,savspa,spotow,swathr,towwar,yerwar,whcspa,westan,wilsni1,wooduc,yelwar",1,17974735604,22.120999999999867
gurobi,0.8,41,148510,"amegfi,amekes,amerob,baleag,barswa,brdowl,belkin1,bewwre,bnhcow,bkhgro,brncre,bushti,cangoo,chbchi,dowwoo,eursta,evegro,gockin,houspa,houwre,hutvir,norhar1,olsfly,osprey,pasfly,rebnut,redcro,rocpig,rufhum,rewbla,savspa,sonspa,spotow,stejay,swathr,yerwar,vigswa,whcspa,westan,wlswar,wooduc",1,29877464058,21.39800000000014
gurobi,0.9,41,148510,"amegfi,baleag,brdowl,belkin1,bnhcow,bkhgro,brncre,batpig1,bushti,cangoo,chbchi,chispa,coohaw,comrav,amecro,evegro,foxspa,houwre,macwar,moudov,norhar1,orcwar,olsfly,osprey,pacwre1,pinsis,pasfly,purfin,purmar,rethaw,rufhum,rewbla,sora,stejay,towwar,yerwar,warvir,westan,wlswar,wooduc,yelwar",1,42945623013,16.817999999999984
gurobi,0.1,56,148510,"amegfi,amekes,amerob,barswa,brdowl,belkin1,bewwre,bnhcow,bkhgro,brebla,batpig1,bushti,cangoo,chbchi,cedwax,chispa,coohaw,eucdov,eursta,evegro,norfli,houfin,houspa,macwar,moudov,norhar1,orcwar,olsfly,osprey,pacwre1,pinsis,pasfly,purfin,rebnut,rebsap,rocpig,rethaw,rufhum,rewbla,savspa,sora,sonspa,spotow,stejay,swathr,towwar,treswa,daejun,yerwar,vigswa,warvir,whcspa,westan,wilsni1,wooduc,yelwar",1,94463860,30.009000000000015
gurobi,0.2,56,148510,"amegfi,amekes,amerob,annhum,baleag,barswa,brdowl,bnhcow,bkhgro,brebla,brncre,batpig1,chbchi,chispa,comrav,amecro,eucdov,eursta,evegro,norfli,gockin,haiwoo,houspa,houwre,hutvir,moudov,norhar1,olsfly,pacwre1,pinsis,pilwoo,pasfly,purfin,purmar,rebnut,rebsap,redcro,rocpig,rethaw,rufhum,savspa,sora,sonspa,spotow,stejay,swathr,towwar,treswa,daejun,vigswa,warvir,whcspa,westan,wilsni1,wlswar,wooduc",1,435849809,30.452000000000226
gurobi,0.30000000000000004,56,148510,"amegfi,amekes,amerob,annhum,baleag,brdowl,belkin1,bkhgro,brebla,brncre,batpig1,bushti,cangoo,chbchi,cedwax,coohaw,comrav,amecro,dowwoo,eucdov,eursta,evegro,norfli,houfin,houwre,hutvir,macwar,norhar1,orcwar,olsfly,osprey,pacwre1,pinsis,pilwoo,purfin,purmar,rebnut,rebsap,redcro,rocpig,rufhum,rewbla,savspa,sora,sonspa,stejay,swathr,daejun,varthr,vigswa,warvir,whcspa,wilsni1,wlswar,wooduc,yelwar",1,1049545683,30.06100000000015
gurobi,0.4,56,148510,"amerob,barswa,bewwre,bnhcow,bkhgro,brebla,batpig1,bushti,cangoo,chbchi,cedwax,chispa,coohaw,comrav,amecro,dowwoo,eucdov,eursta,norfli,foxspa,haiwoo,houspa,houwre,hutvir,macwar,moudov,norhar1,orcwar,olsfly,pacwre1,pinsis,pilwoo,pasfly,purfin,purmar,rebnut,rebsap,rocpig,rethaw,rufhum,savspa,sora,sonspa,spotow,stejay,swathr,towwar,treswa,varthr,vigswa,whcspa,westan,wilsni1,wlswar,wooduc,yelwar",1,2225008407,23.673999999999978
gurobi,0.5,56,148510,"amerob,annhum,barswa,brdowl,belkin1,bewwre,bnhcow,bkhgro,brebla,brncre,batpig1,bushti,cangoo,chbchi,coohaw,comrav,amecro,dowwoo,eucdov,eursta,evegro,haiwoo,houfin,houspa,houwre,hutvir,macwar,moudov,norhar1,orcwar,osprey,pacwre1,pinsis,pilwoo,purfin,rebnut,rebsap,redcro,rocpig,rufhum,rewbla,savspa,sora,sonspa,spotow,stejay,swathr,towwar,daejun,varthr,whcspa,westan,wilsni1,wlswar,wooduc,yelwar",1,4917303038,22.623000000000047
gurobi,0.6,56,148510,"amegfi,amekes,amerob,annhum,baleag,barswa,brdowl,belkin1,bewwre,bkhgro,brebla,brncre,bushti,cangoo,cedwax,chispa,coohaw,comrav,amecro,dowwoo,eucdov,eursta,norfli,gockin,haiwoo,houfin,houwre,hutvir,macwar,moudov,norhar1,orcwar,olsfly,osprey,pacwre1,pilwoo,pasfly,rebnut,rebsap,rocpig,rethaw,rufhum,savspa,sora,sonspa,spotow,stejay,towwar,treswa,daejun,yerwar,warvir,wilsni1,wlswar,wooduc,yelwar",1,8143526772,29.294000000000324
gurobi,0.7000000000000001,56,148510,"amegfi,amekes,amerob,baleag,barswa,brdowl,bewwre,bnhcow,brebla,batpig1,cangoo,cedwax,chispa,coohaw,comrav,amecro,dowwoo,eucdov,eursta,evegro,norfli,foxspa,gockin,haiwoo,houfin,houspa,houwre,hutvir,moudov,norhar1,orcwar,olsfly,osprey,pinsis,purmar,rebnut,rebsap,redcro,rufhum,rewbla,savspa,sora,sonspa,spotow,stejay,swathr,towwar,treswa,daejun,yerwar,varthr,vigswa,warvir,whcspa,wlswar,yelwar",1,18039955560,21.358000000000175
gurobi,0.8,56,148510,"amegfi,amekes,amerob,annhum,baleag,brdowl,bewwre,bnhcow,bkhgro,brebla,chbchi,cedwax,chispa,coohaw,comrav,amecro,dowwoo,eucdov,eursta,evegro,norfli,foxspa,gockin,haiwoo,houfin,houwre,macwar,moudov,olsfly,osprey,pacwre1,pinsis,pilwoo,pasfly,purfin,purmar,rebsap,redcro,rocpig,rethaw,rewbla,sora,sonspa,spotow,stejay,swathr,towwar,treswa,daejun,varthr,warvir,whcspa,wilsni1,wlswar,wooduc,yelwar",1,27364523417,21.087999999999738
gurobi,0.9,56,148510,"amegfi,amekes,amerob,annhum,baleag,barswa,belkin1,bewwre,bnhcow,brncre,batpig1,bushti,cangoo,cedwax,chispa,coohaw,comrav,amecro,eucdov,eursta,evegro,norfli,foxspa,gockin,haiwoo,houfin,houspa,houwre,hutvir,osprey,pacwre1,pinsis,pasfly,purmar,rebnut,rebsap,redcro,rocpig,rewbla,savspa,sora,sonspa,spotow,stejay,swathr,towwar,daejun,yerwar,varthr,warvir,whcspa,westan,wilsni1,wlswar,wooduc,yelwar",1,48146769898,20.15599999999995
gurobi,0.1,72,148510,"amegfi,amekes,amerob,annhum,baleag,barswa,brdowl,belkin1,bewwre,bnhcow,bkhgro,brebla,brncre,batpig1,bushti,cangoo,chbchi,cedwax,chispa,coohaw,comrav,amecro,dowwoo,eucdov,eursta,evegro,norfli,foxspa,gockin,haiwoo,houfin,houspa,houwre,hutvir,macwar,moudov,norhar1,orcwar,olsfly,osprey,pacwre1,pinsis,pilwoo,pasfly,purfin,purmar,rebnut,rebsap,redcro,rocpig,rethaw,rufhum,rewbla,savspa,sora,sonspa,spotow,stejay,swathr,towwar,treswa,daejun,yerwar,varthr,vigswa,warvir,whcspa,westan,wilsni1,wlswar,wooduc,yelwar",1,113361479,55.81999999999971
gurobi,0.2,72,148510,"amegfi,amekes,amerob,annhum,baleag,barswa,brdowl,belkin1,bewwre,bnhcow,bkhgro,brebla,brncre,batpig1,bushti,cangoo,chbchi,cedwax,chispa,coohaw,comrav,amecro,dowwoo,eucdov,eursta,evegro,norfli,foxspa,gockin,haiwoo,houfin,houspa,houwre,hutvir,macwar,moudov,norhar1,orcwar,olsfly,osprey,pacwre1,pinsis,pilwoo,pasfly,purfin,purmar,rebnut,rebsap,redcro,rocpig,rethaw,rufhum,rewbla,savspa,sora,sonspa,spotow,stejay,swathr,towwar,treswa,daejun,yerwar,varthr,vigswa,warvir,whcspa,westan,wilsni1,wlswar,wooduc,yelwar",1,436437239,37.590000000000146
gurobi,0.30000000000000004,72,148510,"amegfi,amekes,amerob,annhum,baleag,barswa,brdowl,belkin1,bewwre,bnhcow,bkhgro,brebla,brncre,batpig1,bushti,cangoo,chbchi,cedwax,chispa,coohaw,comrav,amecro,dowwoo,eucdov,eursta,evegro,norfli,foxspa,gockin,haiwoo,houfin,houspa,houwre,hutvir,macwar,moudov,norhar1,orcwar,olsfly,osprey,pacwre1,pinsis,pilwoo,pasfly,purfin,purmar,rebnut,rebsap,redcro,rocpig,rethaw,rufhum,rewbla,savspa,sora,sonspa,spotow,stejay,swathr,towwar,treswa,daejun,yerwar,varthr,vigswa,warvir,whcspa,westan,wilsni1,wlswar,wooduc,yelwar",1,1107762213,33.38499999999976
gurobi,0.4,72,148510,"amegfi,amekes,amerob,annhum,baleag,barswa,brdowl,belkin1,bewwre,bnhcow,bkhgro,brebla,brncre,batpig1,bushti,cangoo,chbchi,cedwax,chispa,coohaw,comrav,amecro,dowwoo,eucdov,eursta,evegro,norfli,foxspa,gockin,haiwoo,houfin,houspa,houwre,hutvir,macwar,moudov,norhar1,orcwar,olsfly,osprey,pacwre1,pinsis,pilwoo,pasfly,purfin,purmar,rebnut,rebsap,redcro,rocpig,rethaw,rufhum,rewbla,savspa,sora,sonspa,spotow,stejay,swathr,towwar,treswa,daejun,yerwar,varthr,vigswa,warvir,whcspa,westan,wilsni1,wlswar,wooduc,yelwar",1,2396945611,41.865999999999985
gurobi,0.5,72,148510,"amegfi,amekes,amerob,annhum,baleag,barswa,brdowl,belkin1,bewwre,bnhcow,bkhgro,brebla,brncre,batpig1,bushti,cangoo,chbchi,cedwax,chispa,coohaw,comrav,amecro,dowwoo,eucdov,eursta,evegro,norfli,foxspa,gockin,haiwoo,houfin,houspa,houwre,hutvir,macwar,moudov,norhar1,orcwar,olsfly,osprey,pacwre1,pinsis,pilwoo,pasfly,purfin,purmar,rebnut,rebsap,redcro,rocpig,rethaw,rufhum,rewbla,savspa,sora,sonspa,spotow,stejay,swathr,towwar,treswa,daejun,yerwar,varthr,vigswa,warvir,whcspa,westan,wilsni1,wlswar,wooduc,yelwar",1,4978484447,39.10900000000038
gurobi,0.6,72,148510,"amegfi,amekes,amerob,annhum,baleag,barswa,brdowl,belkin1,bewwre,bnhcow,bkhgro,brebla,brncre,batpig1,bushti,cangoo,chbchi,cedwax,chispa,coohaw,comrav,amecro,dowwoo,eucdov,eursta,evegro,norfli,foxspa,gockin,haiwoo,houfin,houspa,houwre,hutvir,macwar,moudov,norhar1,orcwar,olsfly,osprey,pacwre1,pinsis,pilwoo,pasfly,purfin,purmar,rebnut,rebsap,redcro,rocpig,rethaw,rufhum,rewbla,savspa,sora,sonspa,spotow,stejay,swathr,towwar,treswa,daejun,yerwar,varthr,vigswa,warvir,whcspa,westan,wilsni1,wlswar,wooduc,yelwar",1,9731454119,27.21199999999999
gurobi,0.7000000000000001,72,148510,"amegfi,amekes,amerob,annhum,baleag,barswa,brdowl,belkin1,bewwre,bnhcow,bkhgro,brebla,brncre,batpig1,bushti,cangoo,chbchi,cedwax,chispa,coohaw,comrav,amecro,dowwoo,eucdov,eursta,evegro,norfli,foxspa,gockin,haiwoo,houfin,houspa,houwre,hutvir,macwar,moudov,norhar1,orcwar,olsfly,osprey,pacwre1,pinsis,pilwoo,pasfly,purfin,purmar,rebnut,rebsap,redcro,rocpig,rethaw,rufhum,rewbla,savspa,sora,sonspa,spotow,stejay,swathr,towwar,treswa,daejun,yerwar,varthr,vigswa,warvir,whcspa,westan,wilsni1,wlswar,wooduc,yelwar",1,18309822129,31.31399999999985
gurobi,0.8,72,148510,"amegfi,amekes,amerob,annhum,baleag,barswa,brdowl,belkin1,bewwre,bnhcow,bkhgro,brebla,brncre,batpig1,bushti,cangoo,chbchi,cedwax,chispa,coohaw,comrav,amecro,dowwoo,eucdov,eursta,evegro,norfli,foxspa,gockin,haiwoo,houfin,houspa,houwre,hutvir,macwar,moudov,norhar1,orcwar,olsfly,osprey,pacwre1,pinsis,pilwoo,pasfly,purfin,purmar,rebnut,rebsap,redcro,rocpig,rethaw,rufhum,rewbla,savspa,sora,sonspa,spotow,stejay,swathr,towwar,treswa,daejun,yerwar,varthr,vigswa,warvir,whcspa,westan,wilsni1,wlswar,wooduc,yelwar",1,30398854658,27.284000000000106
gurobi,0.9,72,148510,"amegfi,amekes,amerob,annhum,baleag,barswa,brdowl,belkin1,bewwre,bnhcow,bkhgro,brebla,brncre,batpig1,bushti,cangoo,chbchi,cedwax,chispa,coohaw,comrav,amecro,dowwoo,eucdov,eursta,evegro,norfli,foxspa,gockin,haiwoo,houfin,houspa,houwre,hutvir,macwar,moudov,norhar1,orcwar,olsfly,osprey,pacwre1,pinsis,pilwoo,pasfly,purfin,purmar,rebnut,rebsap,redcro,rocpig,rethaw,rufhum,rewbla,savspa,sora,sonspa,spotow,stejay,swathr,towwar,treswa,daejun,yerwar,varthr,vigswa,warvir,whcspa,westan,wilsni1,wlswar,wooduc,yelwar",1,48121404800,27.717999999999847
cbc,0.1,10,9282,"amegfi,batpig1,comrav,houwre,hutvir,olsfly,pilwoo,rethaw,swathr,westan",1,3453968,1.593999999999994
cbc,0.2,10,9282,"amekes,barswa,coohaw,amecro,houfin,moudov,osprey,spotow,towwar,whcspa",1,18262958,0.8830000000000098
cbc,0.30000000000000004,10,9282,"amegfi,barswa,belkin1,bewwre,bnhcow,brebla,macwar,rebsap,towwar,westan",1,23933449,0.2529999999999859
cbc,0.4,10,9282,"baleag,barswa,batpig1,comrav,norfli,houfin,moudov,rufhum,sora,whcspa",1,113438142,0.25099999999997635
cbc,0.5,10,9282,"bnhcow,batpig1,chispa,amecro,haiwoo,pacwre1,redcro,stejay,treswa,warvir",1,166271178,0.2259999999999991
cbc,0.6,10,9282,"baleag,batpig1,orcwar,pilwoo,pasfly,purfin,savspa,sonspa,stejay,wooduc",1,147877831,0.2599999999999909
cbc,0.7000000000000001,10,9282,"bewwre,brncre,houspa,pacwre1,pinsis,purfin,purmar,rebnut,rethaw,warvir",1,1123749548,0.2389999999999759
cbc,0.8,10,9282,"baleag,chispa,haiwoo,houfin,hutvir,norhar1,purfin,yerwar,vigswa,whcspa",1,1623444355,0.2400000000000091
cbc,0.9,10,9282,"amegfi,amekes,barswa,bewwre,eursta,macwar,redcro,daejun,varthr,wlswar",1,2195942797,1.4720000000000368
cbc,0.1,26,9282,"amerob,baleag,barswa,brdowl,batpig1,cangoo,cedwax,comrav,dowwoo,eucdov,eursta,houspa,houwre,hutvir,norhar1,purfin,purmar,rebsap,rufhum,swathr,treswa,daejun,varthr,whcspa,westan,yelwar",1,5625537,1.1229999999999905
cbc,0.2,26,9282,"amegfi,annhum,bnhcow,batpig1,cangoo,chispa,comrav,amecro,eucdov,eursta,gockin,haiwoo,houwre,macwar,pinsis,pasfly,purfin,purmar,rewbla,savspa,treswa,daejun,varthr,vigswa,warvir,westan",1,26135367,1.6200000000000045
cbc,0.30000000000000004,26,9282,"baleag,barswa,belkin1,bkhgro,bushti,cangoo,chispa,amecro,eursta,evegro,foxspa,gockin,houspa,hutvir,purfin,purmar,rebsap,rewbla,sonspa,treswa,daejun,varthr,warvir,whcspa,wlswar,yelwar",1,58464562,0.48099999999999454
cbc,0.4,26,9282,"amekes,amerob,barswa,brdowl,brebla,batpig1,chbchi,cedwax,chispa,norfli,gockin,houwre,hutvir,orcwar,purmar,rebsap,rufhum,sonspa,stejay,swathr,treswa,yerwar,whcspa,wilsni1,wooduc,yelwar",1,53171082,0.5360000000000014
cbc,0.5,26,9282,"annhum,brdowl,bnhcow,bkhgro,chbchi,eucdov,evegro,norfli,houfin,houspa,orcwar,pacwre1,pasfly,purmar,rebnut,rebsap,redcro,spotow,towwar,daejun,vigswa,warvir,whcspa,westan,wooduc,yelwar",1,300424395,0.4800000000000182
cbc,0.6,26,9282,"baleag,bewwre,bnhcow,brncre,batpig1,chbchi,chispa,amecro,dowwoo,eursta,evegro,houfin,hutvir,macwar,moudov,pinsis,purfin,purmar,rebsap,redcro,rethaw,sora,swathr,treswa,varthr,wooduc",1,425504449,1.23599999999999
cbc,0.7000000000000001,26,9282,"amerob,baleag,barswa,comrav,amecro,eucdov,eursta,norfli,foxspa,haiwoo,houfin,orcwar,pacwre1,purfin,redcro,sora,sonspa,spotow,stejay,swathr,towwar,yerwar,varthr,wilsni1,wlswar,wooduc",1,885814939,0.45400000000000773
cbc,0.8,26,9282,"amegfi,amekes,barswa,brdowl,belkin1,bkhgro,chbchi,evegro,foxspa,haiwoo,macwar,norhar1,olsfly,pinsis,pasfly,rocpig,rufhum,rewbla,savspa,spotow,swathr,daejun,varthr,vigswa,westan,wilsni1",1,1654916504,0.5
cbc,0.9,26,9282,"amekes,amerob,brdowl,bewwre,brebla,chbchi,coohaw,amecro,dowwoo,evegro,foxspa,houfin,hutvir,macwar,norhar1,osprey,pacwre1,rebnut,rebsap,rocpig,rewbla,savspa,treswa,daejun,whcspa,westan",1,2815510978,3.069999999999993
cbc,0.1,41,9282,"annhum,barswa,brdowl,belkin1,bkhgro,batpig1,chbchi,chispa,coohaw,comrav,amecro,dowwoo,eucdov,foxspa,gockin,haiwoo,houspa,houwre,hutvir,moudov,norhar1,pinsis,pasfly,purfin,purmar,rebnut,rebsap,redcro,rocpig,rethaw,rufhum,savspa,spotow,towwar,treswa,daejun,yerwar,vigswa,warvir,wooduc,yelwar",1,7338193,0.7130000000000223
cbc,0.2,41,9282,"amegfi,amerob,brdowl,belkin1,bewwre,bkhgro,brncre,batpig1,chispa,coohaw,comrav,amecro,eursta,foxspa,houfin,houspa,hutvir,macwar,orcwar,osprey,pacwre1,pinsis,pilwoo,purfin,purmar,rebsap,redcro,rufhum,rewbla,savspa,spotow,stejay,swathr,towwar,daejun,yerwar,varthr,vigswa,warvir,westan,wlswar",1,22604576,0.6920000000000073
cbc,0.30000000000000004,41,9282,"amegfi,amekes,amerob,annhum,belkin1,bewwre,bnhcow,batpig1,cangoo,chbchi,coohaw,amecro,dowwoo,eursta,evegro,norfli,gockin,haiwoo,houfin,houwre,osprey,pacwre1,pinsis,pasfly,purfin,purmar,rebsap,rocpig,rufhum,rewbla,sora,sonspa,spotow,swathr,treswa,yerwar,vigswa,warvir,westan,wlswar,wooduc",1,66793915,0.6800000000000068
cbc,0.4,41,9282,"amekes,annhum,bnhcow,bkhgro,brebla,brncre,bushti,cedwax,coohaw,amecro,dowwoo,eucdov,foxspa,gockin,haiwoo,houwre,macwar,moudov,olsfly,osprey,pacwre1,pilwoo,pasfly,purfin,purmar,rebnut,rebsap,rocpig,rufhum,rewbla,sora,sonspa,spotow,stejay,swathr,treswa,daejun,yerwar,varthr,whcspa,yelwar",1,131315233,0.6490000000000009
cbc,0.5,41,9282,"amegfi,amekes,baleag,brdowl,belkin1,bewwre,bkhgro,brebla,brncre,batpig1,cedwax,coohaw,comrav,eursta,evegro,norfli,foxspa,gockin,haiwoo,houwre,macwar,moudov,norhar1,olsfly,osprey,pacwre1,pilwoo,purfin,rebnut,rebsap,rocpig,rufhum,savspa,sora,sonspa,swathr,varthr,vigswa,warvir,westan,yelwar",1,214474474,0.6599999999999682
cbc,0.6,41,9282,"amekes,amerob,annhum,baleag,bewwre,bkhgro,batpig1,bushti,chbchi,cedwax,chispa,coohaw,comrav,eucdov,eursta,evegro,norfli,foxspa,gockin,haiwoo,houwre,hutvir,osprey,pinsis,pasfly,purfin,rebsap,rocpig,rethaw,rewbla,savspa,sora,spotow,stejay,swathr,daejun,yerwar,vigswa,whcspa,westan,wilsni1",1,479291359,0.6699999999999591
cbc,0.7000000000000001,41,9282,"amegfi,amekes,annhum,baleag,belkin1,bnhcow,bkhgro,brebla,brncre,batpig1,cangoo,chispa,amecro,norfli,foxspa,gockin,haiwoo,houspa,macwar,norhar1,orcwar,olsfly,pasfly,purfin,purmar,rebnut,redcro,rocpig,rewbla,savspa,sora,stejay,swathr,towwar,treswa,daejun,yerwar,warvir,whcspa,westan,wilsni1",1,1164143407,0.9010000000000105
cbc,0.8,41,9282,"amegfi,amekes,amerob,annhum,belkin1,batpig1,bushti,cedwax,coohaw,comrav,amecro,eucdov,eursta,evegro,foxspa,houfin,houspa,macwar,moudov,norhar1,osprey,pinsis,pilwoo,purmar,rebsap,redcro,rocpig,rufhum,savspa,stejay,swathr,treswa,daejun,yerwar,vigswa,whcspa,westan,wilsni1,wlswar,wooduc,yelwar",1,1824708409,4.84699999999998
cbc,0.9,41,9282,"amekes,amerob,annhum,brdowl,belkin1,bnhcow,brncre,batpig1,bushti,chbchi,chispa,coohaw,eucdov,eursta,evegro,norfli,foxspa,gockin,haiwoo,houfin,houwre,macwar,orcwar,olsfly,osprey,pacwre1,pinsis,pilwoo,rebsap,redcro,rocpig,rethaw,rufhum,savspa,stejay,swathr,treswa,whcspa,westan,wilsni1,yelwar",1,3058920039,0.7309999999999945
cbc,0.1,56,9282,"amegfi,amekes,amerob,annhum,baleag,barswa,brdowl,bewwre,brebla,batpig1,bushti,cangoo,chbchi,cedwax,chispa,amecro,eucdov,eursta,evegro,foxspa,gockin,haiwoo,houfin,houspa,houwre,macwar,moudov,norhar1,orcwar,olsfly,osprey,pacwre1,pinsis,pilwoo,pasfly,purfin,rebnut,redcro,rocpig,rethaw,rufhum,rewbla,savspa,sonspa,spotow,stejay,treswa,daejun,varthr,vigswa,warvir,whcspa,westan,wilsni1,wlswar,yelwar",1,7084403,3.936999999999955
cbc,0.2,56,9282,"amegfi,amekes,amerob,annhum,baleag,brdowl,belkin1,bewwre,bnhcow,bkhgro,brebla,brncre,batpig1,bushti,cangoo,chbchi,cedwax,coohaw,comrav,amecro,dowwoo,eucdov,evegro,norfli,foxspa,gockin,haiwoo,houfin,houwre,hutvir,moudov,orcwar,olsfly,osprey,pacwre1,pinsis,pilwoo,purmar,rebnut,rebsap,redcro,rocpig,rewbla,sora,sonspa,stejay,swathr,towwar,treswa,yerwar,vigswa,warvir,whcspa,westan,wilsni1,wlswar",1,28333262,0.8059999999999832
cbc,0.30000000000000004,56,9282,"amegfi,amekes,annhum,baleag,belkin1,bewwre,bnhcow,bkhgro,brebla,brncre,batpig1,bushti,cangoo,chbchi,coohaw,comrav,amecro,dowwoo,eucdov,eursta,evegro,gockin,houfin,houspa,houwre,hutvir,macwar,norhar1,orcwar,olsfly,osprey,pacwre1,pinsis,pilwoo,pasfly,purmar,rebnut,rebsap,redcro,rufhum,rewbla,savspa,sora,sonspa,stejay,swathr,towwar,treswa,daejun,yerwar,varthr,vigswa,whcspa,westan,wilsni1,wlswar",1,68588691,0.8070000000000164
cbc,0.4,56,9282,"amekes,annhum,brdowl,bewwre,bnhcow,bkhgro,batpig1,bushti,cangoo,chbchi,chispa,coohaw,amecro,dowwoo,eucdov,eursta,evegro,norfli,foxspa,gockin,houfin,houspa,houwre,hutvir,macwar,norhar1,orcwar,pacwre1,pilwoo,pasfly,purfin,purmar,rebnut,rebsap,redcro,rocpig,rethaw,rufhum,rewbla,sora,sonspa,spotow,stejay,swathr,treswa,daejun,yerwar,varthr,vigswa,warvir,whcspa,westan,wilsni1,wlswar,wooduc,yelwar",1,154752648,0.8290000000000077
cbc,0.5,56,9282,"amegfi,amekes,amerob,baleag,brdowl,belkin1,bnhcow,bkhgro,brebla,brncre,batpig1,bushti,cangoo,chbchi,cedwax,chispa,coohaw,amecro,dowwoo,eucdov,eursta,evegro,norfli,foxspa,gockin,haiwoo,houfin,houspa,macwar,moudov,orcwar,osprey,pacwre1,pinsis,pilwoo,purmar,rebsap,redcro,rethaw,rufhum,rewbla,savspa,sora,sonspa,spotow,stejay,treswa,daejun,yerwar,vigswa,warvir,westan,wilsni1,wlswar,wooduc,yelwar",1,273492712,0.8430000000000177
cbc,0.6,56,9282,"amegfi,amekes,amerob,annhum,baleag,barswa,brdowl,bewwre,bnhcow,bkhgro,brebla,brncre,batpig1,chbchi,cedwax,coohaw,comrav,amecro,dowwoo,eucdov,eursta,evegro,norfli,foxspa,gockin,haiwoo,houfin,houspa,hutvir,macwar,norhar1,orcwar,olsfly,osprey,pacwre1,pilwoo,pasfly,purmar,rebnut,rebsap,redcro,rocpig,rethaw,rufhum,savspa,sonspa,spotow,towwar,varthr,vigswa,warvir,whcspa,westan,wilsni1,wlswar,yelwar",1,611559226,2.290999999999997
cbc,0.7000000000000001,56,9282,"amegfi,amekes,amerob,baleag,barswa,brdowl,bewwre,bnhcow,brebla,brncre,batpig1,bushti,cangoo,chbchi,cedwax,chispa,coohaw,comrav,amecro,dowwoo,eucdov,eursta,evegro,foxspa,gockin,haiwoo,houfin,houspa,houwre,hutvir,macwar,moudov,osprey,pacwre1,pinsis,pilwoo,purfin,purmar,rebnut,rebsap,redcro,rocpig,rethaw,rufhum,rewbla,savspa,sora,swathr,towwar,daejun,varthr,vigswa,warvir,westan,wilsni1,wlswar",1,1124645137,0.9009999999999536
cbc,0.8,56,9282,"amekes,amerob,annhum,baleag,barswa,brdowl,bewwre,bnhcow,brebla,brncre,batpig1,bushti,cangoo,chbchi,cedwax,chispa,comrav,amecro,dowwoo,eucdov,eursta,norfli,foxspa,gockin,haiwoo,houfin,houspa,houwre,hutvir,macwar,moudov,olsfly,osprey,pacwre1,pinsis,pasfly,rebnut,redcro,rocpig,rufhum,rewbla,savspa,sora,sonspa,spotow,stejay,swathr,towwar,treswa,daejun,yerwar,varthr,vigswa,wlswar,wooduc,yelwar",1,1912258464,0.8550000000000182
cbc,0.9,56,9282,"amegfi,amekes,amerob,annhum,baleag,barswa,brdowl,belkin1,bewwre,bnhcow,bkhgro,brebla,brncre,batpig1,bushti,cangoo,chbchi,cedwax,chispa,coohaw,amecro,dowwoo,eucdov,evegro,norfli,foxspa,gockin,haiwoo,houfin,houspa,hutvir,macwar,norhar1,olsfly,osprey,pacwre1,pinsis,pilwoo,pasfly,purfin,purmar,rebnut,rebsap,redcro,rocpig,rethaw,rufhum,sora,stejay,towwar,treswa,westan,wilsni1,wlswar,wooduc,yelwar",1,3108195353,2.505999999999972
cbc,0.1,72,9282,"amegfi,amekes,amerob,annhum,baleag,barswa,brdowl,belkin1,bewwre,bnhcow,bkhgro,brebla,brncre,batpig1,bushti,cangoo,chbchi,cedwax,chispa,coohaw,comrav,amecro,dowwoo,eucdov,eursta,evegro,norfli,foxspa,gockin,haiwoo,houfin,houspa,houwre,hutvir,macwar,moudov,norhar1,orcwar,olsfly,osprey,pacwre1,pinsis,pilwoo,pasfly,purfin,purmar,rebnut,rebsap,redcro,rocpig,rethaw,rufhum,rewbla,savspa,sora,sonspa,spotow,stejay,swathr,towwar,treswa,daejun,yerwar,varthr,vigswa,warvir,whcspa,westan,wilsni1,wlswar,wooduc,yelwar",1,7063433,3.274000000000001
cbc,0.2,72,9282,"amegfi,amekes,amerob,annhum,baleag,barswa,brdowl,belkin1,bewwre,bnhcow,bkhgro,brebla,brncre,batpig1,bushti,cangoo,chbchi,cedwax,chispa,coohaw,comrav,amecro,dowwoo,eucdov,eursta,evegro,norfli,foxspa,gockin,haiwoo,houfin,houspa,houwre,hutvir,macwar,moudov,norhar1,orcwar,olsfly,osprey,pacwre1,pinsis,pilwoo,pasfly,purfin,purmar,rebnut,rebsap,redcro,rocpig,rethaw,rufhum,rewbla,savspa,sora,sonspa,spotow,stejay,swathr,towwar,treswa,daejun,yerwar,varthr,vigswa,warvir,whcspa,westan,wilsni1,wlswar,wooduc,yelwar",1,26844798,4.849000000000046
cbc,0.30000000000000004,72,9282,"amegfi,amekes,amerob,annhum,baleag,barswa,brdowl,belkin1,bewwre,bnhcow,bkhgro,brebla,brncre,batpig1,bushti,cangoo,chbchi,cedwax,chispa,coohaw,comrav,amecro,dowwoo,eucdov,eursta,evegro,norfli,foxspa,gockin,haiwoo,houfin,houspa,houwre,hutvir,macwar,moudov,norhar1,orcwar,olsfly,osprey,pacwre1,pinsis,pilwoo,pasfly,purfin,purmar,rebnut,rebsap,redcro,rocpig,rethaw,rufhum,rewbla,savspa,sora,sonspa,spotow,stejay,swathr,towwar,treswa,daejun,yerwar,varthr,vigswa,warvir,whcspa,westan,wilsni1,wlswar,wooduc,yelwar",1,72077905,1.6879999999999882
cbc,0.4,72,9282,"amegfi,amekes,amerob,annhum,baleag,barswa,brdowl,belkin1,bewwre,bnhcow,bkhgro,brebla,brncre,batpig1,bushti,cangoo,chbchi,cedwax,chispa,coohaw,comrav,amecro,dowwoo,eucdov,eursta,evegro,norfli,foxspa,gockin,haiwoo,houfin,houspa,houwre,hutvir,macwar,moudov,norhar1,orcwar,olsfly,osprey,pacwre1,pinsis,pilwoo,pasfly,purfin,purmar,rebnut,rebsap,redcro,rocpig,rethaw,rufhum,rewbla,savspa,sora,sonspa,spotow,stejay,swathr,towwar,treswa,daejun,yerwar,varthr,vigswa,warvir,whcspa,westan,wilsni1,wlswar,wooduc,yelwar",1,159075277,1.0600000000000591
cbc,0.5,72,9282,"amegfi,amekes,amerob,annhum,baleag,barswa,brdowl,belkin1,bewwre,bnhcow,bkhgro,brebla,brncre,batpig1,bushti,cangoo,chbchi,cedwax,chispa,coohaw,comrav,amecro,dowwoo,eucdov,eursta,evegro,norfli,foxspa,gockin,haiwoo,houfin,houspa,houwre,hutvir,macwar,moudov,norhar1,orcwar,olsfly,osprey,pacwre1,pinsis,pilwoo,pasfly,purfin,purmar,rebnut,rebsap,redcro,rocpig,rethaw,rufhum,rewbla,savspa,sora,sonspa,spotow,stejay,swathr,towwar,treswa,daejun,yerwar,varthr,vigswa,warvir,whcspa,westan,wilsni1,wlswar,wooduc,yelwar",1,283846099,1.07000000000005
cbc,0.6,72,9282,"amegfi,amekes,amerob,annhum,baleag,barswa,brdowl,belkin1,bewwre,bnhcow,bkhgro,brebla,brncre,batpig1,bushti,cangoo,chbchi,cedwax,chispa,coohaw,comrav,amecro,dowwoo,eucdov,eursta,evegro,norfli,foxspa,gockin,haiwoo,houfin,houspa,houwre,hutvir,macwar,moudov,norhar1,orcwar,olsfly,osprey,pacwre1,pinsis,pilwoo,pasfly,purfin,purmar,rebnut,rebsap,redcro,rocpig,rethaw,rufhum,rewbla,savspa,sora,sonspa,spotow,stejay,swathr,towwar,treswa,daejun,yerwar,varthr,vigswa,warvir,whcspa,westan,wilsni1,wlswar,wooduc,yelwar",1,624589244,1.8960000000000719
cbc,0.7000000000000001,72,9282,"amegfi,amekes,amerob,annhum,baleag,barswa,brdowl,belkin1,bewwre,bnhcow,bkhgro,brebla,brncre,batpig1,bushti,cangoo,chbchi,cedwax,chispa,coohaw,comrav,amecro,dowwoo,eucdov,eursta,evegro,norfli,foxspa,gockin,haiwoo,houfin,houspa,houwre,hutvir,macwar,moudov,norhar1,orcwar,olsfly,osprey,pacwre1,pinsis,pilwoo,pasfly,purfin,purmar,rebnut,rebsap,redcro,rocpig,rethaw,rufhum,rewbla,savspa,sora,sonspa,spotow,stejay,swathr,towwar,treswa,daejun,yerwar,varthr,vigswa,warvir,whcspa,westan,wilsni1,wlswar,wooduc,yelwar",1,1170625393,5.275000000000091
cbc,0.8,72,9282,"amegfi,amekes,amerob,annhum,baleag,barswa,brdowl,belkin1,bewwre,bnhcow,bkhgro,brebla,brncre,batpig1,bushti,cangoo,chbchi,cedwax,chispa,coohaw,comrav,amecro,dowwoo,eucdov,eursta,evegro,norfli,foxspa,gockin,haiwoo,houfin,houspa,houwre,hutvir,macwar,moudov,norhar1,orcwar,olsfly,osprey,pacwre1,pinsis,pilwoo,pasfly,purfin,purmar,rebnut,rebsap,redcro,rocpig,rethaw,rufhum,rewbla,savspa,sora,sonspa,spotow,stejay,swathr,towwar,treswa,daejun,yerwar,varthr,vigswa,warvir,whcspa,westan,wilsni1,wlswar,wooduc,yelwar",1,1991719055,1.09699999999998
cbc,0.9,72,9282,"amegfi,amekes,amerob,annhum,baleag,barswa,brdowl,belkin1,bewwre,bnhcow,bkhgro,brebla,brncre,batpig1,bushti,cangoo,chbchi,cedwax,chispa,coohaw,comrav,amecro,dowwoo,eucdov,eursta,evegro,norfli,foxspa,gockin,haiwoo,houfin,houspa,houwre,hutvir,macwar,moudov,norhar1,orcwar,olsfly,osprey,pacwre1,pinsis,pilwoo,pasfly,purfin,purmar,rebnut,rebsap,redcro,rocpig,rethaw,rufhum,rewbla,savspa,sora,sonspa,spotow,stejay,swathr,towwar,treswa,daejun,yerwar,varthr,vigswa,warvir,whcspa,westan,wilsni1,wlswar,wooduc,yelwar",1,3109555675,1.1380000000000337
cbc,0.1,10,37128,"amerob,cangoo,chispa,gockin,haiwoo,hutvir,osprey,pasfly,rebsap,rufhum",1,14600930,0.6700000000000728
cbc,0.2,10,37128,"amerob,annhum,brdowl,bnhcow,foxspa,gockin,haiwoo,houspa,moudov,pasfly",1,110370547,0.7630000000000337
cbc,0.30000000000000004,10,37128,"amegfi,bnhcow,eursta,macwar,orcwar,pacwre1,yerwar,varthr,wlswar,yelwar",1,118467484,0.6999999999999318
cbc,0.4,10,37128,"brdowl,bewwre,chbchi,eucdov,macwar,pilwoo,rebnut,rethaw,sonspa,wlswar",1,178117823,0.7599999999999909
cbc,0.5,10,37128,"annhum,bkhgro,chbchi,chispa,gockin,orcwar,rewbla,sora,yerwar,varthr",1,991997419,0.7269999999999754
cbc,0.6,10,37128,"amegfi,barswa,houspa,pilwoo,pasfly,purmar,rufhum,sora,sonspa,towwar",1,2447093457,0.7150000000000318
cbc,0.7000000000000001,10,37128,"amerob,brdowl,bushti,chispa,norfli,gockin,macwar,pilwoo,rethaw,wilsni1",1,3503526227,0.7380000000000564
cbc,0.8,10,37128,"bnhcow,brebla,eursta,osprey,pinsis,rebnut,rocpig,spotow,swathr,wlswar",1,6459053576,0.7210000000000036
cbc,0.9,10,37128,"amerob,batpig1,cedwax,dowwoo,gockin,houwre,osprey,pinsis,stejay,yerwar",1,6589474262,0.76299999999992
cbc,0.1,26,37128,"barswa,brdowl,bushti,chbchi,cedwax,chispa,coohaw,eucdov,eursta,evegro,gockin,houwre,hutvir,olsfly,osprey,pilwoo,purfin,rebnut,rocpig,rufhum,swathr,treswa,daejun,warvir,wlswar,wooduc",1,18517447,1.6789999999999736
cbc,0.2,26,37128,"amegfi,bnhcow,brebla,brncre,bushti,cangoo,chbchi,chispa,coohaw,comrav,dowwoo,norfli,foxspa,houfin,moudov,orcwar,osprey,rebnut,rebsap,rethaw,rewbla,sora,towwar,treswa,yerwar,wilsni1",1,72135064,1.7140000000000555
cbc,0.30000000000000004,26,37128,"amekes,amerob,baleag,bewwre,chbchi,cedwax,coohaw,evegro,haiwoo,houspa,orcwar,olsfly,pacwre1,pasfly,redcro,rethaw,rewbla,savspa,spotow,towwar,treswa,yerwar,vigswa,westan,wooduc,yelwar",1,229598011,1.7000000000000455
cbc,0.4,26,37128,"amerob,annhum,baleag,barswa,brebla,bushti,amecro,eucdov,foxspa,gockin,houfin,olsfly,osprey,pacwre1,pinsis,pilwoo,rebsap,rocpig,sora,sonspa,stejay,swathr,treswa,yerwar,vigswa,wooduc",1,556309458,1.6509999999999536
cbc,0.5,26,37128,"amegfi,amekes,amerob,annhum,baleag,brdowl,bkhgro,brncre,bushti,cedwax,foxspa,gockin,haiwoo,houwre,pilwoo,purmar,rebnut,rewbla,savspa,sora,spotow,towwar,daejun,warvir,westan,wilsni1",1,964805210,1.6469999999999345
cbc,0.6,26,37128,"amegfi,annhum,barswa,bnhcow,brebla,bushti,amecro,eucdov,norfli,gockin,haiwoo,houfin,houwre,norhar1,pacwre1,pinsis,pilwoo,rebnut,redcro,rewbla,sora,sonspa,stejay,varthr,vigswa,wooduc",1,1846024546,1.7019999999999982
cbc,0.7000000000000001,26,37128,"amerob,annhum,baleag,belkin1,bnhcow,bushti,cangoo,cedwax,coohaw,amecro,evegro,foxspa,gockin,haiwoo,houfin,houspa,moudov,orcwar,pasfly,purfin,purmar,rethaw,rewbla,stejay,westan,yelwar",1,4601418508,1.6229999999999336
cbc,0.8,26,37128,"amegfi,bnhcow,brncre,batpig1,cangoo,chbchi,comrav,amecro,dowwoo,eursta,evegro,norfli,houspa,moudov,osprey,purfin,purmar,rebnut,rebsap,redcro,rewbla,savspa,stejay,treswa,vigswa,westan",1,7512208002,1.6190000000000282
cbc,0.9,26,37128,"annhum,baleag,belkin1,bnhcow,bkhgro,brebla,batpig1,bushti,chbchi,cedwax,dowwoo,norfli,houspa,macwar,moudov,orcwar,pilwoo,pasfly,rocpig,rethaw,sonspa,swathr,westan,wlswar,wooduc,yelwar",1,12039162121,1.6270000000000664
cbc,0.1,41,37128,"amegfi,amekes,amerob,baleag,brdowl,belkin1,bnhcow,bkhgro,brncre,batpig1,bushti,coohaw,dowwoo,evegro,houfin,hutvir,macwar,norhar1,orcwar,olsfly,osprey,pacwre1,pinsis,pilwoo,pasfly,purmar,rebsap,redcro,rocpig,rethaw,rufhum,rewbla,sora,sonspa,spotow,treswa,varthr,vigswa,warvir,whcspa,westan",1,20883510,2.48599999999999
cbc,0.2,41,37128,"amegfi,baleag,barswa,brdowl,bewwre,brebla,brncre,bushti,cangoo,cedwax,chispa,coohaw,comrav,amecro,dowwoo,norfli,foxspa,gockin,houfin,houspa,houwre,hutvir,macwar,norhar1,olsfly,osprey,pacwre1,pinsis,pasfly,purfin,rufhum,rewbla,sora,stejay,yerwar,varthr,vigswa,westan,wlswar,wooduc,yelwar",1,89143488,2.5159999999999627
cbc,0.30000000000000004,41,37128,"amekes,amerob,annhum,baleag,brdowl,belkin1,bewwre,brebla,brncre,batpig1,chbchi,coohaw,comrav,amecro,eucdov,norfli,foxspa,gockin,houspa,macwar,norhar1,orcwar,olsfly,pacwre1,pinsis,pilwoo,purmar,rebnut,rebsap,redcro,rewbla,savspa,sora,sonspa,spotow,stejay,swathr,daejun,yerwar,wilsni1,wlswar",1,275275261,2.5639999999999645
cbc,0.4,41,37128,"amegfi,amerob,annhum,baleag,barswa,belkin1,bkhgro,brebla,brncre,batpig1,cangoo,chbchi,coohaw,amecro,haiwoo,houfin,hutvir,macwar,norhar1,orcwar,olsfly,osprey,pacwre1,pinsis,pilwoo,pasfly,purfin,rebsap,redcro,rocpig,rufhum,savspa,stejay,swathr,towwar,varthr,vigswa,whcspa,westan,wooduc,yelwar",1,561647836,2.6119999999999663
cbc,0.5,41,37128,"amegfi,amerob,annhum,bewwre,bkhgro,brncre,cedwax,coohaw,amecro,eucdov,eursta,evegro,norfli,foxspa,haiwoo,houfin,houwre,hutvir,norhar1,orcwar,olsfly,pacwre1,pinsis,pilwoo,purfin,redcro,rocpig,rufhum,rewbla,savspa,sora,sonspa,spotow,swathr,towwar,daejun,yerwar,varthr,vigswa,whcspa,wilsni1",1,1081480951,2.4739999999999327
cbc,0.6,41,37128,"annhum,baleag,barswa,brdowl,belkin1,bewwre,bnhcow,bkhgro,brncre,batpig1,cangoo,chbchi,amecro,eucdov,eursta,evegro,norfli,foxspa,gockin,haiwoo,houfin,houwre,hutvir,moudov,norhar1,pacwre1,pinsis,pasfly,purfin,purmar,rebnut,rocpig,savspa,sonspa,spotow,swathr,towwar,daejun,varthr,whcspa,yelwar",1,2015128743,2.6709999999999354
cbc,0.7000000000000001,41,37128,"amegfi,annhum,belkin1,bewwre,bnhcow,bkhgro,chbchi,cedwax,coohaw,comrav,eucdov,norfli,foxspa,gockin,haiwoo,houfin,houspa,houwre,norhar1,olsfly,osprey,pacwre1,pilwoo,purfin,rebnut,rebsap,redcro,rocpig,rethaw,savspa,sora,stejay,swathr,towwar,treswa,daejun,yerwar,vigswa,wilsni1,wlswar,yelwar",1,4512422618,2.5579999999999927
cbc,0.8,41,37128,"amegfi,amekes,brdowl,belkin1,bewwre,bnhcow,bkhgro,brebla,brncre,bushti,cangoo,cedwax,coohaw,dowwoo,eucdov,evegro,norfli,haiwoo,houspa,norhar1,olsfly,osprey,pacwre1,pilwoo,pasfly,rebnut,rebsap,redcro,rocpig,rethaw,rewbla,sora,sonspa,spotow,stejay,treswa,daejun,varthr,vigswa,warvir,wlswar",1,7521745092,2.4269999999999072
cbc,0.9,41,37128,"amekes,amerob,annhum,brdowl,belkin1,bewwre,bnhcow,brebla,batpig1,chbchi,coohaw,comrav,amecro,eucdov,evegro,foxspa,gockin,haiwoo,houspa,hutvir,macwar,orcwar,olsfly,pacwre1,pinsis,pasfly,rebsap,redcro,rethaw,rufhum,sora,sonspa,stejay,swathr,treswa,daejun,varthr,vigswa,warvir,wlswar,yelwar",1,11908841504,2.477999999999952
cbc,0.1,56,37128,"amegfi,amekes,amerob,baleag,barswa,brdowl,bnhcow,batpig1,bushti,cangoo,chbchi,cedwax,chispa,coohaw,comrav,amecro,dowwoo,eucdov,eursta,norfli,foxspa,gockin,houfin,houwre,hutvir,moudov,norhar1,olsfly,pacwre1,pinsis,pilwoo,pasfly,purfin,purmar,rebnut,redcro,rocpig,rethaw,rufhum,savspa,sora,sonspa,spotow,stejay,towwar,treswa,daejun,yerwar,varthr,vigswa,warvir,whcspa,wilsni1,wlswar,wooduc,yelwar",1,21228894,6.420000000000073
cbc,0.2,56,37128,"amegfi,amekes,amerob,baleag,barswa,brdowl,belkin1,bewwre,bnhcow,bkhgro,brebla,brncre,cangoo,cedwax,comrav,amecro,eucdov,eursta,evegro,norfli,foxspa,gockin,haiwoo,houfin,houwre,hutvir,macwar,moudov,norhar1,orcwar,olsfly,osprey,pinsis,pilwoo,pasfly,purmar,rebnut,rebsap,redcro,rethaw,rufhum,rewbla,sora,sonspa,spotow,stejay,swathr,towwar,treswa,daejun,yerwar,varthr,vigswa,westan,wlswar,wooduc",1,74103414,3.134999999999991
cbc,0.30000000000000004,56,37128,"amegfi,amekes,amerob,annhum,baleag,barswa,brdowl,belkin1,bewwre,bnhcow,bkhgro,brebla,brncre,batpig1,cangoo,cedwax,chispa,coohaw,dowwoo,eucdov,evegro,foxspa,gockin,haiwoo,houfin,houspa,hutvir,macwar,moudov,norhar1,orcwar,olsfly,osprey,pinsis,pilwoo,pasfly,rebsap,rocpig,rethaw,rufhum,rewbla,sora,sonspa,spotow,swathr,towwar,daejun,varthr,vigswa,warvir,whcspa,westan,wilsni1,wlswar,wooduc,yelwar",1,267531416,3.0930000000000746
cbc,0.4,56,37128,"amerob,annhum,baleag,barswa,belkin1,bnhcow,bkhgro,batpig1,bushti,cangoo,cedwax,chispa,coohaw,amecro,eursta,evegro,norfli,foxspa,haiwoo,houwre,hutvir,macwar,moudov,norhar1,orcwar,osprey,pacwre1,pinsis,pilwoo,pasfly,purfin,purmar,rebnut,rebsap,redcro,rocpig,rufhum,rewbla,savspa,sora,sonspa,spotow,stejay,swathr,towwar,treswa,daejun,yerwar,varthr,vigswa,warvir,westan,wilsni1,wlswar,wooduc,yelwar",1,547279756,3.034999999999968
cbc,0.5,56,37128,"amegfi,amerob,annhum,baleag,barswa,bewwre,bnhcow,bkhgro,brebla,brncre,batpig1,bushti,cangoo,coohaw,comrav,dowwoo,eucdov,eursta,evegro,foxspa,gockin,haiwoo,houfin,houspa,houwre,hutvir,macwar,moudov,norhar1,olsfly,pacwre1,pinsis,pilwoo,pasfly,purfin,purmar,rebnut,rebsap,redcro,rethaw,rewbla,savspa,sora,sonspa,spotow,stejay,swathr,treswa,daejun,yerwar,whcspa,westan,wilsni1,wlswar,wooduc,yelwar",1,1283055924,3.0850000000000364
cbc,0.6,56,37128,"amegfi,amekes,annhum,baleag,barswa,bewwre,bnhcow,bkhgro,brncre,batpig1,bushti,chbchi,cedwax,chispa,comrav,amecro,dowwoo,eucdov,eursta,evegro,norfli,gockin,haiwoo,houfin,houspa,houwre,hutvir,macwar,norhar1,orcwar,olsfly,pacwre1,pinsis,pilwoo,pasfly,purmar,rebnut,rebsap,redcro,rocpig,rethaw,rufhum,rewbla,savspa,sonspa,spotow,stejay,treswa,daejun,yerwar,varthr,vigswa,warvir,whcspa,westan,wlswar",1,2522834481,3.1879999999998745
cbc,0.7000000000000001,56,37128,"amegfi,amekes,amerob,annhum,baleag,brdowl,belkin1,bewwre,bnhcow,bkhgro,brebla,brncre,batpig1,bushti,cangoo,chbchi,cedwax,chispa,coohaw,comrav,amecro,dowwoo,eucdov,eursta,gockin,haiwoo,houspa,houwre,hutvir,macwar,moudov,norhar1,olsfly,pacwre1,pinsis,pilwoo,pasfly,purfin,purmar,rebnut,rethaw,rewbla,savspa,sora,sonspa,swathr,towwar,treswa,yerwar,varthr,vigswa,warvir,westan,wilsni1,wlswar,yelwar",1,4572004871,3.1130000000000564
cbc,0.8,56,37128,"amegfi,amekes,amerob,annhum,baleag,brdowl,belkin1,bnhcow,brebla,bushti,chbchi,cedwax,chispa,coohaw,comrav,amecro,dowwoo,eucdov,eursta,evegro,gockin,haiwoo,houwre,hutvir,macwar,moudov,norhar1,orcwar,olsfly,osprey,pacwre1,purfin,purmar,rebsap,rocpig,rethaw,rufhum,rewbla,savspa,sora,sonspa,spotow,stejay,swathr,towwar,treswa,daejun,yerwar,varthr,vigswa,warvir,westan,wilsni1,wlswar,wooduc,yelwar",1,7201627700,3.2210000000000036
cbc,0.9,56,37128,"amegfi,amekes,amerob,annhum,bewwre,bnhcow,bkhgro,brebla,brncre,batpig1,bushti,chbchi,cedwax,coohaw,comrav,amecro,dowwoo,eucdov,eursta,evegro,norfli,foxspa,gockin,houspa,hutvir,macwar,moudov,norhar1,orcwar,osprey,pacwre1,pinsis,pilwoo,pasfly,purmar,rebsap,redcro,rocpig,rethaw,rufhum,rewbla,savspa,sora,sonspa,spotow,swathr,towwar,daejun,yerwar,varthr,warvir,whcspa,westan,wilsni1,wlswar,yelwar",1,12101783191,3.046000000000049
cbc,0.1,72,37128,"amegfi,amekes,amerob,annhum,baleag,barswa,brdowl,belkin1,bewwre,bnhcow,bkhgro,brebla,brncre,batpig1,bushti,cangoo,chbchi,cedwax,chispa,coohaw,comrav,amecro,dowwoo,eucdov,eursta,evegro,norfli,foxspa,gockin,haiwoo,houfin,houspa,houwre,hutvir,macwar,moudov,norhar1,orcwar,olsfly,osprey,pacwre1,pinsis,pilwoo,pasfly,purfin,purmar,rebnut,rebsap,redcro,rocpig,rethaw,rufhum,rewbla,savspa,sora,sonspa,spotow,stejay,swathr,towwar,treswa,daejun,yerwar,varthr,vigswa,warvir,whcspa,westan,wilsni1,wlswar,wooduc,yelwar",1,29481259,9.423999999999978
cbc,0.2,72,37128,"amegfi,amekes,amerob,annhum,baleag,barswa,brdowl,belkin1,bewwre,bnhcow,bkhgro,brebla,brncre,batpig1,bushti,cangoo,chbchi,cedwax,chispa,coohaw,comrav,amecro,dowwoo,eucdov,eursta,evegro,norfli,foxspa,gockin,haiwoo,houfin,houspa,houwre,hutvir,macwar,moudov,norhar1,orcwar,olsfly,osprey,pacwre1,pinsis,pilwoo,pasfly,purfin,purmar,rebnut,rebsap,redcro,rocpig,rethaw,rufhum,rewbla,savspa,sora,sonspa,spotow,stejay,swathr,towwar,treswa,daejun,yerwar,varthr,vigswa,warvir,whcspa,westan,wilsni1,wlswar,wooduc,yelwar",1,111697212,3.8869999999999436
cbc,0.30000000000000004,72,37128,"amegfi,amekes,amerob,annhum,baleag,barswa,brdowl,belkin1,bewwre,bnhcow,bkhgro,brebla,brncre,batpig1,bushti,cangoo,chbchi,cedwax,chispa,coohaw,comrav,amecro,dowwoo,eucdov,eursta,evegro,norfli,foxspa,gockin,haiwoo,houfin,houspa,houwre,hutvir,macwar,moudov,norhar1,orcwar,olsfly,osprey,pacwre1,pinsis,pilwoo,pasfly,purfin,purmar,rebnut,rebsap,redcro,rocpig,rethaw,rufhum,rewbla,savspa,sora,sonspa,spotow,stejay,swathr,towwar,treswa,daejun,yerwar,varthr,vigswa,warvir,whcspa,westan,wilsni1,wlswar,wooduc,yelwar",1,281106863,4.003999999999905
cbc,0.4,72,37128,"amegfi,amekes,amerob,annhum,baleag,barswa,brdowl,belkin1,bewwre,bnhcow,bkhgro,brebla,brncre,batpig1,bushti,cangoo,chbchi,cedwax,chispa,coohaw,comrav,amecro,dowwoo,eucdov,eursta,evegro,norfli,foxspa,gockin,haiwoo,houfin,houspa,houwre,hutvir,macwar,moudov,norhar1,orcwar,olsfly,osprey,pacwre1,pinsis,pilwoo,pasfly,purfin,purmar,rebnut,rebsap,redcro,rocpig,rethaw,rufhum,rewbla,savspa,sora,sonspa,spotow,stejay,swathr,towwar,treswa,daejun,yerwar,varthr,vigswa,warvir,whcspa,westan,wilsni1,wlswar,wooduc,yelwar",1,619767800,3.9500000000000455
cbc,0.5,72,37128,"amegfi,amekes,amerob,annhum,baleag,barswa,brdowl,belkin1,bewwre,bnhcow,bkhgro,brebla,brncre,batpig1,bushti,cangoo,chbchi,cedwax,chispa,coohaw,comrav,amecro,dowwoo,eucdov,eursta,evegro,norfli,foxspa,gockin,haiwoo,houfin,houspa,houwre,hutvir,macwar,moudov,norhar1,orcwar,olsfly,osprey,pacwre1,pinsis,pilwoo,pasfly,purfin,purmar,rebnut,rebsap,redcro,rocpig,rethaw,rufhum,rewbla,savspa,sora,sonspa,spotow,stejay,swathr,towwar,treswa,daejun,yerwar,varthr,vigswa,warvir,whcspa,westan,wilsni1,wlswar,wooduc,yelwar",1,1227617554,4.258000000000038
cbc,0.6,72,37128,"amegfi,amekes,amerob,annhum,baleag,barswa,brdowl,belkin1,bewwre,bnhcow,bkhgro,brebla,brncre,batpig1,bushti,cangoo,chbchi,cedwax,chispa,coohaw,comrav,amecro,dowwoo,eucdov,eursta,evegro,norfli,foxspa,gockin,haiwoo,houfin,houspa,houwre,hutvir,macwar,moudov,norhar1,orcwar,olsfly,osprey,pacwre1,pinsis,pilwoo,pasfly,purfin,purmar,rebnut,rebsap,redcro,rocpig,rethaw,rufhum,rewbla,savspa,sora,sonspa,spotow,stejay,swathr,towwar,treswa,daejun,yerwar,varthr,vigswa,warvir,whcspa,westan,wilsni1,wlswar,wooduc,yelwar",1,2510125593,4.242000000000189
cbc,0.7000000000000001,72,37128,"amegfi,amekes,amerob,annhum,baleag,barswa,brdowl,belkin1,bewwre,bnhcow,bkhgro,brebla,brncre,batpig1,bushti,cangoo,chbchi,cedwax,chispa,coohaw,comrav,amecro,dowwoo,eucdov,eursta,evegro,norfli,foxspa,gockin,haiwoo,houfin,houspa,houwre,hutvir,macwar,moudov,norhar1,orcwar,olsfly,osprey,pacwre1,pinsis,pilwoo,pasfly,purfin,purmar,rebnut,rebsap,redcro,rocpig,rethaw,rufhum,rewbla,savspa,sora,sonspa,spotow,stejay,swathr,towwar,treswa,daejun,yerwar,varthr,vigswa,warvir,whcspa,westan,wilsni1,wlswar,wooduc,yelwar",1,4663161535,4.203999999999951
cbc,0.8,72,37128,"amegfi,amekes,amerob,annhum,baleag,barswa,brdowl,belkin1,bewwre,bnhcow,bkhgro,brebla,brncre,batpig1,bushti,cangoo,chbchi,cedwax,chispa,coohaw,comrav,amecro,dowwoo,eucdov,eursta,evegro,norfli,foxspa,gockin,haiwoo,houfin,houspa,houwre,hutvir,macwar,moudov,norhar1,orcwar,olsfly,osprey,pacwre1,pinsis,pilwoo,pasfly,purfin,purmar,rebnut,rebsap,redcro,rocpig,rethaw,rufhum,rewbla,savspa,sora,sonspa,spotow,stejay,swathr,towwar,treswa,daejun,yerwar,varthr,vigswa,warvir,whcspa,westan,wilsni1,wlswar,wooduc,yelwar",1,7403089089,4.247000000000071
cbc,0.9,72,37128,"amegfi,amekes,amerob,annhum,baleag,barswa,brdowl,belkin1,bewwre,bnhcow,bkhgro,brebla,brncre,batpig1,bushti,cangoo,chbchi,cedwax,chispa,coohaw,comrav,amecro,dowwoo,eucdov,eursta,evegro,norfli,foxspa,gockin,haiwoo,houfin,houspa,houwre,hutvir,macwar,moudov,norhar1,orcwar,olsfly,osprey,pacwre1,pinsis,pilwoo,pasfly,purfin,purmar,rebnut,rebsap,redcro,rocpig,rethaw,rufhum,rewbla,savspa,sora,sonspa,spotow,stejay,swathr,towwar,treswa,daejun,yerwar,varthr,vigswa,warvir,whcspa,westan,wilsni1,wlswar,wooduc,yelwar",1,11983128877,4.191000000000031
cbc,0.1,10,148510,"annhum,bkhgro,comrav,olsfly,osprey,purfin,rebsap,sora,treswa,wlswar",1,109832495,2.7639999999998963
cbc,0.2,10,148510,"bewwre,batpig1,chbchi,foxspa,gockin,houwre,rufhum,stejay,swathr,yerwar",1,186932124,2.894999999999982
cbc,0.30000000000000004,10,148510,"amerob,bewwre,brncre,chbchi,norfli,houwre,olsfly,sora,spotow,yerwar",1,388853533,3.086999999999989
cbc,0.4,10,148510,"comrav,amecro,eucdov,haiwoo,norhar1,rewbla,sonspa,swathr,daejun,yelwar",1,1314689024,3.150000000000091
cbc,0.5,10,148510,"belkin1,eursta,evegro,moudov,pasfly,redcro,savspa,warvir,whcspa,wilsni1",1,2143888615,3.1979999999998654
cbc,0.6,10,148510,"amegfi,belkin1,bnhcow,batpig1,bushti,dowwoo,hutvir,macwar,purfin,yelwar",1,6702515870,2.8610000000001037
cbc,0.7000000000000001,10,148510,"belkin1,batpig1,coohaw,eucdov,norfli,haiwoo,rocpig,rufhum,savspa,sonspa",1,13969031353,3.063999999999851
cbc,0.8,10,148510,"amerob,baleag,brncre,eursta,houwre,macwar,osprey,rebnut,daejun,wilsni1",1,17828701789,3.129000000000133
cbc,0.9,10,148510,"barswa,bkhgro,bushti,amecro,dowwoo,macwar,osprey,redcro,swathr,yelwar",1,43484554180,2.9479999999998654
cbc,0.1,26,148510,"brdowl,belkin1,bewwre,bkhgro,brncre,cedwax,amecro,eucdov,eursta,gockin,houspa,houwre,hutvir,moudov,norhar1,pacwre1,pasfly,rufhum,sora,sonspa,stejay,swathr,daejun,warvir,wilsni1,wlswar",1,93047673,6.9909999999999854
cbc,0.2,26,148510,"amegfi,amekes,annhum,baleag,barswa,chbchi,coohaw,comrav,amecro,eursta,evegro,foxspa,haiwoo,osprey,pacwre1,pasfly,purfin,rebnut,redcro,rufhum,sonspa,spotow,treswa,yerwar,varthr,wilsni1",1,414692919,6.807000000000016
cbc,0.30000000000000004,26,148510,"amegfi,amekes,brdowl,bewwre,brebla,brncre,bushti,chbchi,coohaw,amecro,foxspa,houfin,orcwar,osprey,pacwre1,pilwoo,purfin,purmar,rocpig,rewbla,savspa,sora,spotow,swathr,treswa,vigswa",1,756605892,6.673999999999978
cbc,0.4,26,148510,"amegfi,amekes,baleag,barswa,belkin1,bnhcow,brncre,batpig1,bushti,chbchi,chispa,comrav,eucdov,hutvir,orcwar,olsfly,purmar,rocpig,rethaw,savspa,sonspa,spotow,stejay,towwar,yerwar,vigswa",1,1627522721,7.530999999999949
cbc,0.5,26,148510,"amekes,baleag,belkin1,bkhgro,amecro,dowwoo,eucdov,norfli,houwre,hutvir,osprey,purfin,rebnut,rebsap,redcro,rewbla,sonspa,spotow,swathr,towwar,treswa,yerwar,warvir,whcspa,wilsni1,wooduc",1,2574404845,7.51299999999992
cbc,0.6,26,148510,"amekes,amerob,bewwre,bkhgro,bushti,cangoo,cedwax,comrav,amecro,dowwoo,eursta,gockin,hutvir,macwar,olsfly,osprey,pacwre1,pasfly,purmar,rethaw,rewbla,stejay,treswa,daejun,warvir,wlswar",1,6881033512,6.676000000000158
cbc,0.7000000000000001,26,148510,"amekes,barswa,brdowl,belkin1,bewwre,bkhgro,brncre,chbchi,amecro,haiwoo,hutvir,orcwar,osprey,pasfly,purfin,rebsap,redcro,rethaw,rewbla,sonspa,swathr,treswa,varthr,westan,wilsni1,wooduc",1,8964825618,7.393000000000029
cbc,0.8,26,148510,"amekes,annhum,baleag,bnhcow,brebla,chbchi,amecro,dowwoo,foxspa,houfin,houwre,macwar,moudov,norhar1,orcwar,olsfly,pasfly,purfin,rebnut,rocpig,rethaw,savspa,sora,towwar,varthr,wilsni1",1,27632605347,6.88799999999992
cbc,0.9,26,148510,"amekes,annhum,barswa,brdowl,belkin1,bewwre,bnhcow,brebla,bushti,chbchi,cedwax,chispa,dowwoo,evegro,houwre,orcwar,olsfly,purfin,rufhum,spotow,daejun,yerwar,varthr,whcspa,westan,wooduc",1,43459882726,7.148999999999887
cbc,0.1,41,148510,"amegfi,amekes,annhum,baleag,brdowl,bewwre,bkhgro,batpig1,cedwax,coohaw,dowwoo,eursta,evegro,norfli,foxspa,gockin,houspa,houwre,hutvir,norhar1,olsfly,osprey,pinsis,pilwoo,purfin,rebnut,rocpig,rethaw,rufhum,rewbla,savspa,sonspa,stejay,treswa,daejun,varthr,vigswa,warvir,whcspa,wilsni1,yelwar",1,115159068,10.608000000000175
cbc,0.2,41,148510,"amerob,annhum,baleag,barswa,brdowl,bewwre,bnhcow,bkhgro,brebla,brncre,bushti,chbchi,coohaw,eucdov,evegro,norfli,foxspa,haiwoo,houfin,houwre,hutvir,macwar,moudov,orcwar,olsfly,osprey,purfin,rebsap,redcro,rethaw,savspa,sonspa,spotow,swathr,towwar,treswa,varthr,vigswa,whcspa,westan,yelwar",1,415973452,11.355000000000018
cbc,0.30000000000000004,41,148510,"amegfi,amerob,annhum,barswa,brdowl,belkin1,bewwre,bnhcow,brebla,brncre,cangoo,chbchi,chispa,amecro,dowwoo,eucdov,eursta,evegro,houfin,houwre,macwar,moudov,norhar1,orcwar,olsfly,osprey,pinsis,pilwoo,purmar,rebnut,redcro,rethaw,sora,sonspa,daejun,yerwar,vigswa,warvir,whcspa,westan,yelwar",1,1019023191,10.454999999999927
cbc,0.4,41,148510,"annhum,bnhcow,brebla,brncre,chbchi,cedwax,chispa,coohaw,comrav,amecro,dowwoo,eucdov,eursta,evegro,norfli,foxspa,gockin,haiwoo,houfin,houspa,houwre,hutvir,orcwar,olsfly,osprey,pilwoo,pasfly,purmar,rocpig,rethaw,rewbla,sonspa,stejay,treswa,daejun,yerwar,warvir,whcspa,westan,wilsni1,wooduc",1,2431326480,10.453999999999951
cbc,0.5,41,148510,"amegfi,annhum,barswa,brdowl,bewwre,bnhcow,bkhgro,brebla,batpig1,cedwax,chispa,coohaw,comrav,dowwoo,eursta,evegro,norfli,gockin,haiwoo,houspa,hutvir,moudov,norhar1,orcwar,osprey,pacwre1,pasfly,rebsap,savspa,sonspa,spotow,stejay,swathr,towwar,daejun,varthr,whcspa,westan,wlswar,wooduc,yelwar",1,4908695630,10.586999999999989
cbc,0.6,41,148510,"amekes,annhum,barswa,brdowl,bewwre,bnhcow,bushti,cangoo,comrav,amecro,dowwoo,eucdov,eursta,evegro,foxspa,gockin,haiwoo,houwre,hutvir,osprey,pacwre1,pinsis,pilwoo,pasfly,purfin,purmar,rebnut,rebsap,rocpig,rethaw,rewbla,sora,sonspa,spotow,stejay,varthr,vigswa,warvir,whcspa,wilsni1,wlswar",1,8301591934,11.533999999999878
cbc,0.7000000000000001,41,148510,"amegfi,baleag,barswa,brdowl,belkin1,bnhcow,bkhgro,brncre,batpig1,bushti,chbchi,chispa,coohaw,comrav,amecro,norfli,gockin,haiwoo,houfin,houspa,macwar,moudov,norhar1,orcwar,olsfly,osprey,pinsis,purfin,rebsap,redcro,rewbla,savspa,spotow,swathr,towwar,yerwar,whcspa,westan,wilsni1,wooduc,yelwar",1,17976979500,11.91599999999994
cbc,0.8,41,148510,"amegfi,amekes,amerob,baleag,barswa,brdowl,belkin1,bewwre,bnhcow,bkhgro,brncre,bushti,cangoo,chbchi,dowwoo,eursta,evegro,gockin,houspa,houwre,hutvir,norhar1,olsfly,osprey,pasfly,rebnut,redcro,rocpig,rufhum,rewbla,savspa,sonspa,spotow,stejay,swathr,yerwar,vigswa,whcspa,westan,wlswar,wooduc",1,29880009165,11.360000000000127
cbc,0.9,41,148510,"amegfi,baleag,brdowl,belkin1,bnhcow,bkhgro,brncre,batpig1,bushti,cangoo,chbchi,chispa,coohaw,comrav,amecro,evegro,foxspa,houwre,macwar,moudov,norhar1,orcwar,olsfly,osprey,pacwre1,pinsis,pasfly,purfin,purmar,rethaw,rufhum,rewbla,sora,stejay,towwar,yerwar,warvir,westan,wlswar,wooduc,yelwar",1,42940564779,11.809999999999945
cbc,0.1,56,148510,"amegfi,amekes,amerob,barswa,brdowl,belkin1,bewwre,bnhcow,bkhgro,brebla,batpig1,bushti,cangoo,chbchi,cedwax,chispa,coohaw,eucdov,eursta,evegro,norfli,houfin,houspa,macwar,moudov,norhar1,orcwar,olsfly,osprey,pacwre1,pinsis,pasfly,purfin,rebnut,rebsap,rocpig,rethaw,rufhum,rewbla,savspa,sora,sonspa,spotow,stejay,swathr,towwar,treswa,daejun,yerwar,vigswa,warvir,whcspa,westan,wilsni1,wooduc,yelwar",1,94465208,15.407999999999902
cbc,0.2,56,148510,"amegfi,amekes,amerob,annhum,baleag,barswa,brdowl,bnhcow,bkhgro,brebla,brncre,batpig1,chbchi,chispa,comrav,amecro,eucdov,eursta,evegro,norfli,gockin,haiwoo,houspa,houwre,hutvir,moudov,norhar1,olsfly,pacwre1,pinsis,pilwoo,pasfly,purfin,purmar,rebnut,rebsap,redcro,rocpig,rethaw,rufhum,savspa,sora,sonspa,spotow,stejay,swathr,towwar,treswa,daejun,vigswa,warvir,whcspa,westan,wilsni1,wlswar,wooduc",1,435859475,14.902999999999793
cbc,0.30000000000000004,56,148510,"amegfi,amekes,amerob,annhum,baleag,brdowl,belkin1,bkhgro,brebla,brncre,batpig1,bushti,cangoo,chbchi,cedwax,coohaw,comrav,amecro,dowwoo,eucdov,eursta,evegro,norfli,houfin,houwre,hutvir,macwar,norhar1,orcwar,olsfly,osprey,pacwre1,pinsis,pilwoo,purfin,purmar,rebnut,rebsap,redcro,rocpig,rufhum,rewbla,savspa,sora,sonspa,stejay,swathr,daejun,varthr,vigswa,warvir,whcspa,wilsni1,wlswar,wooduc,yelwar",1,1049564893,15.775000000000091
cbc,0.4,56,148510,"amerob,barswa,bewwre,bnhcow,bkhgro,brebla,batpig1,bushti,cangoo,chbchi,cedwax,chispa,coohaw,comrav,amecro,dowwoo,eucdov,eursta,norfli,foxspa,haiwoo,houspa,houwre,hutvir,macwar,moudov,norhar1,orcwar,olsfly,pacwre1,pinsis,pilwoo,pasfly,purfin,purmar,rebnut,rebsap,rocpig,rethaw,rufhum,savspa,sora,sonspa,spotow,stejay,swathr,towwar,treswa,varthr,vigswa,whcspa,westan,wilsni1,wlswar,wooduc,yelwar",1,2224374757,15.61700000000019
cbc,0.5,56,148510,"amerob,annhum,barswa,brdowl,belkin1,bewwre,bnhcow,bkhgro,brebla,brncre,batpig1,bushti,cangoo,chbchi,coohaw,comrav,amecro,dowwoo,eucdov,eursta,evegro,haiwoo,houfin,houspa,houwre,hutvir,macwar,moudov,norhar1,orcwar,osprey,pacwre1,pinsis,pilwoo,purfin,rebnut,rebsap,redcro,rocpig,rufhum,rewbla,savspa,sora,sonspa,spotow,stejay,swathr,towwar,daejun,varthr,whcspa,westan,wilsni1,wlswar,wooduc,yelwar",1,4914987561,16.05500000000029
cbc,0.6,56,148510,"amegfi,amekes,amerob,annhum,baleag,barswa,brdowl,belkin1,bewwre,bkhgro,brebla,brncre,bushti,cangoo,cedwax,chispa,coohaw,comrav,amecro,dowwoo,eucdov,eursta,norfli,gockin,haiwoo,houfin,houwre,hutvir,macwar,moudov,norhar1,orcwar,olsfly,osprey,pacwre1,pilwoo,pasfly,rebnut,rebsap,rocpig,rethaw,rufhum,savspa,sora,sonspa,spotow,stejay,towwar,treswa,daejun,yerwar,warvir,wilsni1,wlswar,wooduc,yelwar",1,8143926757,16.292999999999665
cbc,0.7000000000000001,56,148510,"amegfi,amekes,amerob,baleag,barswa,brdowl,bewwre,bnhcow,brebla,batpig1,cangoo,cedwax,chispa,coohaw,comrav,amecro,dowwoo,eucdov,eursta,evegro,norfli,foxspa,gockin,haiwoo,houfin,houspa,houwre,hutvir,moudov,norhar1,orcwar,olsfly,osprey,pinsis,purmar,rebnut,rebsap,redcro,rufhum,rewbla,savspa,sora,sonspa,spotow,stejay,swathr,towwar,treswa,daejun,yerwar,varthr,vigswa,warvir,whcspa,wlswar,yelwar",1,18039516426,16.016000000000076
cbc,0.8,56,148510,"amegfi,amekes,amerob,annhum,baleag,brdowl,bewwre,bnhcow,bkhgro,brebla,chbchi,cedwax,chispa,coohaw,comrav,amecro,dowwoo,eucdov,eursta,evegro,norfli,foxspa,gockin,haiwoo,houfin,houwre,macwar,moudov,olsfly,osprey,pacwre1,pinsis,pilwoo,pasfly,purfin,purmar,rebsap,redcro,rocpig,rethaw,rewbla,sora,sonspa,spotow,stejay,swathr,towwar,treswa,daejun,varthr,warvir,whcspa,wilsni1,wlswar,wooduc,yelwar",1,27363484981,16.136999999999716
cbc,0.9,56,148510,"amegfi,amekes,amerob,annhum,baleag,barswa,belkin1,bewwre,bnhcow,brncre,batpig1,bushti,cangoo,cedwax,chispa,coohaw,comrav,amecro,eucdov,eursta,evegro,norfli,foxspa,gockin,haiwoo,houfin,houspa,houwre,hutvir,osprey,pacwre1,pinsis,pasfly,purmar,rebnut,rebsap,redcro,rocpig,rewbla,savspa,sora,sonspa,spotow,stejay,swathr,towwar,daejun,yerwar,varthr,warvir,whcspa,westan,wilsni1,wlswar,wooduc,yelwar",1,48151207109,15.686999999999898
cbc,0.1,72,148510,"amegfi,amekes,amerob,annhum,baleag,barswa,brdowl,belkin1,bewwre,bnhcow,bkhgro,brebla,brncre,batpig1,bushti,cangoo,chbchi,cedwax,chispa,coohaw,comrav,amecro,dowwoo,eucdov,eursta,evegro,norfli,foxspa,gockin,haiwoo,houfin,houspa,houwre,hutvir,macwar,moudov,norhar1,orcwar,olsfly,osprey,pacwre1,pinsis,pilwoo,pasfly,purfin,purmar,rebnut,rebsap,redcro,rocpig,rethaw,rufhum,rewbla,savspa,sora,sonspa,spotow,stejay,swathr,towwar,treswa,daejun,yerwar,varthr,vigswa,warvir,whcspa,westan,wilsni1,wlswar,wooduc,yelwar",1,113323162,20.41000000000031
cbc,0.2,72,148510,"amegfi,amekes,amerob,annhum,baleag,barswa,brdowl,belkin1,bewwre,bnhcow,bkhgro,brebla,brncre,batpig1,bushti,cangoo,chbchi,cedwax,chispa,coohaw,comrav,amecro,dowwoo,eucdov,eursta,evegro,norfli,foxspa,gockin,haiwoo,houfin,houspa,houwre,hutvir,macwar,moudov,norhar1,orcwar,olsfly,osprey,pacwre1,pinsis,pilwoo,pasfly,purfin,purmar,rebnut,rebsap,redcro,rocpig,rethaw,rufhum,rewbla,savspa,sora,sonspa,spotow,stejay,swathr,towwar,treswa,daejun,yerwar,varthr,vigswa,warvir,whcspa,westan,wilsni1,wlswar,wooduc,yelwar",1,436439677,20.822999999999865
cbc,0.30000000000000004,72,148510,"amegfi,amekes,amerob,annhum,baleag,barswa,brdowl,belkin1,bewwre,bnhcow,bkhgro,brebla,brncre,batpig1,bushti,cangoo,chbchi,cedwax,chispa,coohaw,comrav,amecro,dowwoo,eucdov,eursta,evegro,norfli,foxspa,gockin,haiwoo,houfin,houspa,houwre,hutvir,macwar,moudov,norhar1,orcwar,olsfly,osprey,pacwre1,pinsis,pilwoo,pasfly,purfin,purmar,rebnut,rebsap,redcro,rocpig,rethaw,rufhum,rewbla,savspa,sora,sonspa,spotow,stejay,swathr,towwar,treswa,daejun,yerwar,varthr,vigswa,warvir,whcspa,westan,wilsni1,wlswar,wooduc,yelwar",1,1107433735,23.76800000000003
cbc,0.4,72,148510,"amegfi,amekes,amerob,annhum,baleag,barswa,brdowl,belkin1,bewwre,bnhcow,bkhgro,brebla,brncre,batpig1,bushti,cangoo,chbchi,cedwax,chispa,coohaw,comrav,amecro,dowwoo,eucdov,eursta,evegro,norfli,foxspa,gockin,haiwoo,houfin,houspa,houwre,hutvir,macwar,moudov,norhar1,orcwar,olsfly,osprey,pacwre1,pinsis,pilwoo,pasfly,purfin,purmar,rebnut,rebsap,redcro,rocpig,rethaw,rufhum,rewbla,savspa,sora,sonspa,spotow,stejay,swathr,towwar,treswa,daejun,yerwar,varthr,vigswa,warvir,whcspa,westan,wilsni1,wlswar,wooduc,yelwar",1,2397101466,21.514000000000124
cbc,0.5,72,148510,"amegfi,amekes,amerob,annhum,baleag,barswa,brdowl,belkin1,bewwre,bnhcow,bkhgro,brebla,brncre,batpig1,bushti,cangoo,chbchi,cedwax,chispa,coohaw,comrav,amecro,dowwoo,eucdov,eursta,evegro,norfli,foxspa,gockin,haiwoo,houfin,houspa,houwre,hutvir,macwar,moudov,norhar1,orcwar,olsfly,osprey,pacwre1,pinsis,pilwoo,pasfly,purfin,purmar,rebnut,rebsap,redcro,rocpig,rethaw,rufhum,rewbla,savspa,sora,sonspa,spotow,stejay,swathr,towwar,treswa,daejun,yerwar,varthr,vigswa,warvir,whcspa,westan,wilsni1,wlswar,wooduc,yelwar",1,4978571038,21.35400000000027
cbc,0.6,72,148510,"amegfi,amekes,amerob,annhum,baleag,barswa,brdowl,belkin1,bewwre,bnhcow,bkhgro,brebla,brncre,batpig1,bushti,cangoo,chbchi,cedwax,chispa,coohaw,comrav,amecro,dowwoo,eucdov,eursta,evegro,norfli,foxspa,gockin,haiwoo,houfin,houspa,houwre,hutvir,macwar,moudov,norhar1,orcwar,olsfly,osprey,pacwre1,pinsis,pilwoo,pasfly,purfin,purmar,rebnut,rebsap,redcro,rocpig,rethaw,rufhum,rewbla,savspa,sora,sonspa,spotow,stejay,swathr,towwar,treswa,daejun,yerwar,varthr,vigswa,warvir,whcspa,westan,wilsni1,wlswar,wooduc,yelwar",1,9726879256,22.46199999999999
cbc,0.7000000000000001,72,148510,"amegfi,amekes,amerob,annhum,baleag,barswa,brdowl,belkin1,bewwre,bnhcow,bkhgro,brebla,brncre,batpig1,bushti,cangoo,chbchi,cedwax,chispa,coohaw,comrav,amecro,dowwoo,eucdov,eursta,evegro,norfli,foxspa,gockin,haiwoo,houfin,houspa,houwre,hutvir,macwar,moudov,norhar1,orcwar,olsfly,osprey,pacwre1,pinsis,pilwoo,pasfly,purfin,purmar,rebnut,rebsap,redcro,rocpig,rethaw,rufhum,rewbla,savspa,sora,sonspa,spotow,stejay,swathr,towwar,treswa,daejun,yerwar,varthr,vigswa,warvir,whcspa,westan,wilsni1,wlswar,wooduc,yelwar",1,18296470831,22.129999999999654
cbc,0.8,72,148510,"amegfi,amekes,amerob,annhum,baleag,barswa,brdowl,belkin1,bewwre,bnhcow,bkhgro,brebla,brncre,batpig1,bushti,cangoo,chbchi,cedwax,chispa,coohaw,comrav,amecro,dowwoo,eucdov,eursta,evegro,norfli,foxspa,gockin,haiwoo,houfin,houspa,houwre,hutvir,macwar,moudov,norhar1,orcwar,olsfly,osprey,pacwre1,pinsis,pilwoo,pasfly,purfin,purmar,rebnut,rebsap,redcro,rocpig,rethaw,rufhum,rewbla,savspa,sora,sonspa,spotow,stejay,swathr,towwar,treswa,daejun,yerwar,varthr,vigswa,warvir,whcspa,westan,wilsni1,wlswar,wooduc,yelwar",1,30389564745,24.651000000000295
cbc,0.9,72,148510,"amegfi,amekes,amerob,annhum,baleag,barswa,brdowl,belkin1,bewwre,bnhcow,bkhgro,brebla,brncre,batpig1,bushti,cangoo,chbchi,cedwax,chispa,coohaw,comrav,amecro,dowwoo,eucdov,eursta,evegro,norfli,foxspa,gockin,haiwoo,houfin,houspa,houwre,hutvir,macwar,moudov,norhar1,orcwar,olsfly,osprey,pacwre1,pinsis,pilwoo,pasfly,purfin,purmar,rebnut,rebsap,redcro,rocpig,rethaw,rufhum,rewbla,savspa,sora,sonspa,spotow,stejay,swathr,towwar,treswa,daejun,yerwar,varthr,vigswa,warvir,whcspa,westan,wilsni1,wlswar,wooduc,yelwar",1,48103664169,21.908000000000357
